{"type": "FeatureCollection", "features": [{"type": "Feature", "geometry": {"type": "Point", "coordinates": [77.45, 12.83]}, "properties": {"point_id": 0, "row": 0, "col": 0, "demand_2027": 272.4388305918222}}, {"type": "Feature", "geometry": {"type": "Point", "coordinates": [77.4552380952381, 12.83]}, "properties": {"point_id": 1, "row": 0, "col": 1, "demand_2027": 216.7277112582909}}, {"type": "Feature", "geometry": {"type": "Point", "coordinates": [77.4604761904762, 12.83]}, "properties": {"point_id": 2, "row": 0, "col": 2, "demand_2027": 287.8903021512813}}, {"type": "Feature", "geometry": {"type": "Point", "coordinates": [77.46571428571428, 12.83]}, "properties": {"point_id": 3, "row": 0, "col": 3, "demand_2027": 309.15178445436266}}, {"type": "Feature", "geometry": {"type": "Point", "coordinates": [77.47095238095238, 12.83]}, "properties": {"point_id": 4, "row": 0, "col": 4, "demand_2027": 175.70755909116988}}, {"type": "Feature", "geometry": {"type": "Point", "coordinates": [77.47619047619048, 12.83]}, "properties": {"point_id": 5, "row": 0, "col": 5, "demand_2027": 198.3212859229737}}, {"type": "Feature", "geometry": {"type": "Point", "coordinates": [77.48142857142858, 12.83]}, "properties": {"point_id": 6, "row": 0, "col": 6, "demand_2027": 245.2724334201612}}, {"type": "Feature", "geometry": {"type": "Point", "coordinates": [77.48666666666666, 12.83]}, "properties": {"point_id": 7, "row": 0, "col": 7, "demand_2027": 266.4839606165922}}, {"type": "Feature", "geometry": {"type": "Point", "coordinates": [77.49190476190476, 12.83]}, "properties": {"point_id": 8, "row": 0, "col": 8, "demand_2027": 259.3623204711903}}, {"type": "Feature", "geometry": {"type": "Point", "coordinates": [77.49714285714286, 12.83]}, "properties": {"point_id": 9, "row": 0, "col": 9, "demand_2027": 230.4942526980661}}, {"type": "Feature", "geometry": {"type": "Point", "coordinates": [77.50238095238096, 12.83]}, "properties": {"point_id": 10, "row": 0, "col": 10, "demand_2027": 300.9990114186845}}, {"type": "Feature", "geometry": {"type": "Point", "coordinates": [77.50761904761904, 12.83]}, "properties": {"point_id": 11, "row": 0, "col": 11, "demand_2027": 299.4260633763336}}, {"type": "Feature", "geometry": {"type": "Point", "coordinates": [77.51285714285714, 12.83]}, "properties": {"point_id": 12, "row": 0, "col": 12, "demand_2027": 277.84738292551054}}, {"type": "Feature", "geometry": {"type": "Point", "coordinates": [77.51809523809524, 12.83]}, "properties": {"point_id": 13, "row": 0, "col": 13, "demand_2027": 308.49626828561026}}, {"type": "Feature", "geometry": {"type": "Point", "coordinates": [77.52333333333334, 12.83]}, "properties": {"point_id": 14, "row": 0, "col": 14, "demand_2027": 306.9076654731734}}, {"type": "Feature", "geometry": {"type": "Point", "coordinates": [77.52857142857142, 12.83]}, "properties": {"point_id": 15, "row": 0, "col": 15, "demand_2027": 222.00694478958016}}, {"type": "Feature", "geometry": {"type": "Point", "coordinates": [77.53380952380952, 12.83]}, "properties": {"point_id": 16, "row": 0, "col": 16, "demand_2027": 293.332244217539}}, {"type": "Feature", "geometry": {"type": "Point", "coordinates": [77.53904761904762, 12.83]}, "properties": {"point_id": 17, "row": 0, "col": 17, "demand_2027": 249.93886429909526}}, {"type": "Feature", "geometry": {"type": "Point", "coordinates": [77.54428571428572, 12.83]}, "properties": {"point_id": 18, "row": 0, "col": 18, "demand_2027": 322.8968489659856}}, {"type": "Feature", "geometry": {"type": "Point", "coordinates": [77.5495238095238, 12.83]}, "properties": {"point_id": 19, "row": 0, "col": 19, "demand_2027": 301.1065997455033}}, {"type": "Feature", "geometry": {"type": "Point", "coordinates": [77.5547619047619, 12.83]}, "properties": {"point_id": 20, "row": 0, "col": 20, "demand_2027": 310.3431490624586}}, {"type": "Feature", "geometry": {"type": "Point", "coordinates": [77.56, 12.83]}, "properties": {"point_id": 21, "row": 0, "col": 21, "demand_2027": 304.17980583964646}}, {"type": "Feature", "geometry": {"type": "Point", "coordinates": [77.5652380952381, 12.83]}, "properties": {"point_id": 22, "row": 0, "col": 22, "demand_2027": 452.2190319078348}}, {"type": "Feature", "geometry": {"type": "Point", "coordinates": [77.5704761904762, 12.83]}, "properties": {"point_id": 23, "row": 0, "col": 23, "demand_2027": 374.9150365437815}}, {"type": "Feature", "geometry": {"type": "Point", "coordinates": [77.57571428571428, 12.83]}, "properties": {"point_id": 24, "row": 0, "col": 24, "demand_2027": 395.56792121416396}}, {"type": "Feature", "geometry": {"type": "Point", "coordinates": [77.58095238095238, 12.83]}, "properties": {"point_id": 25, "row": 0, "col": 25, "demand_2027": 447.57786636013964}}, {"type": "Feature", "geometry": {"type": "Point", "coordinates": [77.58619047619048, 12.83]}, "properties": {"point_id": 26, "row": 0, "col": 26, "demand_2027": 553.132115708463}}, {"type": "Feature", "geometry": {"type": "Point", "coordinates": [77.59142857142858, 12.83]}, "properties": {"point_id": 27, "row": 0, "col": 27, "demand_2027": 627.0113284256988}}, {"type": "Feature", "geometry": {"type": "Point", "coordinates": [77.59666666666666, 12.83]}, "properties": {"point_id": 28, "row": 0, "col": 28, "demand_2027": 669.2273265698235}}, {"type": "Feature", "geometry": {"type": "Point", "coordinates": [77.60190476190476, 12.83]}, "properties": {"point_id": 29, "row": 0, "col": 29, "demand_2027": 731.7361436164374}}, {"type": "Feature", "geometry": {"type": "Point", "coordinates": [77.60714285714286, 12.83]}, "properties": {"point_id": 30, "row": 0, "col": 30, "demand_2027": 1019.404440535909}}, {"type": "Feature", "geometry": {"type": "Point", "coordinates": [77.61238095238096, 12.83]}, "properties": {"point_id": 31, "row": 0, "col": 31, "demand_2027": 751.0669635977788}}, {"type": "Feature", "geometry": {"type": "Point", "coordinates": [77.61761904761904, 12.83]}, "properties": {"point_id": 32, "row": 0, "col": 32, "demand_2027": 800.4863152019637}}, {"type": "Feature", "geometry": {"type": "Point", "coordinates": [77.62285714285714, 12.83]}, "properties": {"point_id": 33, "row": 0, "col": 33, "demand_2027": 802.7331129028236}}, {"type": "Feature", "geometry": {"type": "Point", "coordinates": [77.62809523809524, 12.83]}, "properties": {"point_id": 34, "row": 0, "col": 34, "demand_2027": 1032.9914625161207}}, {"type": "Feature", "geometry": {"type": "Point", "coordinates": [77.63333333333334, 12.83]}, "properties": {"point_id": 35, "row": 0, "col": 35, "demand_2027": 1259.4634264634353}}, {"type": "Feature", "geometry": {"type": "Point", "coordinates": [77.63857142857142, 12.83]}, "properties": {"point_id": 36, "row": 0, "col": 36, "demand_2027": 1019.4492780055701}}, {"type": "Feature", "geometry": {"type": "Point", "coordinates": [77.64380952380952, 12.83]}, "properties": {"point_id": 37, "row": 0, "col": 37, "demand_2027": 989.8461867250036}}, {"type": "Feature", "geometry": {"type": "Point", "coordinates": [77.64904761904762, 12.83]}, "properties": {"point_id": 38, "row": 0, "col": 38, "demand_2027": 984.6717766074272}}, {"type": "Feature", "geometry": {"type": "Point", "coordinates": [77.65428571428572, 12.83]}, "properties": {"point_id": 39, "row": 0, "col": 39, "demand_2027": 1242.8925444349932}}, {"type": "Feature", "geometry": {"type": "Point", "coordinates": [77.6595238095238, 12.83]}, "properties": {"point_id": 40, "row": 0, "col": 40, "demand_2027": 1331.3979396659674}}, {"type": "Feature", "geometry": {"type": "Point", "coordinates": [77.6647619047619, 12.83]}, "properties": {"point_id": 41, "row": 0, "col": 41, "demand_2027": 1285.1628484536868}}, {"type": "Feature", "geometry": {"type": "Point", "coordinates": [77.67, 12.83]}, "properties": {"point_id": 42, "row": 0, "col": 42, "demand_2027": 1019.5080734505063}}, {"type": "Feature", "geometry": {"type": "Point", "coordinates": [77.6752380952381, 12.83]}, "properties": {"point_id": 43, "row": 0, "col": 43, "demand_2027": 1122.3626307335073}}, {"type": "Feature", "geometry": {"type": "Point", "coordinates": [77.6804761904762, 12.83]}, "properties": {"point_id": 44, "row": 0, "col": 44, "demand_2027": 1166.411075178229}}, {"type": "Feature", "geometry": {"type": "Point", "coordinates": [77.68571428571428, 12.83]}, "properties": {"point_id": 45, "row": 0, "col": 45, "demand_2027": 1040.2317687629868}}, {"type": "Feature", "geometry": {"type": "Point", "coordinates": [77.69095238095238, 12.83]}, "properties": {"point_id": 46, "row": 0, "col": 46, "demand_2027": 1086.6100585345946}}, {"type": "Feature", "geometry": {"type": "Point", "coordinates": [77.69619047619048, 12.83]}, "properties": {"point_id": 47, "row": 0, "col": 47, "demand_2027": 963.9562318721643}}, {"type": "Feature", "geometry": {"type": "Point", "coordinates": [77.70142857142858, 12.83]}, "properties": {"point_id": 48, "row": 0, "col": 48, "demand_2027": 889.1594571231063}}, {"type": "Feature", "geometry": {"type": "Point", "coordinates": [77.70666666666666, 12.83]}, "properties": {"point_id": 49, "row": 0, "col": 49, "demand_2027": 818.4075784528261}}, {"type": "Feature", "geometry": {"type": "Point", "coordinates": [77.71190476190476, 12.83]}, "properties": {"point_id": 50, "row": 0, "col": 50, "demand_2027": 779.9604260811597}}, {"type": "Feature", "geometry": {"type": "Point", "coordinates": [77.71714285714286, 12.83]}, "properties": {"point_id": 51, "row": 0, "col": 51, "demand_2027": 756.7082666062176}}, {"type": "Feature", "geometry": {"type": "Point", "coordinates": [77.72238095238096, 12.83]}, "properties": {"point_id": 52, "row": 0, "col": 52, "demand_2027": 479.1249242655075}}, {"type": "Feature", "geometry": {"type": "Point", "coordinates": [77.72761904761904, 12.83]}, "properties": {"point_id": 53, "row": 0, "col": 53, "demand_2027": 525.5759296971855}}, {"type": "Feature", "geometry": {"type": "Point", "coordinates": [77.73285714285714, 12.83]}, "properties": {"point_id": 54, "row": 0, "col": 54, "demand_2027": 477.9427030608848}}, {"type": "Feature", "geometry": {"type": "Point", "coordinates": [77.73809523809524, 12.83]}, "properties": {"point_id": 55, "row": 0, "col": 55, "demand_2027": 432.77316966261236}}, {"type": "Feature", "geometry": {"type": "Point", "coordinates": [77.74333333333334, 12.83]}, "properties": {"point_id": 56, "row": 0, "col": 56, "demand_2027": 420.6140751595205}}, {"type": "Feature", "geometry": {"type": "Point", "coordinates": [77.74857142857142, 12.83]}, "properties": {"point_id": 57, "row": 0, "col": 57, "demand_2027": 477.8311779610441}}, {"type": "Feature", "geometry": {"type": "Point", "coordinates": [77.75380952380952, 12.83]}, "properties": {"point_id": 58, "row": 0, "col": 58, "demand_2027": 305.3314704612749}}, {"type": "Feature", "geometry": {"type": "Point", "coordinates": [77.75904761904762, 12.83]}, "properties": {"point_id": 59, "row": 0, "col": 59, "demand_2027": 378.54894588495813}}, {"type": "Feature", "geometry": {"type": "Point", "coordinates": [77.76428571428572, 12.83]}, "properties": {"point_id": 60, "row": 0, "col": 60, "demand_2027": 237.82956905776913}}, {"type": "Feature", "geometry": {"type": "Point", "coordinates": [77.7695238095238, 12.83]}, "properties": {"point_id": 61, "row": 0, "col": 61, "demand_2027": 280.84937919130977}}, {"type": "Feature", "geometry": {"type": "Point", "coordinates": [77.7747619047619, 12.83]}, "properties": {"point_id": 62, "row": 0, "col": 62, "demand_2027": 294.7023514267664}}, {"type": "Feature", "geometry": {"type": "Point", "coordinates": [77.78, 12.83]}, "properties": {"point_id": 63, "row": 0, "col": 63, "demand_2027": 292.33557322101626}}, {"type": "Feature", "geometry": {"type": "Point", "coordinates": [77.45, 12.834920634920636]}, "properties": {"point_id": 64, "row": 1, "col": 0, "demand_2027": 297.8477065312967}}, {"type": "Feature", "geometry": {"type": "Point", "coordinates": [77.4552380952381, 12.834920634920636]}, "properties": {"point_id": 65, "row": 1, "col": 1, "demand_2027": 297.05156136424296}}, {"type": "Feature", "geometry": {"type": "Point", "coordinates": [77.4604761904762, 12.834920634920636]}, "properties": {"point_id": 66, "row": 1, "col": 2, "demand_2027": 248.19034405003634}}, {"type": "Feature", "geometry": {"type": "Point", "coordinates": [77.46571428571428, 12.834920634920636]}, "properties": {"point_id": 67, "row": 1, "col": 3, "demand_2027": 238.932978626565}}, {"type": "Feature", "geometry": {"type": "Point", "coordinates": [77.47095238095238, 12.834920634920636]}, "properties": {"point_id": 68, "row": 1, "col": 4, "demand_2027": 325.7953253690548}}, {"type": "Feature", "geometry": {"type": "Point", "coordinates": [77.47619047619048, 12.834920634920636]}, "properties": {"point_id": 69, "row": 1, "col": 5, "demand_2027": 250.95571607945098}}, {"type": "Feature", "geometry": {"type": "Point", "coordinates": [77.48142857142858, 12.834920634920636]}, "properties": {"point_id": 70, "row": 1, "col": 6, "demand_2027": 207.06473837521116}}, {"type": "Feature", "geometry": {"type": "Point", "coordinates": [77.48666666666666, 12.834920634920636]}, "properties": {"point_id": 71, "row": 1, "col": 7, "demand_2027": 236.66653001423086}}, {"type": "Feature", "geometry": {"type": "Point", "coordinates": [77.49190476190476, 12.834920634920636]}, "properties": {"point_id": 72, "row": 1, "col": 8, "demand_2027": 231.52111495544904}}, {"type": "Feature", "geometry": {"type": "Point", "coordinates": [77.49714285714286, 12.834920634920636]}, "properties": {"point_id": 73, "row": 1, "col": 9, "demand_2027": 288.74405002849926}}, {"type": "Feature", "geometry": {"type": "Point", "coordinates": [77.50238095238096, 12.834920634920636]}, "properties": {"point_id": 74, "row": 1, "col": 10, "demand_2027": 268.99964044473666}}, {"type": "Feature", "geometry": {"type": "Point", "coordinates": [77.50761904761904, 12.834920634920636]}, "properties": {"point_id": 75, "row": 1, "col": 11, "demand_2027": 303.40021583343525}}, {"type": "Feature", "geometry": {"type": "Point", "coordinates": [77.51285714285714, 12.834920634920636]}, "properties": {"point_id": 76, "row": 1, "col": 12, "demand_2027": 261.0813209763176}}, {"type": "Feature", "geometry": {"type": "Point", "coordinates": [77.51809523809524, 12.834920634920636]}, "properties": {"point_id": 77, "row": 1, "col": 13, "demand_2027": 279.2524738175655}}, {"type": "Feature", "geometry": {"type": "Point", "coordinates": [77.52333333333334, 12.834920634920636]}, "properties": {"point_id": 78, "row": 1, "col": 14, "demand_2027": 284.76938814360085}}, {"type": "Feature", "geometry": {"type": "Point", "coordinates": [77.52857142857142, 12.834920634920636]}, "properties": {"point_id": 79, "row": 1, "col": 15, "demand_2027": 258.5989013130817}}, {"type": "Feature", "geometry": {"type": "Point", "coordinates": [77.53380952380952, 12.834920634920636]}, "properties": {"point_id": 80, "row": 1, "col": 16, "demand_2027": 310.7988172474176}}, {"type": "Feature", "geometry": {"type": "Point", "coordinates": [77.53904761904762, 12.834920634920636]}, "properties": {"point_id": 81, "row": 1, "col": 17, "demand_2027": 271.51102219909995}}, {"type": "Feature", "geometry": {"type": "Point", "coordinates": [77.54428571428572, 12.834920634920636]}, "properties": {"point_id": 82, "row": 1, "col": 18, "demand_2027": 284.42107875153715}}, {"type": "Feature", "geometry": {"type": "Point", "coordinates": [77.5495238095238, 12.834920634920636]}, "properties": {"point_id": 83, "row": 1, "col": 19, "demand_2027": 302.8819255832038}}, {"type": "Feature", "geometry": {"type": "Point", "coordinates": [77.5547619047619, 12.834920634920636]}, "properties": {"point_id": 84, "row": 1, "col": 20, "demand_2027": 275.4043028316442}}, {"type": "Feature", "geometry": {"type": "Point", "coordinates": [77.56, 12.834920634920636]}, "properties": {"point_id": 85, "row": 1, "col": 21, "demand_2027": 365.4931640086159}}, {"type": "Feature", "geometry": {"type": "Point", "coordinates": [77.5652380952381, 12.834920634920636]}, "properties": {"point_id": 86, "row": 1, "col": 22, "demand_2027": 350.9288153519428}}, {"type": "Feature", "geometry": {"type": "Point", "coordinates": [77.5704761904762, 12.834920634920636]}, "properties": {"point_id": 87, "row": 1, "col": 23, "demand_2027": 428.688888991716}}, {"type": "Feature", "geometry": {"type": "Point", "coordinates": [77.57571428571428, 12.834920634920636]}, "properties": {"point_id": 88, "row": 1, "col": 24, "demand_2027": 489.63212960071246}}, {"type": "Feature", "geometry": {"type": "Point", "coordinates": [77.58095238095238, 12.834920634920636]}, "properties": {"point_id": 89, "row": 1, "col": 25, "demand_2027": 479.83073134957556}}, {"type": "Feature", "geometry": {"type": "Point", "coordinates": [77.58619047619048, 12.834920634920636]}, "properties": {"point_id": 90, "row": 1, "col": 26, "demand_2027": 613.0993549978922}}, {"type": "Feature", "geometry": {"type": "Point", "coordinates": [77.59142857142858, 12.834920634920636]}, "properties": {"point_id": 91, "row": 1, "col": 27, "demand_2027": 596.7788170943202}}, {"type": "Feature", "geometry": {"type": "Point", "coordinates": [77.59666666666666, 12.834920634920636]}, "properties": {"point_id": 92, "row": 1, "col": 28, "demand_2027": 608.1500270511287}}, {"type": "Feature", "geometry": {"type": "Point", "coordinates": [77.60190476190476, 12.834920634920636]}, "properties": {"point_id": 93, "row": 1, "col": 29, "demand_2027": 740.3899702196244}}, {"type": "Feature", "geometry": {"type": "Point", "coordinates": [77.60714285714286, 12.834920634920636]}, "properties": {"point_id": 94, "row": 1, "col": 30, "demand_2027": 592.7007353500596}}, {"type": "Feature", "geometry": {"type": "Point", "coordinates": [77.61238095238096, 12.834920634920636]}, "properties": {"point_id": 95, "row": 1, "col": 31, "demand_2027": 699.0545187735883}}, {"type": "Feature", "geometry": {"type": "Point", "coordinates": [77.61761904761904, 12.834920634920636]}, "properties": {"point_id": 96, "row": 1, "col": 32, "demand_2027": 703.5327200185088}}, {"type": "Feature", "geometry": {"type": "Point", "coordinates": [77.62285714285714, 12.834920634920636]}, "properties": {"point_id": 97, "row": 1, "col": 33, "demand_2027": 842.8871996805847}}, {"type": "Feature", "geometry": {"type": "Point", "coordinates": [77.62809523809524, 12.834920634920636]}, "properties": {"point_id": 98, "row": 1, "col": 34, "demand_2027": 1130.152561897433}}, {"type": "Feature", "geometry": {"type": "Point", "coordinates": [77.63333333333334, 12.834920634920636]}, "properties": {"point_id": 99, "row": 1, "col": 35, "demand_2027": 937.3719487919349}}, {"type": "Feature", "geometry": {"type": "Point", "coordinates": [77.63857142857142, 12.834920634920636]}, "properties": {"point_id": 100, "row": 1, "col": 36, "demand_2027": 1112.5890255949898}}, {"type": "Feature", "geometry": {"type": "Point", "coordinates": [77.64380952380952, 12.834920634920636]}, "properties": {"point_id": 101, "row": 1, "col": 37, "demand_2027": 1355.2629480863156}}, {"type": "Feature", "geometry": {"type": "Point", "coordinates": [77.64904761904762, 12.834920634920636]}, "properties": {"point_id": 102, "row": 1, "col": 38, "demand_2027": 1120.7819273508378}}, {"type": "Feature", "geometry": {"type": "Point", "coordinates": [77.65428571428572, 12.834920634920636]}, "properties": {"point_id": 103, "row": 1, "col": 39, "demand_2027": 1354.6410257914285}}, {"type": "Feature", "geometry": {"type": "Point", "coordinates": [77.6595238095238, 12.834920634920636]}, "properties": {"point_id": 104, "row": 1, "col": 40, "demand_2027": 1012.5179885545001}}, {"type": "Feature", "geometry": {"type": "Point", "coordinates": [77.6647619047619, 12.834920634920636]}, "properties": {"point_id": 105, "row": 1, "col": 41, "demand_2027": 1214.6891419024341}}, {"type": "Feature", "geometry": {"type": "Point", "coordinates": [77.67, 12.834920634920636]}, "properties": {"point_id": 106, "row": 1, "col": 42, "demand_2027": 1062.8213280976781}}, {"type": "Feature", "geometry": {"type": "Point", "coordinates": [77.6752380952381, 12.834920634920636]}, "properties": {"point_id": 107, "row": 1, "col": 43, "demand_2027": 1130.9207936267894}}, {"type": "Feature", "geometry": {"type": "Point", "coordinates": [77.6804761904762, 12.834920634920636]}, "properties": {"point_id": 108, "row": 1, "col": 44, "demand_2027": 1314.4404296750477}}, {"type": "Feature", "geometry": {"type": "Point", "coordinates": [77.68571428571428, 12.834920634920636]}, "properties": {"point_id": 109, "row": 1, "col": 45, "demand_2027": 801.6802675416386}}, {"type": "Feature", "geometry": {"type": "Point", "coordinates": [77.69095238095238, 12.834920634920636]}, "properties": {"point_id": 110, "row": 1, "col": 46, "demand_2027": 1074.8828296523475}}, {"type": "Feature", "geometry": {"type": "Point", "coordinates": [77.69619047619048, 12.834920634920636]}, "properties": {"point_id": 111, "row": 1, "col": 47, "demand_2027": 1033.3478457206984}}, {"type": "Feature", "geometry": {"type": "Point", "coordinates": [77.70142857142858, 12.834920634920636]}, "properties": {"point_id": 112, "row": 1, "col": 48, "demand_2027": 839.7999076555482}}, {"type": "Feature", "geometry": {"type": "Point", "coordinates": [77.70666666666666, 12.834920634920636]}, "properties": {"point_id": 113, "row": 1, "col": 49, "demand_2027": 654.7909015113909}}, {"type": "Feature", "geometry": {"type": "Point", "coordinates": [77.71190476190476, 12.834920634920636]}, "properties": {"point_id": 114, "row": 1, "col": 50, "demand_2027": 768.0098775964171}}, {"type": "Feature", "geometry": {"type": "Point", "coordinates": [77.71714285714286, 12.834920634920636]}, "properties": {"point_id": 115, "row": 1, "col": 51, "demand_2027": 645.0683160151564}}, {"type": "Feature", "geometry": {"type": "Point", "coordinates": [77.72238095238096, 12.834920634920636]}, "properties": {"point_id": 116, "row": 1, "col": 52, "demand_2027": 659.9255168316544}}, {"type": "Feature", "geometry": {"type": "Point", "coordinates": [77.72761904761904, 12.834920634920636]}, "properties": {"point_id": 117, "row": 1, "col": 53, "demand_2027": 562.5878561328698}}, {"type": "Feature", "geometry": {"type": "Point", "coordinates": [77.73285714285714, 12.834920634920636]}, "properties": {"point_id": 118, "row": 1, "col": 54, "demand_2027": 695.5169324738271}}, {"type": "Feature", "geometry": {"type": "Point", "coordinates": [77.73809523809524, 12.834920634920636]}, "properties": {"point_id": 119, "row": 1, "col": 55, "demand_2027": 486.4318010412484}}, {"type": "Feature", "geometry": {"type": "Point", "coordinates": [77.74333333333334, 12.834920634920636]}, "properties": {"point_id": 120, "row": 1, "col": 56, "demand_2027": 367.11280242910124}}, {"type": "Feature", "geometry": {"type": "Point", "coordinates": [77.74857142857142, 12.834920634920636]}, "properties": {"point_id": 121, "row": 1, "col": 57, "demand_2027": 441.8257972562231}}, {"type": "Feature", "geometry": {"type": "Point", "coordinates": [77.75380952380952, 12.834920634920636]}, "properties": {"point_id": 122, "row": 1, "col": 58, "demand_2027": 386.2747081498869}}, {"type": "Feature", "geometry": {"type": "Point", "coordinates": [77.75904761904762, 12.834920634920636]}, "properties": {"point_id": 123, "row": 1, "col": 59, "demand_2027": 447.4818524395156}}, {"type": "Feature", "geometry": {"type": "Point", "coordinates": [77.76428571428572, 12.834920634920636]}, "properties": {"point_id": 124, "row": 1, "col": 60, "demand_2027": 370.8450194555101}}, {"type": "Feature", "geometry": {"type": "Point", "coordinates": [77.7695238095238, 12.834920634920636]}, "properties": {"point_id": 125, "row": 1, "col": 61, "demand_2027": 323.1730727829275}}, {"type": "Feature", "geometry": {"type": "Point", "coordinates": [77.7747619047619, 12.834920634920636]}, "properties": {"point_id": 126, "row": 1, "col": 62, "demand_2027": 339.50908134296526}}, {"type": "Feature", "geometry": {"type": "Point", "coordinates": [77.78, 12.834920634920636]}, "properties": {"point_id": 127, "row": 1, "col": 63, "demand_2027": 220.70680769333907}}, {"type": "Feature", "geometry": {"type": "Point", "coordinates": [77.45, 12.83984126984127]}, "properties": {"point_id": 128, "row": 2, "col": 0, "demand_2027": 245.46764534571912}}, {"type": "Feature", "geometry": {"type": "Point", "coordinates": [77.4552380952381, 12.83984126984127]}, "properties": {"point_id": 129, "row": 2, "col": 1, "demand_2027": 235.5464294215481}}, {"type": "Feature", "geometry": {"type": "Point", "coordinates": [77.4604761904762, 12.83984126984127]}, "properties": {"point_id": 130, "row": 2, "col": 2, "demand_2027": 254.04440893988112}}, {"type": "Feature", "geometry": {"type": "Point", "coordinates": [77.46571428571428, 12.83984126984127]}, "properties": {"point_id": 131, "row": 2, "col": 3, "demand_2027": 217.56630776193663}}, {"type": "Feature", "geometry": {"type": "Point", "coordinates": [77.47095238095238, 12.83984126984127]}, "properties": {"point_id": 132, "row": 2, "col": 4, "demand_2027": 301.7209598635781}}, {"type": "Feature", "geometry": {"type": "Point", "coordinates": [77.47619047619048, 12.83984126984127]}, "properties": {"point_id": 133, "row": 2, "col": 5, "demand_2027": 285.9432901451524}}, {"type": "Feature", "geometry": {"type": "Point", "coordinates": [77.48142857142858, 12.83984126984127]}, "properties": {"point_id": 134, "row": 2, "col": 6, "demand_2027": 218.82663637877312}}, {"type": "Feature", "geometry": {"type": "Point", "coordinates": [77.48666666666666, 12.83984126984127]}, "properties": {"point_id": 135, "row": 2, "col": 7, "demand_2027": 257.34988936931416}}, {"type": "Feature", "geometry": {"type": "Point", "coordinates": [77.49190476190476, 12.83984126984127]}, "properties": {"point_id": 136, "row": 2, "col": 8, "demand_2027": 307.2067201076857}}, {"type": "Feature", "geometry": {"type": "Point", "coordinates": [77.49714285714286, 12.83984126984127]}, "properties": {"point_id": 137, "row": 2, "col": 9, "demand_2027": 330.69895571748043}}, {"type": "Feature", "geometry": {"type": "Point", "coordinates": [77.50238095238096, 12.83984126984127]}, "properties": {"point_id": 138, "row": 2, "col": 10, "demand_2027": 382.1539626439614}}, {"type": "Feature", "geometry": {"type": "Point", "coordinates": [77.50761904761904, 12.83984126984127]}, "properties": {"point_id": 139, "row": 2, "col": 11, "demand_2027": 421.19751916209975}}, {"type": "Feature", "geometry": {"type": "Point", "coordinates": [77.51285714285714, 12.83984126984127]}, "properties": {"point_id": 140, "row": 2, "col": 12, "demand_2027": 299.2676527498884}}, {"type": "Feature", "geometry": {"type": "Point", "coordinates": [77.51809523809524, 12.83984126984127]}, "properties": {"point_id": 141, "row": 2, "col": 13, "demand_2027": 226.54913878342887}}, {"type": "Feature", "geometry": {"type": "Point", "coordinates": [77.52333333333334, 12.83984126984127]}, "properties": {"point_id": 142, "row": 2, "col": 14, "demand_2027": 188.86710050724764}}, {"type": "Feature", "geometry": {"type": "Point", "coordinates": [77.52857142857142, 12.83984126984127]}, "properties": {"point_id": 143, "row": 2, "col": 15, "demand_2027": 288.1907636284608}}, {"type": "Feature", "geometry": {"type": "Point", "coordinates": [77.53380952380952, 12.83984126984127]}, "properties": {"point_id": 144, "row": 2, "col": 16, "demand_2027": 260.240565162676}}, {"type": "Feature", "geometry": {"type": "Point", "coordinates": [77.53904761904762, 12.83984126984127]}, "properties": {"point_id": 145, "row": 2, "col": 17, "demand_2027": 275.9204298421758}}, {"type": "Feature", "geometry": {"type": "Point", "coordinates": [77.54428571428572, 12.83984126984127]}, "properties": {"point_id": 146, "row": 2, "col": 18, "demand_2027": 279.899030501897}}, {"type": "Feature", "geometry": {"type": "Point", "coordinates": [77.5495238095238, 12.83984126984127]}, "properties": {"point_id": 147, "row": 2, "col": 19, "demand_2027": 295.4729765287275}}, {"type": "Feature", "geometry": {"type": "Point", "coordinates": [77.5547619047619, 12.83984126984127]}, "properties": {"point_id": 148, "row": 2, "col": 20, "demand_2027": 394.25983129900044}}, {"type": "Feature", "geometry": {"type": "Point", "coordinates": [77.56, 12.83984126984127]}, "properties": {"point_id": 149, "row": 2, "col": 21, "demand_2027": 381.18107064081335}}, {"type": "Feature", "geometry": {"type": "Point", "coordinates": [77.5652380952381, 12.83984126984127]}, "properties": {"point_id": 150, "row": 2, "col": 22, "demand_2027": 405.7966601989578}}, {"type": "Feature", "geometry": {"type": "Point", "coordinates": [77.5704761904762, 12.83984126984127]}, "properties": {"point_id": 151, "row": 2, "col": 23, "demand_2027": 365.49782029190123}}, {"type": "Feature", "geometry": {"type": "Point", "coordinates": [77.57571428571428, 12.83984126984127]}, "properties": {"point_id": 152, "row": 2, "col": 24, "demand_2027": 340.41076692706713}}, {"type": "Feature", "geometry": {"type": "Point", "coordinates": [77.58095238095238, 12.83984126984127]}, "properties": {"point_id": 153, "row": 2, "col": 25, "demand_2027": 493.6409425670199}}, {"type": "Feature", "geometry": {"type": "Point", "coordinates": [77.58619047619048, 12.83984126984127]}, "properties": {"point_id": 154, "row": 2, "col": 26, "demand_2027": 582.1932366702504}}, {"type": "Feature", "geometry": {"type": "Point", "coordinates": [77.59142857142858, 12.83984126984127]}, "properties": {"point_id": 155, "row": 2, "col": 27, "demand_2027": 784.5126546403742}}, {"type": "Feature", "geometry": {"type": "Point", "coordinates": [77.59666666666666, 12.83984126984127]}, "properties": {"point_id": 156, "row": 2, "col": 28, "demand_2027": 725.0060056942198}}, {"type": "Feature", "geometry": {"type": "Point", "coordinates": [77.60190476190476, 12.83984126984127]}, "properties": {"point_id": 157, "row": 2, "col": 29, "demand_2027": 866.5858151049916}}, {"type": "Feature", "geometry": {"type": "Point", "coordinates": [77.60714285714286, 12.83984126984127]}, "properties": {"point_id": 158, "row": 2, "col": 30, "demand_2027": 743.8012951134854}}, {"type": "Feature", "geometry": {"type": "Point", "coordinates": [77.61238095238096, 12.83984126984127]}, "properties": {"point_id": 159, "row": 2, "col": 31, "demand_2027": 728.9955307285808}}, {"type": "Feature", "geometry": {"type": "Point", "coordinates": [77.61761904761904, 12.83984126984127]}, "properties": {"point_id": 160, "row": 2, "col": 32, "demand_2027": 783.3753007805777}}, {"type": "Feature", "geometry": {"type": "Point", "coordinates": [77.62285714285714, 12.83984126984127]}, "properties": {"point_id": 161, "row": 2, "col": 33, "demand_2027": 1029.6310340599268}}, {"type": "Feature", "geometry": {"type": "Point", "coordinates": [77.62809523809524, 12.83984126984127]}, "properties": {"point_id": 162, "row": 2, "col": 34, "demand_2027": 1477.7390556089097}}, {"type": "Feature", "geometry": {"type": "Point", "coordinates": [77.63333333333334, 12.83984126984127]}, "properties": {"point_id": 163, "row": 2, "col": 35, "demand_2027": 1000.0262721626185}}, {"type": "Feature", "geometry": {"type": "Point", "coordinates": [77.63857142857142, 12.83984126984127]}, "properties": {"point_id": 164, "row": 2, "col": 36, "demand_2027": 1509.2516450420192}}, {"type": "Feature", "geometry": {"type": "Point", "coordinates": [77.64380952380952, 12.83984126984127]}, "properties": {"point_id": 165, "row": 2, "col": 37, "demand_2027": 1093.6318856931096}}, {"type": "Feature", "geometry": {"type": "Point", "coordinates": [77.64904761904762, 12.83984126984127]}, "properties": {"point_id": 166, "row": 2, "col": 38, "demand_2027": 1533.2398248845066}}, {"type": "Feature", "geometry": {"type": "Point", "coordinates": [77.65428571428572, 12.83984126984127]}, "properties": {"point_id": 167, "row": 2, "col": 39, "demand_2027": 1410.1808730961063}}, {"type": "Feature", "geometry": {"type": "Point", "coordinates": [77.6595238095238, 12.83984126984127]}, "properties": {"point_id": 168, "row": 2, "col": 40, "demand_2027": 1298.6122782659293}}, {"type": "Feature", "geometry": {"type": "Point", "coordinates": [77.6647619047619, 12.83984126984127]}, "properties": {"point_id": 169, "row": 2, "col": 41, "demand_2027": 1292.6742127053872}}, {"type": "Feature", "geometry": {"type": "Point", "coordinates": [77.67, 12.83984126984127]}, "properties": {"point_id": 170, "row": 2, "col": 42, "demand_2027": 1159.073541375543}}, {"type": "Feature", "geometry": {"type": "Point", "coordinates": [77.6752380952381, 12.83984126984127]}, "properties": {"point_id": 171, "row": 2, "col": 43, "demand_2027": 1370.1523538791287}}, {"type": "Feature", "geometry": {"type": "Point", "coordinates": [77.6804761904762, 12.83984126984127]}, "properties": {"point_id": 172, "row": 2, "col": 44, "demand_2027": 1113.1079876552487}}, {"type": "Feature", "geometry": {"type": "Point", "coordinates": [77.68571428571428, 12.83984126984127]}, "properties": {"point_id": 173, "row": 2, "col": 45, "demand_2027": 924.2595401395397}}, {"type": "Feature", "geometry": {"type": "Point", "coordinates": [77.69095238095238, 12.83984126984127]}, "properties": {"point_id": 174, "row": 2, "col": 46, "demand_2027": 822.1551602996715}}, {"type": "Feature", "geometry": {"type": "Point", "coordinates": [77.69619047619048, 12.83984126984127]}, "properties": {"point_id": 175, "row": 2, "col": 47, "demand_2027": 1014.5252292052788}}, {"type": "Feature", "geometry": {"type": "Point", "coordinates": [77.70142857142858, 12.83984126984127]}, "properties": {"point_id": 176, "row": 2, "col": 48, "demand_2027": 1211.0276483403136}}, {"type": "Feature", "geometry": {"type": "Point", "coordinates": [77.70666666666666, 12.83984126984127]}, "properties": {"point_id": 177, "row": 2, "col": 49, "demand_2027": 893.020810774304}}, {"type": "Feature", "geometry": {"type": "Point", "coordinates": [77.71190476190476, 12.83984126984127]}, "properties": {"point_id": 178, "row": 2, "col": 50, "demand_2027": 798.5057088480227}}, {"type": "Feature", "geometry": {"type": "Point", "coordinates": [77.71714285714286, 12.83984126984127]}, "properties": {"point_id": 179, "row": 2, "col": 51, "demand_2027": 716.6968467106856}}, {"type": "Feature", "geometry": {"type": "Point", "coordinates": [77.72238095238096, 12.83984126984127]}, "properties": {"point_id": 180, "row": 2, "col": 52, "demand_2027": 797.8124250294344}}, {"type": "Feature", "geometry": {"type": "Point", "coordinates": [77.72761904761904, 12.83984126984127]}, "properties": {"point_id": 181, "row": 2, "col": 53, "demand_2027": 584.9356951815215}}, {"type": "Feature", "geometry": {"type": "Point", "coordinates": [77.73285714285714, 12.83984126984127]}, "properties": {"point_id": 182, "row": 2, "col": 54, "demand_2027": 492.7096343567048}}, {"type": "Feature", "geometry": {"type": "Point", "coordinates": [77.73809523809524, 12.83984126984127]}, "properties": {"point_id": 183, "row": 2, "col": 55, "demand_2027": 597.1356776585912}}, {"type": "Feature", "geometry": {"type": "Point", "coordinates": [77.74333333333334, 12.83984126984127]}, "properties": {"point_id": 184, "row": 2, "col": 56, "demand_2027": 506.84567733930095}}, {"type": "Feature", "geometry": {"type": "Point", "coordinates": [77.74857142857142, 12.83984126984127]}, "properties": {"point_id": 185, "row": 2, "col": 57, "demand_2027": 508.9640880514931}}, {"type": "Feature", "geometry": {"type": "Point", "coordinates": [77.75380952380952, 12.83984126984127]}, "properties": {"point_id": 186, "row": 2, "col": 58, "demand_2027": 413.62019103137027}}, {"type": "Feature", "geometry": {"type": "Point", "coordinates": [77.75904761904762, 12.83984126984127]}, "properties": {"point_id": 187, "row": 2, "col": 59, "demand_2027": 288.6309088553814}}, {"type": "Feature", "geometry": {"type": "Point", "coordinates": [77.76428571428572, 12.83984126984127]}, "properties": {"point_id": 188, "row": 2, "col": 60, "demand_2027": 260.6495713632701}}, {"type": "Feature", "geometry": {"type": "Point", "coordinates": [77.7695238095238, 12.83984126984127]}, "properties": {"point_id": 189, "row": 2, "col": 61, "demand_2027": 387.0203690535286}}, {"type": "Feature", "geometry": {"type": "Point", "coordinates": [77.7747619047619, 12.83984126984127]}, "properties": {"point_id": 190, "row": 2, "col": 62, "demand_2027": 377.0321181701792}}, {"type": "Feature", "geometry": {"type": "Point", "coordinates": [77.78, 12.83984126984127]}, "properties": {"point_id": 191, "row": 2, "col": 63, "demand_2027": 267.3744133095445}}, {"type": "Feature", "geometry": {"type": "Point", "coordinates": [77.45, 12.844761904761905]}, "properties": {"point_id": 192, "row": 3, "col": 0, "demand_2027": 256.565744705517}}, {"type": "Feature", "geometry": {"type": "Point", "coordinates": [77.4552380952381, 12.844761904761905]}, "properties": {"point_id": 193, "row": 3, "col": 1, "demand_2027": 343.1930263302311}}, {"type": "Feature", "geometry": {"type": "Point", "coordinates": [77.4604761904762, 12.844761904761905]}, "properties": {"point_id": 194, "row": 3, "col": 2, "demand_2027": 227.91791933209697}}, {"type": "Feature", "geometry": {"type": "Point", "coordinates": [77.46571428571428, 12.844761904761905]}, "properties": {"point_id": 195, "row": 3, "col": 3, "demand_2027": 238.74164196853746}}, {"type": "Feature", "geometry": {"type": "Point", "coordinates": [77.47095238095238, 12.844761904761905]}, "properties": {"point_id": 196, "row": 3, "col": 4, "demand_2027": 306.8426707392819}}, {"type": "Feature", "geometry": {"type": "Point", "coordinates": [77.47619047619048, 12.844761904761905]}, "properties": {"point_id": 197, "row": 3, "col": 5, "demand_2027": 280.25097740584056}}, {"type": "Feature", "geometry": {"type": "Point", "coordinates": [77.48142857142858, 12.844761904761905]}, "properties": {"point_id": 198, "row": 3, "col": 6, "demand_2027": 290.9539774507407}}, {"type": "Feature", "geometry": {"type": "Point", "coordinates": [77.48666666666666, 12.844761904761905]}, "properties": {"point_id": 199, "row": 3, "col": 7, "demand_2027": 280.9476923577973}}, {"type": "Feature", "geometry": {"type": "Point", "coordinates": [77.49190476190476, 12.844761904761905]}, "properties": {"point_id": 200, "row": 3, "col": 8, "demand_2027": 318.1405771423012}}, {"type": "Feature", "geometry": {"type": "Point", "coordinates": [77.49714285714286, 12.844761904761905]}, "properties": {"point_id": 201, "row": 3, "col": 9, "demand_2027": 366.36208076892854}}, {"type": "Feature", "geometry": {"type": "Point", "coordinates": [77.50238095238096, 12.844761904761905]}, "properties": {"point_id": 202, "row": 3, "col": 10, "demand_2027": 279.5099137657182}}, {"type": "Feature", "geometry": {"type": "Point", "coordinates": [77.50761904761904, 12.844761904761905]}, "properties": {"point_id": 203, "row": 3, "col": 11, "demand_2027": 320.20344611413634}}, {"type": "Feature", "geometry": {"type": "Point", "coordinates": [77.51285714285714, 12.844761904761905]}, "properties": {"point_id": 204, "row": 3, "col": 12, "demand_2027": 210.25671488865996}}, {"type": "Feature", "geometry": {"type": "Point", "coordinates": [77.51809523809524, 12.844761904761905]}, "properties": {"point_id": 205, "row": 3, "col": 13, "demand_2027": 301.65138140295693}}, {"type": "Feature", "geometry": {"type": "Point", "coordinates": [77.52333333333334, 12.844761904761905]}, "properties": {"point_id": 206, "row": 3, "col": 14, "demand_2027": 265.0859189495097}}, {"type": "Feature", "geometry": {"type": "Point", "coordinates": [77.52857142857142, 12.844761904761905]}, "properties": {"point_id": 207, "row": 3, "col": 15, "demand_2027": 231.37498745538042}}, {"type": "Feature", "geometry": {"type": "Point", "coordinates": [77.53380952380952, 12.844761904761905]}, "properties": {"point_id": 208, "row": 3, "col": 16, "demand_2027": 251.78840053668222}}, {"type": "Feature", "geometry": {"type": "Point", "coordinates": [77.53904761904762, 12.844761904761905]}, "properties": {"point_id": 209, "row": 3, "col": 17, "demand_2027": 308.32767991700945}}, {"type": "Feature", "geometry": {"type": "Point", "coordinates": [77.54428571428572, 12.844761904761905]}, "properties": {"point_id": 210, "row": 3, "col": 18, "demand_2027": 360.1953067909696}}, {"type": "Feature", "geometry": {"type": "Point", "coordinates": [77.5495238095238, 12.844761904761905]}, "properties": {"point_id": 211, "row": 3, "col": 19, "demand_2027": 255.70660284299393}}, {"type": "Feature", "geometry": {"type": "Point", "coordinates": [77.5547619047619, 12.844761904761905]}, "properties": {"point_id": 212, "row": 3, "col": 20, "demand_2027": 362.4603445364553}}, {"type": "Feature", "geometry": {"type": "Point", "coordinates": [77.56, 12.844761904761905]}, "properties": {"point_id": 213, "row": 3, "col": 21, "demand_2027": 363.44485183086846}}, {"type": "Feature", "geometry": {"type": "Point", "coordinates": [77.5652380952381, 12.844761904761905]}, "properties": {"point_id": 214, "row": 3, "col": 22, "demand_2027": 397.91188608910437}}, {"type": "Feature", "geometry": {"type": "Point", "coordinates": [77.5704761904762, 12.844761904761905]}, "properties": {"point_id": 215, "row": 3, "col": 23, "demand_2027": 511.2897113942388}}, {"type": "Feature", "geometry": {"type": "Point", "coordinates": [77.57571428571428, 12.844761904761905]}, "properties": {"point_id": 216, "row": 3, "col": 24, "demand_2027": 552.9998147171036}}, {"type": "Feature", "geometry": {"type": "Point", "coordinates": [77.58095238095238, 12.844761904761905]}, "properties": {"point_id": 217, "row": 3, "col": 25, "demand_2027": 663.5073013140795}}, {"type": "Feature", "geometry": {"type": "Point", "coordinates": [77.58619047619048, 12.844761904761905]}, "properties": {"point_id": 218, "row": 3, "col": 26, "demand_2027": 597.9840381792092}}, {"type": "Feature", "geometry": {"type": "Point", "coordinates": [77.59142857142858, 12.844761904761905]}, "properties": {"point_id": 219, "row": 3, "col": 27, "demand_2027": 607.1103011213827}}, {"type": "Feature", "geometry": {"type": "Point", "coordinates": [77.59666666666666, 12.844761904761905]}, "properties": {"point_id": 220, "row": 3, "col": 28, "demand_2027": 728.65163309108}}, {"type": "Feature", "geometry": {"type": "Point", "coordinates": [77.60190476190476, 12.844761904761905]}, "properties": {"point_id": 221, "row": 3, "col": 29, "demand_2027": 850.5912955986571}}, {"type": "Feature", "geometry": {"type": "Point", "coordinates": [77.60714285714286, 12.844761904761905]}, "properties": {"point_id": 222, "row": 3, "col": 30, "demand_2027": 853.7692216876119}}, {"type": "Feature", "geometry": {"type": "Point", "coordinates": [77.61238095238096, 12.844761904761905]}, "properties": {"point_id": 223, "row": 3, "col": 31, "demand_2027": 796.5354509175235}}, {"type": "Feature", "geometry": {"type": "Point", "coordinates": [77.61761904761904, 12.844761904761905]}, "properties": {"point_id": 224, "row": 3, "col": 32, "demand_2027": 996.4929591124353}}, {"type": "Feature", "geometry": {"type": "Point", "coordinates": [77.62285714285714, 12.844761904761905]}, "properties": {"point_id": 225, "row": 3, "col": 33, "demand_2027": 1152.157126569013}}, {"type": "Feature", "geometry": {"type": "Point", "coordinates": [77.62809523809524, 12.844761904761905]}, "properties": {"point_id": 226, "row": 3, "col": 34, "demand_2027": 1719.247070729367}}, {"type": "Feature", "geometry": {"type": "Point", "coordinates": [77.63333333333334, 12.844761904761905]}, "properties": {"point_id": 227, "row": 3, "col": 35, "demand_2027": 1572.570739859101}}, {"type": "Feature", "geometry": {"type": "Point", "coordinates": [77.63857142857142, 12.844761904761905]}, "properties": {"point_id": 228, "row": 3, "col": 36, "demand_2027": 1112.5185010938192}}, {"type": "Feature", "geometry": {"type": "Point", "coordinates": [77.64380952380952, 12.844761904761905]}, "properties": {"point_id": 229, "row": 3, "col": 37, "demand_2027": 1272.5201084820235}}, {"type": "Feature", "geometry": {"type": "Point", "coordinates": [77.64904761904762, 12.844761904761905]}, "properties": {"point_id": 230, "row": 3, "col": 38, "demand_2027": 1090.138109963419}}, {"type": "Feature", "geometry": {"type": "Point", "coordinates": [77.65428571428572, 12.844761904761905]}, "properties": {"point_id": 231, "row": 3, "col": 39, "demand_2027": 1242.260768134384}}, {"type": "Feature", "geometry": {"type": "Point", "coordinates": [77.6595238095238, 12.844761904761905]}, "properties": {"point_id": 232, "row": 3, "col": 40, "demand_2027": 1495.0929546816578}}, {"type": "Feature", "geometry": {"type": "Point", "coordinates": [77.6647619047619, 12.844761904761905]}, "properties": {"point_id": 233, "row": 3, "col": 41, "demand_2027": 1623.5247972933282}}, {"type": "Feature", "geometry": {"type": "Point", "coordinates": [77.67, 12.844761904761905]}, "properties": {"point_id": 234, "row": 3, "col": 42, "demand_2027": 1181.2309409643317}}, {"type": "Feature", "geometry": {"type": "Point", "coordinates": [77.6752380952381, 12.844761904761905]}, "properties": {"point_id": 235, "row": 3, "col": 43, "demand_2027": 1168.667021457311}}, {"type": "Feature", "geometry": {"type": "Point", "coordinates": [77.6804761904762, 12.844761904761905]}, "properties": {"point_id": 236, "row": 3, "col": 44, "demand_2027": 865.7397941334758}}, {"type": "Feature", "geometry": {"type": "Point", "coordinates": [77.68571428571428, 12.844761904761905]}, "properties": {"point_id": 237, "row": 3, "col": 45, "demand_2027": 1207.5730215764213}}, {"type": "Feature", "geometry": {"type": "Point", "coordinates": [77.69095238095238, 12.844761904761905]}, "properties": {"point_id": 238, "row": 3, "col": 46, "demand_2027": 983.2640776683197}}, {"type": "Feature", "geometry": {"type": "Point", "coordinates": [77.69619047619048, 12.844761904761905]}, "properties": {"point_id": 239, "row": 3, "col": 47, "demand_2027": 961.9277851540576}}, {"type": "Feature", "geometry": {"type": "Point", "coordinates": [77.70142857142858, 12.844761904761905]}, "properties": {"point_id": 240, "row": 3, "col": 48, "demand_2027": 881.3600236334123}}, {"type": "Feature", "geometry": {"type": "Point", "coordinates": [77.70666666666666, 12.844761904761905]}, "properties": {"point_id": 241, "row": 3, "col": 49, "demand_2027": 895.0947791483428}}, {"type": "Feature", "geometry": {"type": "Point", "coordinates": [77.71190476190476, 12.844761904761905]}, "properties": {"point_id": 242, "row": 3, "col": 50, "demand_2027": 636.3151014345616}}, {"type": "Feature", "geometry": {"type": "Point", "coordinates": [77.71714285714286, 12.844761904761905]}, "properties": {"point_id": 243, "row": 3, "col": 51, "demand_2027": 609.2622192290135}}, {"type": "Feature", "geometry": {"type": "Point", "coordinates": [77.72238095238096, 12.844761904761905]}, "properties": {"point_id": 244, "row": 3, "col": 52, "demand_2027": 890.3401611381206}}, {"type": "Feature", "geometry": {"type": "Point", "coordinates": [77.72761904761904, 12.844761904761905]}, "properties": {"point_id": 245, "row": 3, "col": 53, "demand_2027": 519.9115030853303}}, {"type": "Feature", "geometry": {"type": "Point", "coordinates": [77.73285714285714, 12.844761904761905]}, "properties": {"point_id": 246, "row": 3, "col": 54, "demand_2027": 475.5127374139101}}, {"type": "Feature", "geometry": {"type": "Point", "coordinates": [77.73809523809524, 12.844761904761905]}, "properties": {"point_id": 247, "row": 3, "col": 55, "demand_2027": 675.0813732766427}}, {"type": "Feature", "geometry": {"type": "Point", "coordinates": [77.74333333333334, 12.844761904761905]}, "properties": {"point_id": 248, "row": 3, "col": 56, "demand_2027": 647.3929344472534}}, {"type": "Feature", "geometry": {"type": "Point", "coordinates": [77.74857142857142, 12.844761904761905]}, "properties": {"point_id": 249, "row": 3, "col": 57, "demand_2027": 352.45276326052846}}, {"type": "Feature", "geometry": {"type": "Point", "coordinates": [77.75380952380952, 12.844761904761905]}, "properties": {"point_id": 250, "row": 3, "col": 58, "demand_2027": 378.08697635193295}}, {"type": "Feature", "geometry": {"type": "Point", "coordinates": [77.75904761904762, 12.844761904761905]}, "properties": {"point_id": 251, "row": 3, "col": 59, "demand_2027": 385.84618745307307}}, {"type": "Feature", "geometry": {"type": "Point", "coordinates": [77.76428571428572, 12.844761904761905]}, "properties": {"point_id": 252, "row": 3, "col": 60, "demand_2027": 436.25448824394033}}, {"type": "Feature", "geometry": {"type": "Point", "coordinates": [77.7695238095238, 12.844761904761905]}, "properties": {"point_id": 253, "row": 3, "col": 61, "demand_2027": 273.76779889851053}}, {"type": "Feature", "geometry": {"type": "Point", "coordinates": [77.7747619047619, 12.844761904761905]}, "properties": {"point_id": 254, "row": 3, "col": 62, "demand_2027": 309.02619745085303}}, {"type": "Feature", "geometry": {"type": "Point", "coordinates": [77.78, 12.844761904761905]}, "properties": {"point_id": 255, "row": 3, "col": 63, "demand_2027": 316.4381195118848}}, {"type": "Feature", "geometry": {"type": "Point", "coordinates": [77.45, 12.84968253968254]}, "properties": {"point_id": 256, "row": 4, "col": 0, "demand_2027": 286.600978112707}}, {"type": "Feature", "geometry": {"type": "Point", "coordinates": [77.4552380952381, 12.84968253968254]}, "properties": {"point_id": 257, "row": 4, "col": 1, "demand_2027": 272.134871655558}}, {"type": "Feature", "geometry": {"type": "Point", "coordinates": [77.4604761904762, 12.84968253968254]}, "properties": {"point_id": 258, "row": 4, "col": 2, "demand_2027": 298.0109993158955}}, {"type": "Feature", "geometry": {"type": "Point", "coordinates": [77.46571428571428, 12.84968253968254]}, "properties": {"point_id": 259, "row": 4, "col": 3, "demand_2027": 232.60095259878673}}, {"type": "Feature", "geometry": {"type": "Point", "coordinates": [77.47095238095238, 12.84968253968254]}, "properties": {"point_id": 260, "row": 4, "col": 4, "demand_2027": 299.28815275737173}}, {"type": "Feature", "geometry": {"type": "Point", "coordinates": [77.47619047619048, 12.84968253968254]}, "properties": {"point_id": 261, "row": 4, "col": 5, "demand_2027": 306.3627184579148}}, {"type": "Feature", "geometry": {"type": "Point", "coordinates": [77.48142857142858, 12.84968253968254]}, "properties": {"point_id": 262, "row": 4, "col": 6, "demand_2027": 308.00340952296017}}, {"type": "Feature", "geometry": {"type": "Point", "coordinates": [77.48666666666666, 12.84968253968254]}, "properties": {"point_id": 263, "row": 4, "col": 7, "demand_2027": 298.1611467310777}}, {"type": "Feature", "geometry": {"type": "Point", "coordinates": [77.49190476190476, 12.84968253968254]}, "properties": {"point_id": 264, "row": 4, "col": 8, "demand_2027": 338.24593883126005}}, {"type": "Feature", "geometry": {"type": "Point", "coordinates": [77.49714285714286, 12.84968253968254]}, "properties": {"point_id": 265, "row": 4, "col": 9, "demand_2027": 363.2134681461078}}, {"type": "Feature", "geometry": {"type": "Point", "coordinates": [77.50238095238096, 12.84968253968254]}, "properties": {"point_id": 266, "row": 4, "col": 10, "demand_2027": 342.1276075344422}}, {"type": "Feature", "geometry": {"type": "Point", "coordinates": [77.50761904761904, 12.84968253968254]}, "properties": {"point_id": 267, "row": 4, "col": 11, "demand_2027": 324.0299032041912}}, {"type": "Feature", "geometry": {"type": "Point", "coordinates": [77.51285714285714, 12.84968253968254]}, "properties": {"point_id": 268, "row": 4, "col": 12, "demand_2027": 314.8553256085225}}, {"type": "Feature", "geometry": {"type": "Point", "coordinates": [77.51809523809524, 12.84968253968254]}, "properties": {"point_id": 269, "row": 4, "col": 13, "demand_2027": 341.7406743163319}}, {"type": "Feature", "geometry": {"type": "Point", "coordinates": [77.52333333333334, 12.84968253968254]}, "properties": {"point_id": 270, "row": 4, "col": 14, "demand_2027": 277.18293417909945}}, {"type": "Feature", "geometry": {"type": "Point", "coordinates": [77.52857142857142, 12.84968253968254]}, "properties": {"point_id": 271, "row": 4, "col": 15, "demand_2027": 319.7187113353074}}, {"type": "Feature", "geometry": {"type": "Point", "coordinates": [77.53380952380952, 12.84968253968254]}, "properties": {"point_id": 272, "row": 4, "col": 16, "demand_2027": 318.64374082476695}}, {"type": "Feature", "geometry": {"type": "Point", "coordinates": [77.53904761904762, 12.84968253968254]}, "properties": {"point_id": 273, "row": 4, "col": 17, "demand_2027": 434.84571169700337}}, {"type": "Feature", "geometry": {"type": "Point", "coordinates": [77.54428571428572, 12.84968253968254]}, "properties": {"point_id": 274, "row": 4, "col": 18, "demand_2027": 410.49277543253874}}, {"type": "Feature", "geometry": {"type": "Point", "coordinates": [77.5495238095238, 12.84968253968254]}, "properties": {"point_id": 275, "row": 4, "col": 19, "demand_2027": 369.8441648261738}}, {"type": "Feature", "geometry": {"type": "Point", "coordinates": [77.5547619047619, 12.84968253968254]}, "properties": {"point_id": 276, "row": 4, "col": 20, "demand_2027": 341.72625855068355}}, {"type": "Feature", "geometry": {"type": "Point", "coordinates": [77.56, 12.84968253968254]}, "properties": {"point_id": 277, "row": 4, "col": 21, "demand_2027": 349.1003282174118}}, {"type": "Feature", "geometry": {"type": "Point", "coordinates": [77.5652380952381, 12.84968253968254]}, "properties": {"point_id": 278, "row": 4, "col": 22, "demand_2027": 520.1408879543341}}, {"type": "Feature", "geometry": {"type": "Point", "coordinates": [77.5704761904762, 12.84968253968254]}, "properties": {"point_id": 279, "row": 4, "col": 23, "demand_2027": 495.62918734238156}}, {"type": "Feature", "geometry": {"type": "Point", "coordinates": [77.57571428571428, 12.84968253968254]}, "properties": {"point_id": 280, "row": 4, "col": 24, "demand_2027": 534.4950914954015}}, {"type": "Feature", "geometry": {"type": "Point", "coordinates": [77.58095238095238, 12.84968253968254]}, "properties": {"point_id": 281, "row": 4, "col": 25, "demand_2027": 418.7806997847283}}, {"type": "Feature", "geometry": {"type": "Point", "coordinates": [77.58619047619048, 12.84968253968254]}, "properties": {"point_id": 282, "row": 4, "col": 26, "demand_2027": 713.8509065791902}}, {"type": "Feature", "geometry": {"type": "Point", "coordinates": [77.59142857142858, 12.84968253968254]}, "properties": {"point_id": 283, "row": 4, "col": 27, "demand_2027": 738.0517793151596}}, {"type": "Feature", "geometry": {"type": "Point", "coordinates": [77.59666666666666, 12.84968253968254]}, "properties": {"point_id": 284, "row": 4, "col": 28, "demand_2027": 617.084484035481}}, {"type": "Feature", "geometry": {"type": "Point", "coordinates": [77.60190476190476, 12.84968253968254]}, "properties": {"point_id": 285, "row": 4, "col": 29, "demand_2027": 849.1322075078763}}, {"type": "Feature", "geometry": {"type": "Point", "coordinates": [77.60714285714286, 12.84968253968254]}, "properties": {"point_id": 286, "row": 4, "col": 30, "demand_2027": 1007.2692095078064}}, {"type": "Feature", "geometry": {"type": "Point", "coordinates": [77.61238095238096, 12.84968253968254]}, "properties": {"point_id": 287, "row": 4, "col": 31, "demand_2027": 1015.8593310146325}}, {"type": "Feature", "geometry": {"type": "Point", "coordinates": [77.61761904761904, 12.84968253968254]}, "properties": {"point_id": 288, "row": 4, "col": 32, "demand_2027": 1030.6410160786402}}, {"type": "Feature", "geometry": {"type": "Point", "coordinates": [77.62285714285714, 12.84968253968254]}, "properties": {"point_id": 289, "row": 4, "col": 33, "demand_2027": 1122.3352689743917}}, {"type": "Feature", "geometry": {"type": "Point", "coordinates": [77.62809523809524, 12.84968253968254]}, "properties": {"point_id": 290, "row": 4, "col": 34, "demand_2027": 1171.6868437684745}}, {"type": "Feature", "geometry": {"type": "Point", "coordinates": [77.63333333333334, 12.84968253968254]}, "properties": {"point_id": 291, "row": 4, "col": 35, "demand_2027": 1331.4362936486161}}, {"type": "Feature", "geometry": {"type": "Point", "coordinates": [77.63857142857142, 12.84968253968254]}, "properties": {"point_id": 292, "row": 4, "col": 36, "demand_2027": 1607.6037057860783}}, {"type": "Feature", "geometry": {"type": "Point", "coordinates": [77.64380952380952, 12.84968253968254]}, "properties": {"point_id": 293, "row": 4, "col": 37, "demand_2027": 867.9948216267471}}, {"type": "Feature", "geometry": {"type": "Point", "coordinates": [77.64904761904762, 12.84968253968254]}, "properties": {"point_id": 294, "row": 4, "col": 38, "demand_2027": 1312.0604305178615}}, {"type": "Feature", "geometry": {"type": "Point", "coordinates": [77.65428571428572, 12.84968253968254]}, "properties": {"point_id": 295, "row": 4, "col": 39, "demand_2027": 1510.02130526561}}, {"type": "Feature", "geometry": {"type": "Point", "coordinates": [77.6595238095238, 12.84968253968254]}, "properties": {"point_id": 296, "row": 4, "col": 40, "demand_2027": 1480.2333854090534}}, {"type": "Feature", "geometry": {"type": "Point", "coordinates": [77.6647619047619, 12.84968253968254]}, "properties": {"point_id": 297, "row": 4, "col": 41, "demand_2027": 1442.3161064624496}}, {"type": "Feature", "geometry": {"type": "Point", "coordinates": [77.67, 12.84968253968254]}, "properties": {"point_id": 298, "row": 4, "col": 42, "demand_2027": 1004.9364280689292}}, {"type": "Feature", "geometry": {"type": "Point", "coordinates": [77.6752380952381, 12.84968253968254]}, "properties": {"point_id": 299, "row": 4, "col": 43, "demand_2027": 1415.663582288364}}, {"type": "Feature", "geometry": {"type": "Point", "coordinates": [77.6804761904762, 12.84968253968254]}, "properties": {"point_id": 300, "row": 4, "col": 44, "demand_2027": 1664.413753802798}}, {"type": "Feature", "geometry": {"type": "Point", "coordinates": [77.68571428571428, 12.84968253968254]}, "properties": {"point_id": 301, "row": 4, "col": 45, "demand_2027": 964.3614291465345}}, {"type": "Feature", "geometry": {"type": "Point", "coordinates": [77.69095238095238, 12.84968253968254]}, "properties": {"point_id": 302, "row": 4, "col": 46, "demand_2027": 1431.6021134849673}}, {"type": "Feature", "geometry": {"type": "Point", "coordinates": [77.69619047619048, 12.84968253968254]}, "properties": {"point_id": 303, "row": 4, "col": 47, "demand_2027": 1071.7365561667323}}, {"type": "Feature", "geometry": {"type": "Point", "coordinates": [77.70142857142858, 12.84968253968254]}, "properties": {"point_id": 304, "row": 4, "col": 48, "demand_2027": 1002.657303246971}}, {"type": "Feature", "geometry": {"type": "Point", "coordinates": [77.70666666666666, 12.84968253968254]}, "properties": {"point_id": 305, "row": 4, "col": 49, "demand_2027": 842.7661588229535}}, {"type": "Feature", "geometry": {"type": "Point", "coordinates": [77.71190476190476, 12.84968253968254]}, "properties": {"point_id": 306, "row": 4, "col": 50, "demand_2027": 870.4351001308964}}, {"type": "Feature", "geometry": {"type": "Point", "coordinates": [77.71714285714286, 12.84968253968254]}, "properties": {"point_id": 307, "row": 4, "col": 51, "demand_2027": 969.9238059880665}}, {"type": "Feature", "geometry": {"type": "Point", "coordinates": [77.72238095238096, 12.84968253968254]}, "properties": {"point_id": 308, "row": 4, "col": 52, "demand_2027": 809.7299985423024}}, {"type": "Feature", "geometry": {"type": "Point", "coordinates": [77.72761904761904, 12.84968253968254]}, "properties": {"point_id": 309, "row": 4, "col": 53, "demand_2027": 852.5964291265789}}, {"type": "Feature", "geometry": {"type": "Point", "coordinates": [77.73285714285714, 12.84968253968254]}, "properties": {"point_id": 310, "row": 4, "col": 54, "demand_2027": 708.2854062555347}}, {"type": "Feature", "geometry": {"type": "Point", "coordinates": [77.73809523809524, 12.84968253968254]}, "properties": {"point_id": 311, "row": 4, "col": 55, "demand_2027": 569.8177617831868}}, {"type": "Feature", "geometry": {"type": "Point", "coordinates": [77.74333333333334, 12.84968253968254]}, "properties": {"point_id": 312, "row": 4, "col": 56, "demand_2027": 621.8307602874486}}, {"type": "Feature", "geometry": {"type": "Point", "coordinates": [77.74857142857142, 12.84968253968254]}, "properties": {"point_id": 313, "row": 4, "col": 57, "demand_2027": 472.5045181945625}}, {"type": "Feature", "geometry": {"type": "Point", "coordinates": [77.75380952380952, 12.84968253968254]}, "properties": {"point_id": 314, "row": 4, "col": 58, "demand_2027": 475.1550105886542}}, {"type": "Feature", "geometry": {"type": "Point", "coordinates": [77.75904761904762, 12.84968253968254]}, "properties": {"point_id": 315, "row": 4, "col": 59, "demand_2027": 357.1017325313242}}, {"type": "Feature", "geometry": {"type": "Point", "coordinates": [77.76428571428572, 12.84968253968254]}, "properties": {"point_id": 316, "row": 4, "col": 60, "demand_2027": 340.2218156147961}}, {"type": "Feature", "geometry": {"type": "Point", "coordinates": [77.7695238095238, 12.84968253968254]}, "properties": {"point_id": 317, "row": 4, "col": 61, "demand_2027": 308.90079133687885}}, {"type": "Feature", "geometry": {"type": "Point", "coordinates": [77.7747619047619, 12.84968253968254]}, "properties": {"point_id": 318, "row": 4, "col": 62, "demand_2027": 355.0209228720419}}, {"type": "Feature", "geometry": {"type": "Point", "coordinates": [77.78, 12.84968253968254]}, "properties": {"point_id": 319, "row": 4, "col": 63, "demand_2027": 233.6005602077507}}, {"type": "Feature", "geometry": {"type": "Point", "coordinates": [77.45, 12.854603174603175]}, "properties": {"point_id": 320, "row": 5, "col": 0, "demand_2027": 361.34751446410354}}, {"type": "Feature", "geometry": {"type": "Point", "coordinates": [77.4552380952381, 12.854603174603175]}, "properties": {"point_id": 321, "row": 5, "col": 1, "demand_2027": 298.6406471161594}}, {"type": "Feature", "geometry": {"type": "Point", "coordinates": [77.4604761904762, 12.854603174603175]}, "properties": {"point_id": 322, "row": 5, "col": 2, "demand_2027": 364.3948203935504}}, {"type": "Feature", "geometry": {"type": "Point", "coordinates": [77.46571428571428, 12.854603174603175]}, "properties": {"point_id": 323, "row": 5, "col": 3, "demand_2027": 373.9470576094629}}, {"type": "Feature", "geometry": {"type": "Point", "coordinates": [77.47095238095238, 12.854603174603175]}, "properties": {"point_id": 324, "row": 5, "col": 4, "demand_2027": 443.2466946099794}}, {"type": "Feature", "geometry": {"type": "Point", "coordinates": [77.47619047619048, 12.854603174603175]}, "properties": {"point_id": 325, "row": 5, "col": 5, "demand_2027": 387.47112696407225}}, {"type": "Feature", "geometry": {"type": "Point", "coordinates": [77.48142857142858, 12.854603174603175]}, "properties": {"point_id": 326, "row": 5, "col": 6, "demand_2027": 249.36743147604452}}, {"type": "Feature", "geometry": {"type": "Point", "coordinates": [77.48666666666666, 12.854603174603175]}, "properties": {"point_id": 327, "row": 5, "col": 7, "demand_2027": 313.0065225405287}}, {"type": "Feature", "geometry": {"type": "Point", "coordinates": [77.49190476190476, 12.854603174603175]}, "properties": {"point_id": 328, "row": 5, "col": 8, "demand_2027": 271.3032769812841}}, {"type": "Feature", "geometry": {"type": "Point", "coordinates": [77.49714285714286, 12.854603174603175]}, "properties": {"point_id": 329, "row": 5, "col": 9, "demand_2027": 330.3242624336163}}, {"type": "Feature", "geometry": {"type": "Point", "coordinates": [77.50238095238096, 12.854603174603175]}, "properties": {"point_id": 330, "row": 5, "col": 10, "demand_2027": 421.389781301682}}, {"type": "Feature", "geometry": {"type": "Point", "coordinates": [77.50761904761904, 12.854603174603175]}, "properties": {"point_id": 331, "row": 5, "col": 11, "demand_2027": 369.81743011999583}}, {"type": "Feature", "geometry": {"type": "Point", "coordinates": [77.51285714285714, 12.854603174603175]}, "properties": {"point_id": 332, "row": 5, "col": 12, "demand_2027": 297.96155780060064}}, {"type": "Feature", "geometry": {"type": "Point", "coordinates": [77.51809523809524, 12.854603174603175]}, "properties": {"point_id": 333, "row": 5, "col": 13, "demand_2027": 283.0422532580714}}, {"type": "Feature", "geometry": {"type": "Point", "coordinates": [77.52333333333334, 12.854603174603175]}, "properties": {"point_id": 334, "row": 5, "col": 14, "demand_2027": 344.501965502608}}, {"type": "Feature", "geometry": {"type": "Point", "coordinates": [77.52857142857142, 12.854603174603175]}, "properties": {"point_id": 335, "row": 5, "col": 15, "demand_2027": 256.5440260380679}}, {"type": "Feature", "geometry": {"type": "Point", "coordinates": [77.53380952380952, 12.854603174603175]}, "properties": {"point_id": 336, "row": 5, "col": 16, "demand_2027": 298.2554674108669}}, {"type": "Feature", "geometry": {"type": "Point", "coordinates": [77.53904761904762, 12.854603174603175]}, "properties": {"point_id": 337, "row": 5, "col": 17, "demand_2027": 356.92801386730497}}, {"type": "Feature", "geometry": {"type": "Point", "coordinates": [77.54428571428572, 12.854603174603175]}, "properties": {"point_id": 338, "row": 5, "col": 18, "demand_2027": 419.06076296930064}}, {"type": "Feature", "geometry": {"type": "Point", "coordinates": [77.5495238095238, 12.854603174603175]}, "properties": {"point_id": 339, "row": 5, "col": 19, "demand_2027": 410.9652567378377}}, {"type": "Feature", "geometry": {"type": "Point", "coordinates": [77.5547619047619, 12.854603174603175]}, "properties": {"point_id": 340, "row": 5, "col": 20, "demand_2027": 244.327618681231}}, {"type": "Feature", "geometry": {"type": "Point", "coordinates": [77.56, 12.854603174603175]}, "properties": {"point_id": 341, "row": 5, "col": 21, "demand_2027": 456.44639029101575}}, {"type": "Feature", "geometry": {"type": "Point", "coordinates": [77.5652380952381, 12.854603174603175]}, "properties": {"point_id": 342, "row": 5, "col": 22, "demand_2027": 459.4948073980579}}, {"type": "Feature", "geometry": {"type": "Point", "coordinates": [77.5704761904762, 12.854603174603175]}, "properties": {"point_id": 343, "row": 5, "col": 23, "demand_2027": 518.3048123663908}}, {"type": "Feature", "geometry": {"type": "Point", "coordinates": [77.57571428571428, 12.854603174603175]}, "properties": {"point_id": 344, "row": 5, "col": 24, "demand_2027": 668.0322145827774}}, {"type": "Feature", "geometry": {"type": "Point", "coordinates": [77.58095238095238, 12.854603174603175]}, "properties": {"point_id": 345, "row": 5, "col": 25, "demand_2027": 372.8408135415914}}, {"type": "Feature", "geometry": {"type": "Point", "coordinates": [77.58619047619048, 12.854603174603175]}, "properties": {"point_id": 346, "row": 5, "col": 26, "demand_2027": 566.8165709276759}}, {"type": "Feature", "geometry": {"type": "Point", "coordinates": [77.59142857142858, 12.854603174603175]}, "properties": {"point_id": 347, "row": 5, "col": 27, "demand_2027": 808.6329810268553}}, {"type": "Feature", "geometry": {"type": "Point", "coordinates": [77.59666666666666, 12.854603174603175]}, "properties": {"point_id": 348, "row": 5, "col": 28, "demand_2027": 605.3108509063608}}, {"type": "Feature", "geometry": {"type": "Point", "coordinates": [77.60190476190476, 12.854603174603175]}, "properties": {"point_id": 349, "row": 5, "col": 29, "demand_2027": 1083.5388024403264}}, {"type": "Feature", "geometry": {"type": "Point", "coordinates": [77.60714285714286, 12.854603174603175]}, "properties": {"point_id": 350, "row": 5, "col": 30, "demand_2027": 989.0279634287796}}, {"type": "Feature", "geometry": {"type": "Point", "coordinates": [77.61238095238096, 12.854603174603175]}, "properties": {"point_id": 351, "row": 5, "col": 31, "demand_2027": 1197.2558113994771}}, {"type": "Feature", "geometry": {"type": "Point", "coordinates": [77.61761904761904, 12.854603174603175]}, "properties": {"point_id": 352, "row": 5, "col": 32, "demand_2027": 1015.2431357205484}}, {"type": "Feature", "geometry": {"type": "Point", "coordinates": [77.62285714285714, 12.854603174603175]}, "properties": {"point_id": 353, "row": 5, "col": 33, "demand_2027": 1360.5897288258093}}, {"type": "Feature", "geometry": {"type": "Point", "coordinates": [77.62809523809524, 12.854603174603175]}, "properties": {"point_id": 354, "row": 5, "col": 34, "demand_2027": 1477.852759473944}}, {"type": "Feature", "geometry": {"type": "Point", "coordinates": [77.63333333333334, 12.854603174603175]}, "properties": {"point_id": 355, "row": 5, "col": 35, "demand_2027": 1467.8261272487523}}, {"type": "Feature", "geometry": {"type": "Point", "coordinates": [77.63857142857142, 12.854603174603175]}, "properties": {"point_id": 356, "row": 5, "col": 36, "demand_2027": 1516.7129748611835}}, {"type": "Feature", "geometry": {"type": "Point", "coordinates": [77.64380952380952, 12.854603174603175]}, "properties": {"point_id": 357, "row": 5, "col": 37, "demand_2027": 1552.5909733907017}}, {"type": "Feature", "geometry": {"type": "Point", "coordinates": [77.64904761904762, 12.854603174603175]}, "properties": {"point_id": 358, "row": 5, "col": 38, "demand_2027": 1381.0100579942332}}, {"type": "Feature", "geometry": {"type": "Point", "coordinates": [77.65428571428572, 12.854603174603175]}, "properties": {"point_id": 359, "row": 5, "col": 39, "demand_2027": 1610.8159323575226}}, {"type": "Feature", "geometry": {"type": "Point", "coordinates": [77.6595238095238, 12.854603174603175]}, "properties": {"point_id": 360, "row": 5, "col": 40, "demand_2027": 1466.0608052122902}}, {"type": "Feature", "geometry": {"type": "Point", "coordinates": [77.6647619047619, 12.854603174603175]}, "properties": {"point_id": 361, "row": 5, "col": 41, "demand_2027": 1624.0777782515856}}, {"type": "Feature", "geometry": {"type": "Point", "coordinates": [77.67, 12.854603174603175]}, "properties": {"point_id": 362, "row": 5, "col": 42, "demand_2027": 1744.477364492727}}, {"type": "Feature", "geometry": {"type": "Point", "coordinates": [77.6752380952381, 12.854603174603175]}, "properties": {"point_id": 363, "row": 5, "col": 43, "demand_2027": 1222.8048430519423}}, {"type": "Feature", "geometry": {"type": "Point", "coordinates": [77.6804761904762, 12.854603174603175]}, "properties": {"point_id": 364, "row": 5, "col": 44, "demand_2027": 1343.0275934716344}}, {"type": "Feature", "geometry": {"type": "Point", "coordinates": [77.68571428571428, 12.854603174603175]}, "properties": {"point_id": 365, "row": 5, "col": 45, "demand_2027": 1650.2385136755438}}, {"type": "Feature", "geometry": {"type": "Point", "coordinates": [77.69095238095238, 12.854603174603175]}, "properties": {"point_id": 366, "row": 5, "col": 46, "demand_2027": 1108.5395276962577}}, {"type": "Feature", "geometry": {"type": "Point", "coordinates": [77.69619047619048, 12.854603174603175]}, "properties": {"point_id": 367, "row": 5, "col": 47, "demand_2027": 1064.4032626288074}}, {"type": "Feature", "geometry": {"type": "Point", "coordinates": [77.70142857142858, 12.854603174603175]}, "properties": {"point_id": 368, "row": 5, "col": 48, "demand_2027": 1170.519619766943}}, {"type": "Feature", "geometry": {"type": "Point", "coordinates": [77.70666666666666, 12.854603174603175]}, "properties": {"point_id": 369, "row": 5, "col": 49, "demand_2027": 1154.8029576092135}}, {"type": "Feature", "geometry": {"type": "Point", "coordinates": [77.71190476190476, 12.854603174603175]}, "properties": {"point_id": 370, "row": 5, "col": 50, "demand_2027": 1007.9267935507087}}, {"type": "Feature", "geometry": {"type": "Point", "coordinates": [77.71714285714286, 12.854603174603175]}, "properties": {"point_id": 371, "row": 5, "col": 51, "demand_2027": 1027.4699933800255}}, {"type": "Feature", "geometry": {"type": "Point", "coordinates": [77.72238095238096, 12.854603174603175]}, "properties": {"point_id": 372, "row": 5, "col": 52, "demand_2027": 876.8586249070815}}, {"type": "Feature", "geometry": {"type": "Point", "coordinates": [77.72761904761904, 12.854603174603175]}, "properties": {"point_id": 373, "row": 5, "col": 53, "demand_2027": 863.1316869566764}}, {"type": "Feature", "geometry": {"type": "Point", "coordinates": [77.73285714285714, 12.854603174603175]}, "properties": {"point_id": 374, "row": 5, "col": 54, "demand_2027": 738.0496961194369}}, {"type": "Feature", "geometry": {"type": "Point", "coordinates": [77.73809523809524, 12.854603174603175]}, "properties": {"point_id": 375, "row": 5, "col": 55, "demand_2027": 789.9344935770876}}, {"type": "Feature", "geometry": {"type": "Point", "coordinates": [77.74333333333334, 12.854603174603175]}, "properties": {"point_id": 376, "row": 5, "col": 56, "demand_2027": 521.2363776400699}}, {"type": "Feature", "geometry": {"type": "Point", "coordinates": [77.74857142857142, 12.854603174603175]}, "properties": {"point_id": 377, "row": 5, "col": 57, "demand_2027": 331.09657674069376}}, {"type": "Feature", "geometry": {"type": "Point", "coordinates": [77.75380952380952, 12.854603174603175]}, "properties": {"point_id": 378, "row": 5, "col": 58, "demand_2027": 560.1481769598319}}, {"type": "Feature", "geometry": {"type": "Point", "coordinates": [77.75904761904762, 12.854603174603175]}, "properties": {"point_id": 379, "row": 5, "col": 59, "demand_2027": 379.91578985236566}}, {"type": "Feature", "geometry": {"type": "Point", "coordinates": [77.76428571428572, 12.854603174603175]}, "properties": {"point_id": 380, "row": 5, "col": 60, "demand_2027": 400.4276947057041}}, {"type": "Feature", "geometry": {"type": "Point", "coordinates": [77.7695238095238, 12.854603174603175]}, "properties": {"point_id": 381, "row": 5, "col": 61, "demand_2027": 403.67235933013876}}, {"type": "Feature", "geometry": {"type": "Point", "coordinates": [77.7747619047619, 12.854603174603175]}, "properties": {"point_id": 382, "row": 5, "col": 62, "demand_2027": 250.42935334531504}}, {"type": "Feature", "geometry": {"type": "Point", "coordinates": [77.78, 12.854603174603175]}, "properties": {"point_id": 383, "row": 5, "col": 63, "demand_2027": 242.1764601342267}}, {"type": "Feature", "geometry": {"type": "Point", "coordinates": [77.45, 12.85952380952381]}, "properties": {"point_id": 384, "row": 6, "col": 0, "demand_2027": 235.2766350370676}}, {"type": "Feature", "geometry": {"type": "Point", "coordinates": [77.4552380952381, 12.85952380952381]}, "properties": {"point_id": 385, "row": 6, "col": 1, "demand_2027": 279.9701547382817}}, {"type": "Feature", "geometry": {"type": "Point", "coordinates": [77.4604761904762, 12.85952380952381]}, "properties": {"point_id": 386, "row": 6, "col": 2, "demand_2027": 343.0339585131421}}, {"type": "Feature", "geometry": {"type": "Point", "coordinates": [77.46571428571428, 12.85952380952381]}, "properties": {"point_id": 387, "row": 6, "col": 3, "demand_2027": 381.68550552428474}}, {"type": "Feature", "geometry": {"type": "Point", "coordinates": [77.47095238095238, 12.85952380952381]}, "properties": {"point_id": 388, "row": 6, "col": 4, "demand_2027": 355.52104496319424}}, {"type": "Feature", "geometry": {"type": "Point", "coordinates": [77.47619047619048, 12.85952380952381]}, "properties": {"point_id": 389, "row": 6, "col": 5, "demand_2027": 256.2599063961596}}, {"type": "Feature", "geometry": {"type": "Point", "coordinates": [77.48142857142858, 12.85952380952381]}, "properties": {"point_id": 390, "row": 6, "col": 6, "demand_2027": 245.03241385738946}}, {"type": "Feature", "geometry": {"type": "Point", "coordinates": [77.48666666666666, 12.85952380952381]}, "properties": {"point_id": 391, "row": 6, "col": 7, "demand_2027": 365.84014005435426}}, {"type": "Feature", "geometry": {"type": "Point", "coordinates": [77.49190476190476, 12.85952380952381]}, "properties": {"point_id": 392, "row": 6, "col": 8, "demand_2027": 341.76811438359505}}, {"type": "Feature", "geometry": {"type": "Point", "coordinates": [77.49714285714286, 12.85952380952381]}, "properties": {"point_id": 393, "row": 6, "col": 9, "demand_2027": 381.6820759886154}}, {"type": "Feature", "geometry": {"type": "Point", "coordinates": [77.50238095238096, 12.85952380952381]}, "properties": {"point_id": 394, "row": 6, "col": 10, "demand_2027": 400.77534969904394}}, {"type": "Feature", "geometry": {"type": "Point", "coordinates": [77.50761904761904, 12.85952380952381]}, "properties": {"point_id": 395, "row": 6, "col": 11, "demand_2027": 360.1243198341686}}, {"type": "Feature", "geometry": {"type": "Point", "coordinates": [77.51285714285714, 12.85952380952381]}, "properties": {"point_id": 396, "row": 6, "col": 12, "demand_2027": 408.82953674333794}}, {"type": "Feature", "geometry": {"type": "Point", "coordinates": [77.51809523809524, 12.85952380952381]}, "properties": {"point_id": 397, "row": 6, "col": 13, "demand_2027": 336.5935330671333}}, {"type": "Feature", "geometry": {"type": "Point", "coordinates": [77.52333333333334, 12.85952380952381]}, "properties": {"point_id": 398, "row": 6, "col": 14, "demand_2027": 364.3678984266842}}, {"type": "Feature", "geometry": {"type": "Point", "coordinates": [77.52857142857142, 12.85952380952381]}, "properties": {"point_id": 399, "row": 6, "col": 15, "demand_2027": 312.2349001809105}}, {"type": "Feature", "geometry": {"type": "Point", "coordinates": [77.53380952380952, 12.85952380952381]}, "properties": {"point_id": 400, "row": 6, "col": 16, "demand_2027": 333.74000848364506}}, {"type": "Feature", "geometry": {"type": "Point", "coordinates": [77.53904761904762, 12.85952380952381]}, "properties": {"point_id": 401, "row": 6, "col": 17, "demand_2027": 370.9029338348645}}, {"type": "Feature", "geometry": {"type": "Point", "coordinates": [77.54428571428572, 12.85952380952381]}, "properties": {"point_id": 402, "row": 6, "col": 18, "demand_2027": 404.3224872838865}}, {"type": "Feature", "geometry": {"type": "Point", "coordinates": [77.5495238095238, 12.85952380952381]}, "properties": {"point_id": 403, "row": 6, "col": 19, "demand_2027": 372.95446716485105}}, {"type": "Feature", "geometry": {"type": "Point", "coordinates": [77.5547619047619, 12.85952380952381]}, "properties": {"point_id": 404, "row": 6, "col": 20, "demand_2027": 444.4978411383825}}, {"type": "Feature", "geometry": {"type": "Point", "coordinates": [77.56, 12.85952380952381]}, "properties": {"point_id": 405, "row": 6, "col": 21, "demand_2027": 432.31654658770884}}, {"type": "Feature", "geometry": {"type": "Point", "coordinates": [77.5652380952381, 12.85952380952381]}, "properties": {"point_id": 406, "row": 6, "col": 22, "demand_2027": 472.66193455233247}}, {"type": "Feature", "geometry": {"type": "Point", "coordinates": [77.5704761904762, 12.85952380952381]}, "properties": {"point_id": 407, "row": 6, "col": 23, "demand_2027": 609.8462858029282}}, {"type": "Feature", "geometry": {"type": "Point", "coordinates": [77.57571428571428, 12.85952380952381]}, "properties": {"point_id": 408, "row": 6, "col": 24, "demand_2027": 383.25452377060736}}, {"type": "Feature", "geometry": {"type": "Point", "coordinates": [77.58095238095238, 12.85952380952381]}, "properties": {"point_id": 409, "row": 6, "col": 25, "demand_2027": 510.856002161758}}, {"type": "Feature", "geometry": {"type": "Point", "coordinates": [77.58619047619048, 12.85952380952381]}, "properties": {"point_id": 410, "row": 6, "col": 26, "demand_2027": 542.4833488025988}}, {"type": "Feature", "geometry": {"type": "Point", "coordinates": [77.59142857142858, 12.85952380952381]}, "properties": {"point_id": 411, "row": 6, "col": 27, "demand_2027": 483.264649528922}}, {"type": "Feature", "geometry": {"type": "Point", "coordinates": [77.59666666666666, 12.85952380952381]}, "properties": {"point_id": 412, "row": 6, "col": 28, "demand_2027": 735.4880624720935}}, {"type": "Feature", "geometry": {"type": "Point", "coordinates": [77.60190476190476, 12.85952380952381]}, "properties": {"point_id": 413, "row": 6, "col": 29, "demand_2027": 1075.8992654288345}}, {"type": "Feature", "geometry": {"type": "Point", "coordinates": [77.60714285714286, 12.85952380952381]}, "properties": {"point_id": 414, "row": 6, "col": 30, "demand_2027": 922.033173878243}}, {"type": "Feature", "geometry": {"type": "Point", "coordinates": [77.61238095238096, 12.85952380952381]}, "properties": {"point_id": 415, "row": 6, "col": 31, "demand_2027": 1166.0991024055288}}, {"type": "Feature", "geometry": {"type": "Point", "coordinates": [77.61761904761904, 12.85952380952381]}, "properties": {"point_id": 416, "row": 6, "col": 32, "demand_2027": 1482.2779931863934}}, {"type": "Feature", "geometry": {"type": "Point", "coordinates": [77.62285714285714, 12.85952380952381]}, "properties": {"point_id": 417, "row": 6, "col": 33, "demand_2027": 1538.811755475331}}, {"type": "Feature", "geometry": {"type": "Point", "coordinates": [77.62809523809524, 12.85952380952381]}, "properties": {"point_id": 418, "row": 6, "col": 34, "demand_2027": 1422.8476735873273}}, {"type": "Feature", "geometry": {"type": "Point", "coordinates": [77.63333333333334, 12.85952380952381]}, "properties": {"point_id": 419, "row": 6, "col": 35, "demand_2027": 1758.2750163826522}}, {"type": "Feature", "geometry": {"type": "Point", "coordinates": [77.63857142857142, 12.85952380952381]}, "properties": {"point_id": 420, "row": 6, "col": 36, "demand_2027": 1540.4821942838291}}, {"type": "Feature", "geometry": {"type": "Point", "coordinates": [77.64380952380952, 12.85952380952381]}, "properties": {"point_id": 421, "row": 6, "col": 37, "demand_2027": 1275.9609692997938}}, {"type": "Feature", "geometry": {"type": "Point", "coordinates": [77.64904761904762, 12.85952380952381]}, "properties": {"point_id": 422, "row": 6, "col": 38, "demand_2027": 1448.3797819340264}}, {"type": "Feature", "geometry": {"type": "Point", "coordinates": [77.65428571428572, 12.85952380952381]}, "properties": {"point_id": 423, "row": 6, "col": 39, "demand_2027": 1247.7258999950734}}, {"type": "Feature", "geometry": {"type": "Point", "coordinates": [77.6595238095238, 12.85952380952381]}, "properties": {"point_id": 424, "row": 6, "col": 40, "demand_2027": 1461.3587934961422}}, {"type": "Feature", "geometry": {"type": "Point", "coordinates": [77.6647619047619, 12.85952380952381]}, "properties": {"point_id": 425, "row": 6, "col": 41, "demand_2027": 1601.0637515749372}}, {"type": "Feature", "geometry": {"type": "Point", "coordinates": [77.67, 12.85952380952381]}, "properties": {"point_id": 426, "row": 6, "col": 42, "demand_2027": 1764.040476417724}}, {"type": "Feature", "geometry": {"type": "Point", "coordinates": [77.6752380952381, 12.85952380952381]}, "properties": {"point_id": 427, "row": 6, "col": 43, "demand_2027": 1927.744985866724}}, {"type": "Feature", "geometry": {"type": "Point", "coordinates": [77.6804761904762, 12.85952380952381]}, "properties": {"point_id": 428, "row": 6, "col": 44, "demand_2027": 1208.1176834547718}}, {"type": "Feature", "geometry": {"type": "Point", "coordinates": [77.68571428571428, 12.85952380952381]}, "properties": {"point_id": 429, "row": 6, "col": 45, "demand_2027": 1457.9732638199105}}, {"type": "Feature", "geometry": {"type": "Point", "coordinates": [77.69095238095238, 12.85952380952381]}, "properties": {"point_id": 430, "row": 6, "col": 46, "demand_2027": 1065.0106078400127}}, {"type": "Feature", "geometry": {"type": "Point", "coordinates": [77.69619047619048, 12.85952380952381]}, "properties": {"point_id": 431, "row": 6, "col": 47, "demand_2027": 1306.5403313747697}}, {"type": "Feature", "geometry": {"type": "Point", "coordinates": [77.70142857142858, 12.85952380952381]}, "properties": {"point_id": 432, "row": 6, "col": 48, "demand_2027": 1174.296308956469}}, {"type": "Feature", "geometry": {"type": "Point", "coordinates": [77.70666666666666, 12.85952380952381]}, "properties": {"point_id": 433, "row": 6, "col": 49, "demand_2027": 777.0889549775624}}, {"type": "Feature", "geometry": {"type": "Point", "coordinates": [77.71190476190476, 12.85952380952381]}, "properties": {"point_id": 434, "row": 6, "col": 50, "demand_2027": 1154.6306746898767}}, {"type": "Feature", "geometry": {"type": "Point", "coordinates": [77.71714285714286, 12.85952380952381]}, "properties": {"point_id": 435, "row": 6, "col": 51, "demand_2027": 848.376672906029}}, {"type": "Feature", "geometry": {"type": "Point", "coordinates": [77.72238095238096, 12.85952380952381]}, "properties": {"point_id": 436, "row": 6, "col": 52, "demand_2027": 780.6206329641745}}, {"type": "Feature", "geometry": {"type": "Point", "coordinates": [77.72761904761904, 12.85952380952381]}, "properties": {"point_id": 437, "row": 6, "col": 53, "demand_2027": 640.4409042250473}}, {"type": "Feature", "geometry": {"type": "Point", "coordinates": [77.73285714285714, 12.85952380952381]}, "properties": {"point_id": 438, "row": 6, "col": 54, "demand_2027": 602.9493142877454}}, {"type": "Feature", "geometry": {"type": "Point", "coordinates": [77.73809523809524, 12.85952380952381]}, "properties": {"point_id": 439, "row": 6, "col": 55, "demand_2027": 675.1049332577101}}, {"type": "Feature", "geometry": {"type": "Point", "coordinates": [77.74333333333334, 12.85952380952381]}, "properties": {"point_id": 440, "row": 6, "col": 56, "demand_2027": 562.7076968546779}}, {"type": "Feature", "geometry": {"type": "Point", "coordinates": [77.74857142857142, 12.85952380952381]}, "properties": {"point_id": 441, "row": 6, "col": 57, "demand_2027": 531.6067149731596}}, {"type": "Feature", "geometry": {"type": "Point", "coordinates": [77.75380952380952, 12.85952380952381]}, "properties": {"point_id": 442, "row": 6, "col": 58, "demand_2027": 483.0724482924201}}, {"type": "Feature", "geometry": {"type": "Point", "coordinates": [77.75904761904762, 12.85952380952381]}, "properties": {"point_id": 443, "row": 6, "col": 59, "demand_2027": 524.1070021318247}}, {"type": "Feature", "geometry": {"type": "Point", "coordinates": [77.76428571428572, 12.85952380952381]}, "properties": {"point_id": 444, "row": 6, "col": 60, "demand_2027": 371.73496190778496}}, {"type": "Feature", "geometry": {"type": "Point", "coordinates": [77.7695238095238, 12.85952380952381]}, "properties": {"point_id": 445, "row": 6, "col": 61, "demand_2027": 284.52306671235675}}, {"type": "Feature", "geometry": {"type": "Point", "coordinates": [77.7747619047619, 12.85952380952381]}, "properties": {"point_id": 446, "row": 6, "col": 62, "demand_2027": 367.6481716594245}}, {"type": "Feature", "geometry": {"type": "Point", "coordinates": [77.78, 12.85952380952381]}, "properties": {"point_id": 447, "row": 6, "col": 63, "demand_2027": 309.24657517261636}}, {"type": "Feature", "geometry": {"type": "Point", "coordinates": [77.45, 12.864444444444445]}, "properties": {"point_id": 448, "row": 7, "col": 0, "demand_2027": 401.51760697225427}}, {"type": "Feature", "geometry": {"type": "Point", "coordinates": [77.4552380952381, 12.864444444444445]}, "properties": {"point_id": 449, "row": 7, "col": 1, "demand_2027": 362.32060310647086}}, {"type": "Feature", "geometry": {"type": "Point", "coordinates": [77.4604761904762, 12.864444444444445]}, "properties": {"point_id": 450, "row": 7, "col": 2, "demand_2027": 327.50696529463266}}, {"type": "Feature", "geometry": {"type": "Point", "coordinates": [77.46571428571428, 12.864444444444445]}, "properties": {"point_id": 451, "row": 7, "col": 3, "demand_2027": 382.257497647728}}, {"type": "Feature", "geometry": {"type": "Point", "coordinates": [77.47095238095238, 12.864444444444445]}, "properties": {"point_id": 452, "row": 7, "col": 4, "demand_2027": 480.02468918360194}}, {"type": "Feature", "geometry": {"type": "Point", "coordinates": [77.47619047619048, 12.864444444444445]}, "properties": {"point_id": 453, "row": 7, "col": 5, "demand_2027": 513.1064535859675}}, {"type": "Feature", "geometry": {"type": "Point", "coordinates": [77.48142857142858, 12.864444444444445]}, "properties": {"point_id": 454, "row": 7, "col": 6, "demand_2027": 404.36212546552787}}, {"type": "Feature", "geometry": {"type": "Point", "coordinates": [77.48666666666666, 12.864444444444445]}, "properties": {"point_id": 455, "row": 7, "col": 7, "demand_2027": 425.41839110140216}}, {"type": "Feature", "geometry": {"type": "Point", "coordinates": [77.49190476190476, 12.864444444444445]}, "properties": {"point_id": 456, "row": 7, "col": 8, "demand_2027": 443.9290666839824}}, {"type": "Feature", "geometry": {"type": "Point", "coordinates": [77.49714285714286, 12.864444444444445]}, "properties": {"point_id": 457, "row": 7, "col": 9, "demand_2027": 330.6879857547849}}, {"type": "Feature", "geometry": {"type": "Point", "coordinates": [77.50238095238096, 12.864444444444445]}, "properties": {"point_id": 458, "row": 7, "col": 10, "demand_2027": 406.5310453039994}}, {"type": "Feature", "geometry": {"type": "Point", "coordinates": [77.50761904761904, 12.864444444444445]}, "properties": {"point_id": 459, "row": 7, "col": 11, "demand_2027": 376.19810849231334}}, {"type": "Feature", "geometry": {"type": "Point", "coordinates": [77.51285714285714, 12.864444444444445]}, "properties": {"point_id": 460, "row": 7, "col": 12, "demand_2027": 402.98135620863883}}, {"type": "Feature", "geometry": {"type": "Point", "coordinates": [77.51809523809524, 12.864444444444445]}, "properties": {"point_id": 461, "row": 7, "col": 13, "demand_2027": 325.6421431231588}}, {"type": "Feature", "geometry": {"type": "Point", "coordinates": [77.52333333333334, 12.864444444444445]}, "properties": {"point_id": 462, "row": 7, "col": 14, "demand_2027": 286.89918893665083}}, {"type": "Feature", "geometry": {"type": "Point", "coordinates": [77.52857142857142, 12.864444444444445]}, "properties": {"point_id": 463, "row": 7, "col": 15, "demand_2027": 251.44154927111995}}, {"type": "Feature", "geometry": {"type": "Point", "coordinates": [77.53380952380952, 12.864444444444445]}, "properties": {"point_id": 464, "row": 7, "col": 16, "demand_2027": 314.3185372986661}}, {"type": "Feature", "geometry": {"type": "Point", "coordinates": [77.53904761904762, 12.864444444444445]}, "properties": {"point_id": 465, "row": 7, "col": 17, "demand_2027": 353.81663368974955}}, {"type": "Feature", "geometry": {"type": "Point", "coordinates": [77.54428571428572, 12.864444444444445]}, "properties": {"point_id": 466, "row": 7, "col": 18, "demand_2027": 370.5888319338396}}, {"type": "Feature", "geometry": {"type": "Point", "coordinates": [77.5495238095238, 12.864444444444445]}, "properties": {"point_id": 467, "row": 7, "col": 19, "demand_2027": 541.2377914525591}}, {"type": "Feature", "geometry": {"type": "Point", "coordinates": [77.5547619047619, 12.864444444444445]}, "properties": {"point_id": 468, "row": 7, "col": 20, "demand_2027": 496.0626325073773}}, {"type": "Feature", "geometry": {"type": "Point", "coordinates": [77.56, 12.864444444444445]}, "properties": {"point_id": 469, "row": 7, "col": 21, "demand_2027": 397.9040299337846}}, {"type": "Feature", "geometry": {"type": "Point", "coordinates": [77.5652380952381, 12.864444444444445]}, "properties": {"point_id": 470, "row": 7, "col": 22, "demand_2027": 548.0274049393972}}, {"type": "Feature", "geometry": {"type": "Point", "coordinates": [77.5704761904762, 12.864444444444445]}, "properties": {"point_id": 471, "row": 7, "col": 23, "demand_2027": 500.8924467159239}}, {"type": "Feature", "geometry": {"type": "Point", "coordinates": [77.57571428571428, 12.864444444444445]}, "properties": {"point_id": 472, "row": 7, "col": 24, "demand_2027": 599.4871406389922}}, {"type": "Feature", "geometry": {"type": "Point", "coordinates": [77.58095238095238, 12.864444444444445]}, "properties": {"point_id": 473, "row": 7, "col": 25, "demand_2027": 682.853657353407}}, {"type": "Feature", "geometry": {"type": "Point", "coordinates": [77.58619047619048, 12.864444444444445]}, "properties": {"point_id": 474, "row": 7, "col": 26, "demand_2027": 744.4685398782456}}, {"type": "Feature", "geometry": {"type": "Point", "coordinates": [77.59142857142858, 12.864444444444445]}, "properties": {"point_id": 475, "row": 7, "col": 27, "demand_2027": 753.1405204370787}}, {"type": "Feature", "geometry": {"type": "Point", "coordinates": [77.59666666666666, 12.864444444444445]}, "properties": {"point_id": 476, "row": 7, "col": 28, "demand_2027": 1037.7412698814385}}, {"type": "Feature", "geometry": {"type": "Point", "coordinates": [77.60190476190476, 12.864444444444445]}, "properties": {"point_id": 477, "row": 7, "col": 29, "demand_2027": 793.0958358763274}}, {"type": "Feature", "geometry": {"type": "Point", "coordinates": [77.60714285714286, 12.864444444444445]}, "properties": {"point_id": 478, "row": 7, "col": 30, "demand_2027": 1070.0466193329075}}, {"type": "Feature", "geometry": {"type": "Point", "coordinates": [77.61238095238096, 12.864444444444445]}, "properties": {"point_id": 479, "row": 7, "col": 31, "demand_2027": 1628.4068912753903}}, {"type": "Feature", "geometry": {"type": "Point", "coordinates": [77.61761904761904, 12.864444444444445]}, "properties": {"point_id": 480, "row": 7, "col": 32, "demand_2027": 1227.8834505679877}}, {"type": "Feature", "geometry": {"type": "Point", "coordinates": [77.62285714285714, 12.864444444444445]}, "properties": {"point_id": 481, "row": 7, "col": 33, "demand_2027": 1639.1924227501252}}, {"type": "Feature", "geometry": {"type": "Point", "coordinates": [77.62809523809524, 12.864444444444445]}, "properties": {"point_id": 482, "row": 7, "col": 34, "demand_2027": 1455.9857508053974}}, {"type": "Feature", "geometry": {"type": "Point", "coordinates": [77.63333333333334, 12.864444444444445]}, "properties": {"point_id": 483, "row": 7, "col": 35, "demand_2027": 1741.7311334219073}}, {"type": "Feature", "geometry": {"type": "Point", "coordinates": [77.63857142857142, 12.864444444444445]}, "properties": {"point_id": 484, "row": 7, "col": 36, "demand_2027": 1568.000220454103}}, {"type": "Feature", "geometry": {"type": "Point", "coordinates": [77.64380952380952, 12.864444444444445]}, "properties": {"point_id": 485, "row": 7, "col": 37, "demand_2027": 1615.1435892768943}}, {"type": "Feature", "geometry": {"type": "Point", "coordinates": [77.64904761904762, 12.864444444444445]}, "properties": {"point_id": 486, "row": 7, "col": 38, "demand_2027": 1457.0582572096018}}, {"type": "Feature", "geometry": {"type": "Point", "coordinates": [77.65428571428572, 12.864444444444445]}, "properties": {"point_id": 487, "row": 7, "col": 39, "demand_2027": 1850.1593771181049}}, {"type": "Feature", "geometry": {"type": "Point", "coordinates": [77.6595238095238, 12.864444444444445]}, "properties": {"point_id": 488, "row": 7, "col": 40, "demand_2027": 1591.737477691144}}, {"type": "Feature", "geometry": {"type": "Point", "coordinates": [77.6647619047619, 12.864444444444445]}, "properties": {"point_id": 489, "row": 7, "col": 41, "demand_2027": 1869.1425694475283}}, {"type": "Feature", "geometry": {"type": "Point", "coordinates": [77.67, 12.864444444444445]}, "properties": {"point_id": 490, "row": 7, "col": 42, "demand_2027": 1974.3546982353596}}, {"type": "Feature", "geometry": {"type": "Point", "coordinates": [77.6752380952381, 12.864444444444445]}, "properties": {"point_id": 491, "row": 7, "col": 43, "demand_2027": 1763.4265235978667}}, {"type": "Feature", "geometry": {"type": "Point", "coordinates": [77.6804761904762, 12.864444444444445]}, "properties": {"point_id": 492, "row": 7, "col": 44, "demand_2027": 1419.3752915713576}}, {"type": "Feature", "geometry": {"type": "Point", "coordinates": [77.68571428571428, 12.864444444444445]}, "properties": {"point_id": 493, "row": 7, "col": 45, "demand_2027": 1541.2984558883502}}, {"type": "Feature", "geometry": {"type": "Point", "coordinates": [77.69095238095238, 12.864444444444445]}, "properties": {"point_id": 494, "row": 7, "col": 46, "demand_2027": 1403.1756103304158}}, {"type": "Feature", "geometry": {"type": "Point", "coordinates": [77.69619047619048, 12.864444444444445]}, "properties": {"point_id": 495, "row": 7, "col": 47, "demand_2027": 1601.2291071440598}}, {"type": "Feature", "geometry": {"type": "Point", "coordinates": [77.70142857142858, 12.864444444444445]}, "properties": {"point_id": 496, "row": 7, "col": 48, "demand_2027": 850.1109352249}}, {"type": "Feature", "geometry": {"type": "Point", "coordinates": [77.70666666666666, 12.864444444444445]}, "properties": {"point_id": 497, "row": 7, "col": 49, "demand_2027": 1051.8348551032832}}, {"type": "Feature", "geometry": {"type": "Point", "coordinates": [77.71190476190476, 12.864444444444445]}, "properties": {"point_id": 498, "row": 7, "col": 50, "demand_2027": 715.8314727948385}}, {"type": "Feature", "geometry": {"type": "Point", "coordinates": [77.71714285714286, 12.864444444444445]}, "properties": {"point_id": 499, "row": 7, "col": 51, "demand_2027": 751.1455686343353}}, {"type": "Feature", "geometry": {"type": "Point", "coordinates": [77.72238095238096, 12.864444444444445]}, "properties": {"point_id": 500, "row": 7, "col": 52, "demand_2027": 1039.8611461177534}}, {"type": "Feature", "geometry": {"type": "Point", "coordinates": [77.72761904761904, 12.864444444444445]}, "properties": {"point_id": 501, "row": 7, "col": 53, "demand_2027": 927.9277718670256}}, {"type": "Feature", "geometry": {"type": "Point", "coordinates": [77.73285714285714, 12.864444444444445]}, "properties": {"point_id": 502, "row": 7, "col": 54, "demand_2027": 640.6763554116602}}, {"type": "Feature", "geometry": {"type": "Point", "coordinates": [77.73809523809524, 12.864444444444445]}, "properties": {"point_id": 503, "row": 7, "col": 55, "demand_2027": 516.6539202341546}}, {"type": "Feature", "geometry": {"type": "Point", "coordinates": [77.74333333333334, 12.864444444444445]}, "properties": {"point_id": 504, "row": 7, "col": 56, "demand_2027": 318.6586011676549}}, {"type": "Feature", "geometry": {"type": "Point", "coordinates": [77.74857142857142, 12.864444444444445]}, "properties": {"point_id": 505, "row": 7, "col": 57, "demand_2027": 489.39203055583965}}, {"type": "Feature", "geometry": {"type": "Point", "coordinates": [77.75380952380952, 12.864444444444445]}, "properties": {"point_id": 506, "row": 7, "col": 58, "demand_2027": 660.0582374740889}}, {"type": "Feature", "geometry": {"type": "Point", "coordinates": [77.75904761904762, 12.864444444444445]}, "properties": {"point_id": 507, "row": 7, "col": 59, "demand_2027": 463.10364753273353}}, {"type": "Feature", "geometry": {"type": "Point", "coordinates": [77.76428571428572, 12.864444444444445]}, "properties": {"point_id": 508, "row": 7, "col": 60, "demand_2027": 341.63044421024284}}, {"type": "Feature", "geometry": {"type": "Point", "coordinates": [77.7695238095238, 12.864444444444445]}, "properties": {"point_id": 509, "row": 7, "col": 61, "demand_2027": 409.40898513771896}}, {"type": "Feature", "geometry": {"type": "Point", "coordinates": [77.7747619047619, 12.864444444444445]}, "properties": {"point_id": 510, "row": 7, "col": 62, "demand_2027": 272.99088861099955}}, {"type": "Feature", "geometry": {"type": "Point", "coordinates": [77.78, 12.864444444444445]}, "properties": {"point_id": 511, "row": 7, "col": 63, "demand_2027": 327.0547954293458}}, {"type": "Feature", "geometry": {"type": "Point", "coordinates": [77.45, 12.86936507936508]}, "properties": {"point_id": 512, "row": 8, "col": 0, "demand_2027": 343.9609790559233}}, {"type": "Feature", "geometry": {"type": "Point", "coordinates": [77.4552380952381, 12.86936507936508]}, "properties": {"point_id": 513, "row": 8, "col": 1, "demand_2027": 369.1089380501834}}, {"type": "Feature", "geometry": {"type": "Point", "coordinates": [77.4604761904762, 12.86936507936508]}, "properties": {"point_id": 514, "row": 8, "col": 2, "demand_2027": 431.4345270370976}}, {"type": "Feature", "geometry": {"type": "Point", "coordinates": [77.46571428571428, 12.86936507936508]}, "properties": {"point_id": 515, "row": 8, "col": 3, "demand_2027": 417.4923423594188}}, {"type": "Feature", "geometry": {"type": "Point", "coordinates": [77.47095238095238, 12.86936507936508]}, "properties": {"point_id": 516, "row": 8, "col": 4, "demand_2027": 448.3939522243066}}, {"type": "Feature", "geometry": {"type": "Point", "coordinates": [77.47619047619048, 12.86936507936508]}, "properties": {"point_id": 517, "row": 8, "col": 5, "demand_2027": 363.69572210013246}}, {"type": "Feature", "geometry": {"type": "Point", "coordinates": [77.48142857142858, 12.86936507936508]}, "properties": {"point_id": 518, "row": 8, "col": 6, "demand_2027": 456.79694992254724}}, {"type": "Feature", "geometry": {"type": "Point", "coordinates": [77.48666666666666, 12.86936507936508]}, "properties": {"point_id": 519, "row": 8, "col": 7, "demand_2027": 502.4618123124481}}, {"type": "Feature", "geometry": {"type": "Point", "coordinates": [77.49190476190476, 12.86936507936508]}, "properties": {"point_id": 520, "row": 8, "col": 8, "demand_2027": 349.4976482919836}}, {"type": "Feature", "geometry": {"type": "Point", "coordinates": [77.49714285714286, 12.86936507936508]}, "properties": {"point_id": 521, "row": 8, "col": 9, "demand_2027": 352.6943809670507}}, {"type": "Feature", "geometry": {"type": "Point", "coordinates": [77.50238095238096, 12.86936507936508]}, "properties": {"point_id": 522, "row": 8, "col": 10, "demand_2027": 482.7637974810359}}, {"type": "Feature", "geometry": {"type": "Point", "coordinates": [77.50761904761904, 12.86936507936508]}, "properties": {"point_id": 523, "row": 8, "col": 11, "demand_2027": 384.3090133210191}}, {"type": "Feature", "geometry": {"type": "Point", "coordinates": [77.51285714285714, 12.86936507936508]}, "properties": {"point_id": 524, "row": 8, "col": 12, "demand_2027": 470.77729742989953}}, {"type": "Feature", "geometry": {"type": "Point", "coordinates": [77.51809523809524, 12.86936507936508]}, "properties": {"point_id": 525, "row": 8, "col": 13, "demand_2027": 363.46461501687503}}, {"type": "Feature", "geometry": {"type": "Point", "coordinates": [77.52333333333334, 12.86936507936508]}, "properties": {"point_id": 526, "row": 8, "col": 14, "demand_2027": 489.8837196156542}}, {"type": "Feature", "geometry": {"type": "Point", "coordinates": [77.52857142857142, 12.86936507936508]}, "properties": {"point_id": 527, "row": 8, "col": 15, "demand_2027": 399.3626235251528}}, {"type": "Feature", "geometry": {"type": "Point", "coordinates": [77.53380952380952, 12.86936507936508]}, "properties": {"point_id": 528, "row": 8, "col": 16, "demand_2027": 398.35439520883585}}, {"type": "Feature", "geometry": {"type": "Point", "coordinates": [77.53904761904762, 12.86936507936508]}, "properties": {"point_id": 529, "row": 8, "col": 17, "demand_2027": 505.6994252442696}}, {"type": "Feature", "geometry": {"type": "Point", "coordinates": [77.54428571428572, 12.86936507936508]}, "properties": {"point_id": 530, "row": 8, "col": 18, "demand_2027": 398.59272578693856}}, {"type": "Feature", "geometry": {"type": "Point", "coordinates": [77.5495238095238, 12.86936507936508]}, "properties": {"point_id": 531, "row": 8, "col": 19, "demand_2027": 360.8798777423426}}, {"type": "Feature", "geometry": {"type": "Point", "coordinates": [77.5547619047619, 12.86936507936508]}, "properties": {"point_id": 532, "row": 8, "col": 20, "demand_2027": 427.198998657359}}, {"type": "Feature", "geometry": {"type": "Point", "coordinates": [77.56, 12.86936507936508]}, "properties": {"point_id": 533, "row": 8, "col": 21, "demand_2027": 517.2147027041774}}, {"type": "Feature", "geometry": {"type": "Point", "coordinates": [77.5652380952381, 12.86936507936508]}, "properties": {"point_id": 534, "row": 8, "col": 22, "demand_2027": 401.5887165228405}}, {"type": "Feature", "geometry": {"type": "Point", "coordinates": [77.5704761904762, 12.86936507936508]}, "properties": {"point_id": 535, "row": 8, "col": 23, "demand_2027": 622.9189366118177}}, {"type": "Feature", "geometry": {"type": "Point", "coordinates": [77.57571428571428, 12.86936507936508]}, "properties": {"point_id": 536, "row": 8, "col": 24, "demand_2027": 586.6334501124377}}, {"type": "Feature", "geometry": {"type": "Point", "coordinates": [77.58095238095238, 12.86936507936508]}, "properties": {"point_id": 537, "row": 8, "col": 25, "demand_2027": 803.4770133316206}}, {"type": "Feature", "geometry": {"type": "Point", "coordinates": [77.58619047619048, 12.86936507936508]}, "properties": {"point_id": 538, "row": 8, "col": 26, "demand_2027": 490.02323875592754}}, {"type": "Feature", "geometry": {"type": "Point", "coordinates": [77.59142857142858, 12.86936507936508]}, "properties": {"point_id": 539, "row": 8, "col": 27, "demand_2027": 717.5030488330311}}, {"type": "Feature", "geometry": {"type": "Point", "coordinates": [77.59666666666666, 12.86936507936508]}, "properties": {"point_id": 540, "row": 8, "col": 28, "demand_2027": 663.529903621389}}, {"type": "Feature", "geometry": {"type": "Point", "coordinates": [77.60190476190476, 12.86936507936508]}, "properties": {"point_id": 541, "row": 8, "col": 29, "demand_2027": 934.1711121030384}}, {"type": "Feature", "geometry": {"type": "Point", "coordinates": [77.60714285714286, 12.86936507936508]}, "properties": {"point_id": 542, "row": 8, "col": 30, "demand_2027": 1166.4547935962325}}, {"type": "Feature", "geometry": {"type": "Point", "coordinates": [77.61238095238096, 12.86936507936508]}, "properties": {"point_id": 543, "row": 8, "col": 31, "demand_2027": 1202.3387071602115}}, {"type": "Feature", "geometry": {"type": "Point", "coordinates": [77.61761904761904, 12.86936507936508]}, "properties": {"point_id": 544, "row": 8, "col": 32, "demand_2027": 1322.5161926172207}}, {"type": "Feature", "geometry": {"type": "Point", "coordinates": [77.62285714285714, 12.86936507936508]}, "properties": {"point_id": 545, "row": 8, "col": 33, "demand_2027": 1315.6825261387814}}, {"type": "Feature", "geometry": {"type": "Point", "coordinates": [77.62809523809524, 12.86936507936508]}, "properties": {"point_id": 546, "row": 8, "col": 34, "demand_2027": 1474.2644154341972}}, {"type": "Feature", "geometry": {"type": "Point", "coordinates": [77.63333333333334, 12.86936507936508]}, "properties": {"point_id": 547, "row": 8, "col": 35, "demand_2027": 1342.7842975119052}}, {"type": "Feature", "geometry": {"type": "Point", "coordinates": [77.63857142857142, 12.86936507936508]}, "properties": {"point_id": 548, "row": 8, "col": 36, "demand_2027": 1769.1023255779655}}, {"type": "Feature", "geometry": {"type": "Point", "coordinates": [77.64380952380952, 12.86936507936508]}, "properties": {"point_id": 549, "row": 8, "col": 37, "demand_2027": 1859.8364601289254}}, {"type": "Feature", "geometry": {"type": "Point", "coordinates": [77.64904761904762, 12.86936507936508]}, "properties": {"point_id": 550, "row": 8, "col": 38, "demand_2027": 1820.2982235609486}}, {"type": "Feature", "geometry": {"type": "Point", "coordinates": [77.65428571428572, 12.86936507936508]}, "properties": {"point_id": 551, "row": 8, "col": 39, "demand_2027": 1912.6884529093466}}, {"type": "Feature", "geometry": {"type": "Point", "coordinates": [77.6595238095238, 12.86936507936508]}, "properties": {"point_id": 552, "row": 8, "col": 40, "demand_2027": 1877.1443568827654}}, {"type": "Feature", "geometry": {"type": "Point", "coordinates": [77.6647619047619, 12.86936507936508]}, "properties": {"point_id": 553, "row": 8, "col": 41, "demand_2027": 2234.1941066931868}}, {"type": "Feature", "geometry": {"type": "Point", "coordinates": [77.67, 12.86936507936508]}, "properties": {"point_id": 554, "row": 8, "col": 42, "demand_2027": 1630.4187208772255}}, {"type": "Feature", "geometry": {"type": "Point", "coordinates": [77.6752380952381, 12.86936507936508]}, "properties": {"point_id": 555, "row": 8, "col": 43, "demand_2027": 1590.2371974231025}}, {"type": "Feature", "geometry": {"type": "Point", "coordinates": [77.6804761904762, 12.86936507936508]}, "properties": {"point_id": 556, "row": 8, "col": 44, "demand_2027": 1439.5118994968059}}, {"type": "Feature", "geometry": {"type": "Point", "coordinates": [77.68571428571428, 12.86936507936508]}, "properties": {"point_id": 557, "row": 8, "col": 45, "demand_2027": 1312.764262776604}}, {"type": "Feature", "geometry": {"type": "Point", "coordinates": [77.69095238095238, 12.86936507936508]}, "properties": {"point_id": 558, "row": 8, "col": 46, "demand_2027": 1170.183058227153}}, {"type": "Feature", "geometry": {"type": "Point", "coordinates": [77.69619047619048, 12.86936507936508]}, "properties": {"point_id": 559, "row": 8, "col": 47, "demand_2027": 1237.3491163114982}}, {"type": "Feature", "geometry": {"type": "Point", "coordinates": [77.70142857142858, 12.86936507936508]}, "properties": {"point_id": 560, "row": 8, "col": 48, "demand_2027": 1217.1364076228083}}, {"type": "Feature", "geometry": {"type": "Point", "coordinates": [77.70666666666666, 12.86936507936508]}, "properties": {"point_id": 561, "row": 8, "col": 49, "demand_2027": 1236.130682559574}}, {"type": "Feature", "geometry": {"type": "Point", "coordinates": [77.71190476190476, 12.86936507936508]}, "properties": {"point_id": 562, "row": 8, "col": 50, "demand_2027": 1120.77673198878}}, {"type": "Feature", "geometry": {"type": "Point", "coordinates": [77.71714285714286, 12.86936507936508]}, "properties": {"point_id": 563, "row": 8, "col": 51, "demand_2027": 813.19043403941}}, {"type": "Feature", "geometry": {"type": "Point", "coordinates": [77.72238095238096, 12.86936507936508]}, "properties": {"point_id": 564, "row": 8, "col": 52, "demand_2027": 1078.6981432372802}}, {"type": "Feature", "geometry": {"type": "Point", "coordinates": [77.72761904761904, 12.86936507936508]}, "properties": {"point_id": 565, "row": 8, "col": 53, "demand_2027": 926.8959226696792}}, {"type": "Feature", "geometry": {"type": "Point", "coordinates": [77.73285714285714, 12.86936507936508]}, "properties": {"point_id": 566, "row": 8, "col": 54, "demand_2027": 740.0994939509438}}, {"type": "Feature", "geometry": {"type": "Point", "coordinates": [77.73809523809524, 12.86936507936508]}, "properties": {"point_id": 567, "row": 8, "col": 55, "demand_2027": 604.2155636295211}}, {"type": "Feature", "geometry": {"type": "Point", "coordinates": [77.74333333333334, 12.86936507936508]}, "properties": {"point_id": 568, "row": 8, "col": 56, "demand_2027": 717.7133537123119}}, {"type": "Feature", "geometry": {"type": "Point", "coordinates": [77.74857142857142, 12.86936507936508]}, "properties": {"point_id": 569, "row": 8, "col": 57, "demand_2027": 594.374064356343}}, {"type": "Feature", "geometry": {"type": "Point", "coordinates": [77.75380952380952, 12.86936507936508]}, "properties": {"point_id": 570, "row": 8, "col": 58, "demand_2027": 428.6791562627062}}, {"type": "Feature", "geometry": {"type": "Point", "coordinates": [77.75904761904762, 12.86936507936508]}, "properties": {"point_id": 571, "row": 8, "col": 59, "demand_2027": 485.06451987863227}}, {"type": "Feature", "geometry": {"type": "Point", "coordinates": [77.76428571428572, 12.86936507936508]}, "properties": {"point_id": 572, "row": 8, "col": 60, "demand_2027": 460.5669939908554}}, {"type": "Feature", "geometry": {"type": "Point", "coordinates": [77.7695238095238, 12.86936507936508]}, "properties": {"point_id": 573, "row": 8, "col": 61, "demand_2027": 355.8950778320184}}, {"type": "Feature", "geometry": {"type": "Point", "coordinates": [77.7747619047619, 12.86936507936508]}, "properties": {"point_id": 574, "row": 8, "col": 62, "demand_2027": 378.9661704262277}}, {"type": "Feature", "geometry": {"type": "Point", "coordinates": [77.78, 12.86936507936508]}, "properties": {"point_id": 575, "row": 8, "col": 63, "demand_2027": 283.61068204540413}}, {"type": "Feature", "geometry": {"type": "Point", "coordinates": [77.45, 12.874285714285714]}, "properties": {"point_id": 576, "row": 9, "col": 0, "demand_2027": 439.4477622222112}}, {"type": "Feature", "geometry": {"type": "Point", "coordinates": [77.4552380952381, 12.874285714285714]}, "properties": {"point_id": 577, "row": 9, "col": 1, "demand_2027": 454.5508726567705}}, {"type": "Feature", "geometry": {"type": "Point", "coordinates": [77.4604761904762, 12.874285714285714]}, "properties": {"point_id": 578, "row": 9, "col": 2, "demand_2027": 400.87609856811986}}, {"type": "Feature", "geometry": {"type": "Point", "coordinates": [77.46571428571428, 12.874285714285714]}, "properties": {"point_id": 579, "row": 9, "col": 3, "demand_2027": 452.4027874402267}}, {"type": "Feature", "geometry": {"type": "Point", "coordinates": [77.47095238095238, 12.874285714285714]}, "properties": {"point_id": 580, "row": 9, "col": 4, "demand_2027": 265.9731236601653}}, {"type": "Feature", "geometry": {"type": "Point", "coordinates": [77.47619047619048, 12.874285714285714]}, "properties": {"point_id": 581, "row": 9, "col": 5, "demand_2027": 353.9400101558661}}, {"type": "Feature", "geometry": {"type": "Point", "coordinates": [77.48142857142858, 12.874285714285714]}, "properties": {"point_id": 582, "row": 9, "col": 6, "demand_2027": 417.20289069075244}}, {"type": "Feature", "geometry": {"type": "Point", "coordinates": [77.48666666666666, 12.874285714285714]}, "properties": {"point_id": 583, "row": 9, "col": 7, "demand_2027": 372.8265704490519}}, {"type": "Feature", "geometry": {"type": "Point", "coordinates": [77.49190476190476, 12.874285714285714]}, "properties": {"point_id": 584, "row": 9, "col": 8, "demand_2027": 499.6007171124677}}, {"type": "Feature", "geometry": {"type": "Point", "coordinates": [77.49714285714286, 12.874285714285714]}, "properties": {"point_id": 585, "row": 9, "col": 9, "demand_2027": 579.3779715463634}}, {"type": "Feature", "geometry": {"type": "Point", "coordinates": [77.50238095238096, 12.874285714285714]}, "properties": {"point_id": 586, "row": 9, "col": 10, "demand_2027": 342.2615141448133}}, {"type": "Feature", "geometry": {"type": "Point", "coordinates": [77.50761904761904, 12.874285714285714]}, "properties": {"point_id": 587, "row": 9, "col": 11, "demand_2027": 355.19717916773726}}, {"type": "Feature", "geometry": {"type": "Point", "coordinates": [77.51285714285714, 12.874285714285714]}, "properties": {"point_id": 588, "row": 9, "col": 12, "demand_2027": 446.6541028464239}}, {"type": "Feature", "geometry": {"type": "Point", "coordinates": [77.51809523809524, 12.874285714285714]}, "properties": {"point_id": 589, "row": 9, "col": 13, "demand_2027": 493.1095545765162}}, {"type": "Feature", "geometry": {"type": "Point", "coordinates": [77.52333333333334, 12.874285714285714]}, "properties": {"point_id": 590, "row": 9, "col": 14, "demand_2027": 334.51694645494143}}, {"type": "Feature", "geometry": {"type": "Point", "coordinates": [77.52857142857142, 12.874285714285714]}, "properties": {"point_id": 591, "row": 9, "col": 15, "demand_2027": 433.7709777535054}}, {"type": "Feature", "geometry": {"type": "Point", "coordinates": [77.53380952380952, 12.874285714285714]}, "properties": {"point_id": 592, "row": 9, "col": 16, "demand_2027": 520.3239334516538}}, {"type": "Feature", "geometry": {"type": "Point", "coordinates": [77.53904761904762, 12.874285714285714]}, "properties": {"point_id": 593, "row": 9, "col": 17, "demand_2027": 297.5773896970233}}, {"type": "Feature", "geometry": {"type": "Point", "coordinates": [77.54428571428572, 12.874285714285714]}, "properties": {"point_id": 594, "row": 9, "col": 18, "demand_2027": 317.6380488208706}}, {"type": "Feature", "geometry": {"type": "Point", "coordinates": [77.5495238095238, 12.874285714285714]}, "properties": {"point_id": 595, "row": 9, "col": 19, "demand_2027": 419.49469332377555}}, {"type": "Feature", "geometry": {"type": "Point", "coordinates": [77.5547619047619, 12.874285714285714]}, "properties": {"point_id": 596, "row": 9, "col": 20, "demand_2027": 429.9396216318607}}, {"type": "Feature", "geometry": {"type": "Point", "coordinates": [77.56, 12.874285714285714]}, "properties": {"point_id": 597, "row": 9, "col": 21, "demand_2027": 557.3648976864544}}, {"type": "Feature", "geometry": {"type": "Point", "coordinates": [77.5652380952381, 12.874285714285714]}, "properties": {"point_id": 598, "row": 9, "col": 22, "demand_2027": 579.5494103130792}}, {"type": "Feature", "geometry": {"type": "Point", "coordinates": [77.5704761904762, 12.874285714285714]}, "properties": {"point_id": 599, "row": 9, "col": 23, "demand_2027": 435.422401123815}}, {"type": "Feature", "geometry": {"type": "Point", "coordinates": [77.57571428571428, 12.874285714285714]}, "properties": {"point_id": 600, "row": 9, "col": 24, "demand_2027": 711.128849669734}}, {"type": "Feature", "geometry": {"type": "Point", "coordinates": [77.58095238095238, 12.874285714285714]}, "properties": {"point_id": 601, "row": 9, "col": 25, "demand_2027": 673.0345638047565}}, {"type": "Feature", "geometry": {"type": "Point", "coordinates": [77.58619047619048, 12.874285714285714]}, "properties": {"point_id": 602, "row": 9, "col": 26, "demand_2027": 990.5549754317906}}, {"type": "Feature", "geometry": {"type": "Point", "coordinates": [77.59142857142858, 12.874285714285714]}, "properties": {"point_id": 603, "row": 9, "col": 27, "demand_2027": 805.4064746416715}}, {"type": "Feature", "geometry": {"type": "Point", "coordinates": [77.59666666666666, 12.874285714285714]}, "properties": {"point_id": 604, "row": 9, "col": 28, "demand_2027": 904.8879833756977}}, {"type": "Feature", "geometry": {"type": "Point", "coordinates": [77.60190476190476, 12.874285714285714]}, "properties": {"point_id": 605, "row": 9, "col": 29, "demand_2027": 1163.6098752138998}}, {"type": "Feature", "geometry": {"type": "Point", "coordinates": [77.60714285714286, 12.874285714285714]}, "properties": {"point_id": 606, "row": 9, "col": 30, "demand_2027": 1343.662615545076}}, {"type": "Feature", "geometry": {"type": "Point", "coordinates": [77.61238095238096, 12.874285714285714]}, "properties": {"point_id": 607, "row": 9, "col": 31, "demand_2027": 1378.7287586785244}}, {"type": "Feature", "geometry": {"type": "Point", "coordinates": [77.61761904761904, 12.874285714285714]}, "properties": {"point_id": 608, "row": 9, "col": 32, "demand_2027": 1074.9243570127892}}, {"type": "Feature", "geometry": {"type": "Point", "coordinates": [77.62285714285714, 12.874285714285714]}, "properties": {"point_id": 609, "row": 9, "col": 33, "demand_2027": 1609.8638196891782}}, {"type": "Feature", "geometry": {"type": "Point", "coordinates": [77.62809523809524, 12.874285714285714]}, "properties": {"point_id": 610, "row": 9, "col": 34, "demand_2027": 1264.640611182584}}, {"type": "Feature", "geometry": {"type": "Point", "coordinates": [77.63333333333334, 12.874285714285714]}, "properties": {"point_id": 611, "row": 9, "col": 35, "demand_2027": 1728.5137494468543}}, {"type": "Feature", "geometry": {"type": "Point", "coordinates": [77.63857142857142, 12.874285714285714]}, "properties": {"point_id": 612, "row": 9, "col": 36, "demand_2027": 1345.3596970299136}}, {"type": "Feature", "geometry": {"type": "Point", "coordinates": [77.64380952380952, 12.874285714285714]}, "properties": {"point_id": 613, "row": 9, "col": 37, "demand_2027": 1854.340011296768}}, {"type": "Feature", "geometry": {"type": "Point", "coordinates": [77.64904761904762, 12.874285714285714]}, "properties": {"point_id": 614, "row": 9, "col": 38, "demand_2027": 1525.7561957942225}}, {"type": "Feature", "geometry": {"type": "Point", "coordinates": [77.65428571428572, 12.874285714285714]}, "properties": {"point_id": 615, "row": 9, "col": 39, "demand_2027": 1420.8667251489815}}, {"type": "Feature", "geometry": {"type": "Point", "coordinates": [77.6595238095238, 12.874285714285714]}, "properties": {"point_id": 616, "row": 9, "col": 40, "demand_2027": 1988.0218632607782}}, {"type": "Feature", "geometry": {"type": "Point", "coordinates": [77.6647619047619, 12.874285714285714]}, "properties": {"point_id": 617, "row": 9, "col": 41, "demand_2027": 1886.1613675362755}}, {"type": "Feature", "geometry": {"type": "Point", "coordinates": [77.67, 12.874285714285714]}, "properties": {"point_id": 618, "row": 9, "col": 42, "demand_2027": 1662.8295109575217}}, {"type": "Feature", "geometry": {"type": "Point", "coordinates": [77.6752380952381, 12.874285714285714]}, "properties": {"point_id": 619, "row": 9, "col": 43, "demand_2027": 2234.893889188466}}, {"type": "Feature", "geometry": {"type": "Point", "coordinates": [77.6804761904762, 12.874285714285714]}, "properties": {"point_id": 620, "row": 9, "col": 44, "demand_2027": 1681.9657384132518}}, {"type": "Feature", "geometry": {"type": "Point", "coordinates": [77.68571428571428, 12.874285714285714]}, "properties": {"point_id": 621, "row": 9, "col": 45, "demand_2027": 1622.4050008961335}}, {"type": "Feature", "geometry": {"type": "Point", "coordinates": [77.69095238095238, 12.874285714285714]}, "properties": {"point_id": 622, "row": 9, "col": 46, "demand_2027": 1534.774353153242}}, {"type": "Feature", "geometry": {"type": "Point", "coordinates": [77.69619047619048, 12.874285714285714]}, "properties": {"point_id": 623, "row": 9, "col": 47, "demand_2027": 1336.6123022226852}}, {"type": "Feature", "geometry": {"type": "Point", "coordinates": [77.70142857142858, 12.874285714285714]}, "properties": {"point_id": 624, "row": 9, "col": 48, "demand_2027": 1439.5142678908626}}, {"type": "Feature", "geometry": {"type": "Point", "coordinates": [77.70666666666666, 12.874285714285714]}, "properties": {"point_id": 625, "row": 9, "col": 49, "demand_2027": 1188.3570174895667}}, {"type": "Feature", "geometry": {"type": "Point", "coordinates": [77.71190476190476, 12.874285714285714]}, "properties": {"point_id": 626, "row": 9, "col": 50, "demand_2027": 1176.474091609211}}, {"type": "Feature", "geometry": {"type": "Point", "coordinates": [77.71714285714286, 12.874285714285714]}, "properties": {"point_id": 627, "row": 9, "col": 51, "demand_2027": 1282.1948235456073}}, {"type": "Feature", "geometry": {"type": "Point", "coordinates": [77.72238095238096, 12.874285714285714]}, "properties": {"point_id": 628, "row": 9, "col": 52, "demand_2027": 803.3639557361888}}, {"type": "Feature", "geometry": {"type": "Point", "coordinates": [77.72761904761904, 12.874285714285714]}, "properties": {"point_id": 629, "row": 9, "col": 53, "demand_2027": 622.8013315434572}}, {"type": "Feature", "geometry": {"type": "Point", "coordinates": [77.73285714285714, 12.874285714285714]}, "properties": {"point_id": 630, "row": 9, "col": 54, "demand_2027": 1006.8910047220054}}, {"type": "Feature", "geometry": {"type": "Point", "coordinates": [77.73809523809524, 12.874285714285714]}, "properties": {"point_id": 631, "row": 9, "col": 55, "demand_2027": 1055.4551292324684}}, {"type": "Feature", "geometry": {"type": "Point", "coordinates": [77.74333333333334, 12.874285714285714]}, "properties": {"point_id": 632, "row": 9, "col": 56, "demand_2027": 650.6862206405639}}, {"type": "Feature", "geometry": {"type": "Point", "coordinates": [77.74857142857142, 12.874285714285714]}, "properties": {"point_id": 633, "row": 9, "col": 57, "demand_2027": 455.48237203035006}}, {"type": "Feature", "geometry": {"type": "Point", "coordinates": [77.75380952380952, 12.874285714285714]}, "properties": {"point_id": 634, "row": 9, "col": 58, "demand_2027": 552.4887164171379}}, {"type": "Feature", "geometry": {"type": "Point", "coordinates": [77.75904761904762, 12.874285714285714]}, "properties": {"point_id": 635, "row": 9, "col": 59, "demand_2027": 497.7518453836349}}, {"type": "Feature", "geometry": {"type": "Point", "coordinates": [77.76428571428572, 12.874285714285714]}, "properties": {"point_id": 636, "row": 9, "col": 60, "demand_2027": 476.24998371244914}}, {"type": "Feature", "geometry": {"type": "Point", "coordinates": [77.7695238095238, 12.874285714285714]}, "properties": {"point_id": 637, "row": 9, "col": 61, "demand_2027": 366.34260333689616}}, {"type": "Feature", "geometry": {"type": "Point", "coordinates": [77.7747619047619, 12.874285714285714]}, "properties": {"point_id": 638, "row": 9, "col": 62, "demand_2027": 442.09275730376737}}, {"type": "Feature", "geometry": {"type": "Point", "coordinates": [77.78, 12.874285714285714]}, "properties": {"point_id": 639, "row": 9, "col": 63, "demand_2027": 426.64392333725795}}, {"type": "Feature", "geometry": {"type": "Point", "coordinates": [77.45, 12.879206349206349]}, "properties": {"point_id": 640, "row": 10, "col": 0, "demand_2027": 277.5439886118727}}, {"type": "Feature", "geometry": {"type": "Point", "coordinates": [77.4552380952381, 12.879206349206349]}, "properties": {"point_id": 641, "row": 10, "col": 1, "demand_2027": 449.6788972234208}}, {"type": "Feature", "geometry": {"type": "Point", "coordinates": [77.4604761904762, 12.879206349206349]}, "properties": {"point_id": 642, "row": 10, "col": 2, "demand_2027": 531.3181808455707}}, {"type": "Feature", "geometry": {"type": "Point", "coordinates": [77.46571428571428, 12.879206349206349]}, "properties": {"point_id": 643, "row": 10, "col": 3, "demand_2027": 463.59105554873054}}, {"type": "Feature", "geometry": {"type": "Point", "coordinates": [77.47095238095238, 12.879206349206349]}, "properties": {"point_id": 644, "row": 10, "col": 4, "demand_2027": 396.70439973440284}}, {"type": "Feature", "geometry": {"type": "Point", "coordinates": [77.47619047619048, 12.879206349206349]}, "properties": {"point_id": 645, "row": 10, "col": 5, "demand_2027": 444.6704076636551}}, {"type": "Feature", "geometry": {"type": "Point", "coordinates": [77.48142857142858, 12.879206349206349]}, "properties": {"point_id": 646, "row": 10, "col": 6, "demand_2027": 500.3538472928292}}, {"type": "Feature", "geometry": {"type": "Point", "coordinates": [77.48666666666666, 12.879206349206349]}, "properties": {"point_id": 647, "row": 10, "col": 7, "demand_2027": 326.835553754593}}, {"type": "Feature", "geometry": {"type": "Point", "coordinates": [77.49190476190476, 12.879206349206349]}, "properties": {"point_id": 648, "row": 10, "col": 8, "demand_2027": 485.048024923046}}, {"type": "Feature", "geometry": {"type": "Point", "coordinates": [77.49714285714286, 12.879206349206349]}, "properties": {"point_id": 649, "row": 10, "col": 9, "demand_2027": 463.2928248539496}}, {"type": "Feature", "geometry": {"type": "Point", "coordinates": [77.50238095238096, 12.879206349206349]}, "properties": {"point_id": 650, "row": 10, "col": 10, "demand_2027": 592.7392642502041}}, {"type": "Feature", "geometry": {"type": "Point", "coordinates": [77.50761904761904, 12.879206349206349]}, "properties": {"point_id": 651, "row": 10, "col": 11, "demand_2027": 449.6934382731255}}, {"type": "Feature", "geometry": {"type": "Point", "coordinates": [77.51285714285714, 12.879206349206349]}, "properties": {"point_id": 652, "row": 10, "col": 12, "demand_2027": 560.471820047133}}, {"type": "Feature", "geometry": {"type": "Point", "coordinates": [77.51809523809524, 12.879206349206349]}, "properties": {"point_id": 653, "row": 10, "col": 13, "demand_2027": 362.46065441306695}}, {"type": "Feature", "geometry": {"type": "Point", "coordinates": [77.52333333333334, 12.879206349206349]}, "properties": {"point_id": 654, "row": 10, "col": 14, "demand_2027": 491.59673020306127}}, {"type": "Feature", "geometry": {"type": "Point", "coordinates": [77.52857142857142, 12.879206349206349]}, "properties": {"point_id": 655, "row": 10, "col": 15, "demand_2027": 438.00508548906305}}, {"type": "Feature", "geometry": {"type": "Point", "coordinates": [77.53380952380952, 12.879206349206349]}, "properties": {"point_id": 656, "row": 10, "col": 16, "demand_2027": 366.3806916160084}}, {"type": "Feature", "geometry": {"type": "Point", "coordinates": [77.53904761904762, 12.879206349206349]}, "properties": {"point_id": 657, "row": 10, "col": 17, "demand_2027": 446.0990896205061}}, {"type": "Feature", "geometry": {"type": "Point", "coordinates": [77.54428571428572, 12.879206349206349]}, "properties": {"point_id": 658, "row": 10, "col": 18, "demand_2027": 565.8371541679868}}, {"type": "Feature", "geometry": {"type": "Point", "coordinates": [77.5495238095238, 12.879206349206349]}, "properties": {"point_id": 659, "row": 10, "col": 19, "demand_2027": 448.9183643614566}}, {"type": "Feature", "geometry": {"type": "Point", "coordinates": [77.5547619047619, 12.879206349206349]}, "properties": {"point_id": 660, "row": 10, "col": 20, "demand_2027": 387.8142433912505}}, {"type": "Feature", "geometry": {"type": "Point", "coordinates": [77.56, 12.879206349206349]}, "properties": {"point_id": 661, "row": 10, "col": 21, "demand_2027": 533.022601532781}}, {"type": "Feature", "geometry": {"type": "Point", "coordinates": [77.5652380952381, 12.879206349206349]}, "properties": {"point_id": 662, "row": 10, "col": 22, "demand_2027": 485.1796946124739}}, {"type": "Feature", "geometry": {"type": "Point", "coordinates": [77.5704761904762, 12.879206349206349]}, "properties": {"point_id": 663, "row": 10, "col": 23, "demand_2027": 610.498437992811}}, {"type": "Feature", "geometry": {"type": "Point", "coordinates": [77.57571428571428, 12.879206349206349]}, "properties": {"point_id": 664, "row": 10, "col": 24, "demand_2027": 684.7377478800242}}, {"type": "Feature", "geometry": {"type": "Point", "coordinates": [77.58095238095238, 12.879206349206349]}, "properties": {"point_id": 665, "row": 10, "col": 25, "demand_2027": 585.7363060909627}}, {"type": "Feature", "geometry": {"type": "Point", "coordinates": [77.58619047619048, 12.879206349206349]}, "properties": {"point_id": 666, "row": 10, "col": 26, "demand_2027": 684.8569650470579}}, {"type": "Feature", "geometry": {"type": "Point", "coordinates": [77.59142857142858, 12.879206349206349]}, "properties": {"point_id": 667, "row": 10, "col": 27, "demand_2027": 1042.690476312645}}, {"type": "Feature", "geometry": {"type": "Point", "coordinates": [77.59666666666666, 12.879206349206349]}, "properties": {"point_id": 668, "row": 10, "col": 28, "demand_2027": 1043.031773299467}}, {"type": "Feature", "geometry": {"type": "Point", "coordinates": [77.60190476190476, 12.879206349206349]}, "properties": {"point_id": 669, "row": 10, "col": 29, "demand_2027": 654.9440531945875}}, {"type": "Feature", "geometry": {"type": "Point", "coordinates": [77.60714285714286, 12.879206349206349]}, "properties": {"point_id": 670, "row": 10, "col": 30, "demand_2027": 1336.5096070533239}}, {"type": "Feature", "geometry": {"type": "Point", "coordinates": [77.61238095238096, 12.879206349206349]}, "properties": {"point_id": 671, "row": 10, "col": 31, "demand_2027": 1466.6334292793642}}, {"type": "Feature", "geometry": {"type": "Point", "coordinates": [77.61761904761904, 12.879206349206349]}, "properties": {"point_id": 672, "row": 10, "col": 32, "demand_2027": 1240.5780099301182}}, {"type": "Feature", "geometry": {"type": "Point", "coordinates": [77.62285714285714, 12.879206349206349]}, "properties": {"point_id": 673, "row": 10, "col": 33, "demand_2027": 1233.015008332419}}, {"type": "Feature", "geometry": {"type": "Point", "coordinates": [77.62809523809524, 12.879206349206349]}, "properties": {"point_id": 674, "row": 10, "col": 34, "demand_2027": 1808.989282186279}}, {"type": "Feature", "geometry": {"type": "Point", "coordinates": [77.63333333333334, 12.879206349206349]}, "properties": {"point_id": 675, "row": 10, "col": 35, "demand_2027": 1786.5168743015522}}, {"type": "Feature", "geometry": {"type": "Point", "coordinates": [77.63857142857142, 12.879206349206349]}, "properties": {"point_id": 676, "row": 10, "col": 36, "demand_2027": 2339.0431122152895}}, {"type": "Feature", "geometry": {"type": "Point", "coordinates": [77.64380952380952, 12.879206349206349]}, "properties": {"point_id": 677, "row": 10, "col": 37, "demand_2027": 1920.9671505616272}}, {"type": "Feature", "geometry": {"type": "Point", "coordinates": [77.64904761904762, 12.879206349206349]}, "properties": {"point_id": 678, "row": 10, "col": 38, "demand_2027": 2067.5440924142968}}, {"type": "Feature", "geometry": {"type": "Point", "coordinates": [77.65428571428572, 12.879206349206349]}, "properties": {"point_id": 679, "row": 10, "col": 39, "demand_2027": 1906.0333650742475}}, {"type": "Feature", "geometry": {"type": "Point", "coordinates": [77.6595238095238, 12.879206349206349]}, "properties": {"point_id": 680, "row": 10, "col": 40, "demand_2027": 2221.741731532294}}, {"type": "Feature", "geometry": {"type": "Point", "coordinates": [77.6647619047619, 12.879206349206349]}, "properties": {"point_id": 681, "row": 10, "col": 41, "demand_2027": 2062.8006535970685}}, {"type": "Feature", "geometry": {"type": "Point", "coordinates": [77.67, 12.879206349206349]}, "properties": {"point_id": 682, "row": 10, "col": 42, "demand_2027": 2263.7330363682345}}, {"type": "Feature", "geometry": {"type": "Point", "coordinates": [77.6752380952381, 12.879206349206349]}, "properties": {"point_id": 683, "row": 10, "col": 43, "demand_2027": 1658.9558428748355}}, {"type": "Feature", "geometry": {"type": "Point", "coordinates": [77.6804761904762, 12.879206349206349]}, "properties": {"point_id": 684, "row": 10, "col": 44, "demand_2027": 1537.915310589403}}, {"type": "Feature", "geometry": {"type": "Point", "coordinates": [77.68571428571428, 12.879206349206349]}, "properties": {"point_id": 685, "row": 10, "col": 45, "demand_2027": 1641.8199256396408}}, {"type": "Feature", "geometry": {"type": "Point", "coordinates": [77.69095238095238, 12.879206349206349]}, "properties": {"point_id": 686, "row": 10, "col": 46, "demand_2027": 1885.4184348382596}}, {"type": "Feature", "geometry": {"type": "Point", "coordinates": [77.69619047619048, 12.879206349206349]}, "properties": {"point_id": 687, "row": 10, "col": 47, "demand_2027": 1918.4752775730938}}, {"type": "Feature", "geometry": {"type": "Point", "coordinates": [77.70142857142858, 12.879206349206349]}, "properties": {"point_id": 688, "row": 10, "col": 48, "demand_2027": 1317.6675510605805}}, {"type": "Feature", "geometry": {"type": "Point", "coordinates": [77.70666666666666, 12.879206349206349]}, "properties": {"point_id": 689, "row": 10, "col": 49, "demand_2027": 1242.8197007507067}}, {"type": "Feature", "geometry": {"type": "Point", "coordinates": [77.71190476190476, 12.879206349206349]}, "properties": {"point_id": 690, "row": 10, "col": 50, "demand_2027": 1278.9861311762736}}, {"type": "Feature", "geometry": {"type": "Point", "coordinates": [77.71714285714286, 12.879206349206349]}, "properties": {"point_id": 691, "row": 10, "col": 51, "demand_2027": 1107.9766166204981}}, {"type": "Feature", "geometry": {"type": "Point", "coordinates": [77.72238095238096, 12.879206349206349]}, "properties": {"point_id": 692, "row": 10, "col": 52, "demand_2027": 1260.4941073242842}}, {"type": "Feature", "geometry": {"type": "Point", "coordinates": [77.72761904761904, 12.879206349206349]}, "properties": {"point_id": 693, "row": 10, "col": 53, "demand_2027": 620.505865705345}}, {"type": "Feature", "geometry": {"type": "Point", "coordinates": [77.73285714285714, 12.879206349206349]}, "properties": {"point_id": 694, "row": 10, "col": 54, "demand_2027": 791.182269754533}}, {"type": "Feature", "geometry": {"type": "Point", "coordinates": [77.73809523809524, 12.879206349206349]}, "properties": {"point_id": 695, "row": 10, "col": 55, "demand_2027": 649.3172443263596}}, {"type": "Feature", "geometry": {"type": "Point", "coordinates": [77.74333333333334, 12.879206349206349]}, "properties": {"point_id": 696, "row": 10, "col": 56, "demand_2027": 499.93414987908136}}, {"type": "Feature", "geometry": {"type": "Point", "coordinates": [77.74857142857142, 12.879206349206349]}, "properties": {"point_id": 697, "row": 10, "col": 57, "demand_2027": 558.1316218822418}}, {"type": "Feature", "geometry": {"type": "Point", "coordinates": [77.75380952380952, 12.879206349206349]}, "properties": {"point_id": 698, "row": 10, "col": 58, "demand_2027": 545.1095570401034}}, {"type": "Feature", "geometry": {"type": "Point", "coordinates": [77.75904761904762, 12.879206349206349]}, "properties": {"point_id": 699, "row": 10, "col": 59, "demand_2027": 544.7322049654019}}, {"type": "Feature", "geometry": {"type": "Point", "coordinates": [77.76428571428572, 12.879206349206349]}, "properties": {"point_id": 700, "row": 10, "col": 60, "demand_2027": 611.4853384097593}}, {"type": "Feature", "geometry": {"type": "Point", "coordinates": [77.7695238095238, 12.879206349206349]}, "properties": {"point_id": 701, "row": 10, "col": 61, "demand_2027": 469.9394881036272}}, {"type": "Feature", "geometry": {"type": "Point", "coordinates": [77.7747619047619, 12.879206349206349]}, "properties": {"point_id": 702, "row": 10, "col": 62, "demand_2027": 383.5741687359219}}, {"type": "Feature", "geometry": {"type": "Point", "coordinates": [77.78, 12.879206349206349]}, "properties": {"point_id": 703, "row": 10, "col": 63, "demand_2027": 423.9833998609965}}, {"type": "Feature", "geometry": {"type": "Point", "coordinates": [77.45, 12.884126984126985]}, "properties": {"point_id": 704, "row": 11, "col": 0, "demand_2027": 472.20984420781065}}, {"type": "Feature", "geometry": {"type": "Point", "coordinates": [77.4552380952381, 12.884126984126985]}, "properties": {"point_id": 705, "row": 11, "col": 1, "demand_2027": 341.12722091370694}}, {"type": "Feature", "geometry": {"type": "Point", "coordinates": [77.4604761904762, 12.884126984126985]}, "properties": {"point_id": 706, "row": 11, "col": 2, "demand_2027": 397.9392542408872}}, {"type": "Feature", "geometry": {"type": "Point", "coordinates": [77.46571428571428, 12.884126984126985]}, "properties": {"point_id": 707, "row": 11, "col": 3, "demand_2027": 489.87999741730255}}, {"type": "Feature", "geometry": {"type": "Point", "coordinates": [77.47095238095238, 12.884126984126985]}, "properties": {"point_id": 708, "row": 11, "col": 4, "demand_2027": 459.337384483922}}, {"type": "Feature", "geometry": {"type": "Point", "coordinates": [77.47619047619048, 12.884126984126985]}, "properties": {"point_id": 709, "row": 11, "col": 5, "demand_2027": 499.7659506241129}}, {"type": "Feature", "geometry": {"type": "Point", "coordinates": [77.48142857142858, 12.884126984126985]}, "properties": {"point_id": 710, "row": 11, "col": 6, "demand_2027": 494.0030901876829}}, {"type": "Feature", "geometry": {"type": "Point", "coordinates": [77.48666666666666, 12.884126984126985]}, "properties": {"point_id": 711, "row": 11, "col": 7, "demand_2027": 530.6740475808142}}, {"type": "Feature", "geometry": {"type": "Point", "coordinates": [77.49190476190476, 12.884126984126985]}, "properties": {"point_id": 712, "row": 11, "col": 8, "demand_2027": 404.0693448177051}}, {"type": "Feature", "geometry": {"type": "Point", "coordinates": [77.49714285714286, 12.884126984126985]}, "properties": {"point_id": 713, "row": 11, "col": 9, "demand_2027": 487.6619866378225}}, {"type": "Feature", "geometry": {"type": "Point", "coordinates": [77.50238095238096, 12.884126984126985]}, "properties": {"point_id": 714, "row": 11, "col": 10, "demand_2027": 456.4203219348125}}, {"type": "Feature", "geometry": {"type": "Point", "coordinates": [77.50761904761904, 12.884126984126985]}, "properties": {"point_id": 715, "row": 11, "col": 11, "demand_2027": 372.50760684441326}}, {"type": "Feature", "geometry": {"type": "Point", "coordinates": [77.51285714285714, 12.884126984126985]}, "properties": {"point_id": 716, "row": 11, "col": 12, "demand_2027": 360.00974096695103}}, {"type": "Feature", "geometry": {"type": "Point", "coordinates": [77.51809523809524, 12.884126984126985]}, "properties": {"point_id": 717, "row": 11, "col": 13, "demand_2027": 482.03567742660687}}, {"type": "Feature", "geometry": {"type": "Point", "coordinates": [77.52333333333334, 12.884126984126985]}, "properties": {"point_id": 718, "row": 11, "col": 14, "demand_2027": 436.74363957042976}}, {"type": "Feature", "geometry": {"type": "Point", "coordinates": [77.52857142857142, 12.884126984126985]}, "properties": {"point_id": 719, "row": 11, "col": 15, "demand_2027": 383.8479763700176}}, {"type": "Feature", "geometry": {"type": "Point", "coordinates": [77.53380952380952, 12.884126984126985]}, "properties": {"point_id": 720, "row": 11, "col": 16, "demand_2027": 450.7281791384274}}, {"type": "Feature", "geometry": {"type": "Point", "coordinates": [77.53904761904762, 12.884126984126985]}, "properties": {"point_id": 721, "row": 11, "col": 17, "demand_2027": 528.7653107902063}}, {"type": "Feature", "geometry": {"type": "Point", "coordinates": [77.54428571428572, 12.884126984126985]}, "properties": {"point_id": 722, "row": 11, "col": 18, "demand_2027": 310.32333907484366}}, {"type": "Feature", "geometry": {"type": "Point", "coordinates": [77.5495238095238, 12.884126984126985]}, "properties": {"point_id": 723, "row": 11, "col": 19, "demand_2027": 367.26193218197545}}, {"type": "Feature", "geometry": {"type": "Point", "coordinates": [77.5547619047619, 12.884126984126985]}, "properties": {"point_id": 724, "row": 11, "col": 20, "demand_2027": 463.81364044567215}}, {"type": "Feature", "geometry": {"type": "Point", "coordinates": [77.56, 12.884126984126985]}, "properties": {"point_id": 725, "row": 11, "col": 21, "demand_2027": 689.0256243392809}}, {"type": "Feature", "geometry": {"type": "Point", "coordinates": [77.5652380952381, 12.884126984126985]}, "properties": {"point_id": 726, "row": 11, "col": 22, "demand_2027": 646.6308024973871}}, {"type": "Feature", "geometry": {"type": "Point", "coordinates": [77.5704761904762, 12.884126984126985]}, "properties": {"point_id": 727, "row": 11, "col": 23, "demand_2027": 754.9812056008647}}, {"type": "Feature", "geometry": {"type": "Point", "coordinates": [77.57571428571428, 12.884126984126985]}, "properties": {"point_id": 728, "row": 11, "col": 24, "demand_2027": 587.283357148425}}, {"type": "Feature", "geometry": {"type": "Point", "coordinates": [77.58095238095238, 12.884126984126985]}, "properties": {"point_id": 729, "row": 11, "col": 25, "demand_2027": 686.6169853662735}}, {"type": "Feature", "geometry": {"type": "Point", "coordinates": [77.58619047619048, 12.884126984126985]}, "properties": {"point_id": 730, "row": 11, "col": 26, "demand_2027": 928.5131835168215}}, {"type": "Feature", "geometry": {"type": "Point", "coordinates": [77.59142857142858, 12.884126984126985]}, "properties": {"point_id": 731, "row": 11, "col": 27, "demand_2027": 924.2290421073537}}, {"type": "Feature", "geometry": {"type": "Point", "coordinates": [77.59666666666666, 12.884126984126985]}, "properties": {"point_id": 732, "row": 11, "col": 28, "demand_2027": 1167.818825614447}}, {"type": "Feature", "geometry": {"type": "Point", "coordinates": [77.60190476190476, 12.884126984126985]}, "properties": {"point_id": 733, "row": 11, "col": 29, "demand_2027": 1128.9299038013019}}, {"type": "Feature", "geometry": {"type": "Point", "coordinates": [77.60714285714286, 12.884126984126985]}, "properties": {"point_id": 734, "row": 11, "col": 30, "demand_2027": 1318.6639974927598}}, {"type": "Feature", "geometry": {"type": "Point", "coordinates": [77.61238095238096, 12.884126984126985]}, "properties": {"point_id": 735, "row": 11, "col": 31, "demand_2027": 1433.417868893883}}, {"type": "Feature", "geometry": {"type": "Point", "coordinates": [77.61761904761904, 12.884126984126985]}, "properties": {"point_id": 736, "row": 11, "col": 32, "demand_2027": 1603.0379174603192}}, {"type": "Feature", "geometry": {"type": "Point", "coordinates": [77.62285714285714, 12.884126984126985]}, "properties": {"point_id": 737, "row": 11, "col": 33, "demand_2027": 1800.779599039572}}, {"type": "Feature", "geometry": {"type": "Point", "coordinates": [77.62809523809524, 12.884126984126985]}, "properties": {"point_id": 738, "row": 11, "col": 34, "demand_2027": 1259.6192513046}}, {"type": "Feature", "geometry": {"type": "Point", "coordinates": [77.63333333333334, 12.884126984126985]}, "properties": {"point_id": 739, "row": 11, "col": 35, "demand_2027": 1129.2292610666545}}, {"type": "Feature", "geometry": {"type": "Point", "coordinates": [77.63857142857142, 12.884126984126985]}, "properties": {"point_id": 740, "row": 11, "col": 36, "demand_2027": 2121.601376833425}}, {"type": "Feature", "geometry": {"type": "Point", "coordinates": [77.64380952380952, 12.884126984126985]}, "properties": {"point_id": 741, "row": 11, "col": 37, "demand_2027": 2322.6033021780963}}, {"type": "Feature", "geometry": {"type": "Point", "coordinates": [77.64904761904762, 12.884126984126985]}, "properties": {"point_id": 742, "row": 11, "col": 38, "demand_2027": 1709.5640352756625}}, {"type": "Feature", "geometry": {"type": "Point", "coordinates": [77.65428571428572, 12.884126984126985]}, "properties": {"point_id": 743, "row": 11, "col": 39, "demand_2027": 1421.8551195081432}}, {"type": "Feature", "geometry": {"type": "Point", "coordinates": [77.6595238095238, 12.884126984126985]}, "properties": {"point_id": 744, "row": 11, "col": 40, "demand_2027": 1928.099213830699}}, {"type": "Feature", "geometry": {"type": "Point", "coordinates": [77.6647619047619, 12.884126984126985]}, "properties": {"point_id": 745, "row": 11, "col": 41, "demand_2027": 2308.743019427448}}, {"type": "Feature", "geometry": {"type": "Point", "coordinates": [77.67, 12.884126984126985]}, "properties": {"point_id": 746, "row": 11, "col": 42, "demand_2027": 2514.478114884669}}, {"type": "Feature", "geometry": {"type": "Point", "coordinates": [77.6752380952381, 12.884126984126985]}, "properties": {"point_id": 747, "row": 11, "col": 43, "demand_2027": 1990.5379060500536}}, {"type": "Feature", "geometry": {"type": "Point", "coordinates": [77.6804761904762, 12.884126984126985]}, "properties": {"point_id": 748, "row": 11, "col": 44, "demand_2027": 1838.1548082128097}}, {"type": "Feature", "geometry": {"type": "Point", "coordinates": [77.68571428571428, 12.884126984126985]}, "properties": {"point_id": 749, "row": 11, "col": 45, "demand_2027": 1632.7359114078336}}, {"type": "Feature", "geometry": {"type": "Point", "coordinates": [77.69095238095238, 12.884126984126985]}, "properties": {"point_id": 750, "row": 11, "col": 46, "demand_2027": 1770.406319087703}}, {"type": "Feature", "geometry": {"type": "Point", "coordinates": [77.69619047619048, 12.884126984126985]}, "properties": {"point_id": 751, "row": 11, "col": 47, "demand_2027": 1550.845966079451}}, {"type": "Feature", "geometry": {"type": "Point", "coordinates": [77.70142857142858, 12.884126984126985]}, "properties": {"point_id": 752, "row": 11, "col": 48, "demand_2027": 1274.540928835039}}, {"type": "Feature", "geometry": {"type": "Point", "coordinates": [77.70666666666666, 12.884126984126985]}, "properties": {"point_id": 753, "row": 11, "col": 49, "demand_2027": 1930.2172411138115}}, {"type": "Feature", "geometry": {"type": "Point", "coordinates": [77.71190476190476, 12.884126984126985]}, "properties": {"point_id": 754, "row": 11, "col": 50, "demand_2027": 1823.0023950064733}}, {"type": "Feature", "geometry": {"type": "Point", "coordinates": [77.71714285714286, 12.884126984126985]}, "properties": {"point_id": 755, "row": 11, "col": 51, "demand_2027": 1459.8958893141246}}, {"type": "Feature", "geometry": {"type": "Point", "coordinates": [77.72238095238096, 12.884126984126985]}, "properties": {"point_id": 756, "row": 11, "col": 52, "demand_2027": 999.0647956781678}}, {"type": "Feature", "geometry": {"type": "Point", "coordinates": [77.72761904761904, 12.884126984126985]}, "properties": {"point_id": 757, "row": 11, "col": 53, "demand_2027": 1110.0615128872957}}, {"type": "Feature", "geometry": {"type": "Point", "coordinates": [77.73285714285714, 12.884126984126985]}, "properties": {"point_id": 758, "row": 11, "col": 54, "demand_2027": 1084.4333802489589}}, {"type": "Feature", "geometry": {"type": "Point", "coordinates": [77.73809523809524, 12.884126984126985]}, "properties": {"point_id": 759, "row": 11, "col": 55, "demand_2027": 954.638938296823}}, {"type": "Feature", "geometry": {"type": "Point", "coordinates": [77.74333333333334, 12.884126984126985]}, "properties": {"point_id": 760, "row": 11, "col": 56, "demand_2027": 916.9579385771376}}, {"type": "Feature", "geometry": {"type": "Point", "coordinates": [77.74857142857142, 12.884126984126985]}, "properties": {"point_id": 761, "row": 11, "col": 57, "demand_2027": 769.3287434660841}}, {"type": "Feature", "geometry": {"type": "Point", "coordinates": [77.75380952380952, 12.884126984126985]}, "properties": {"point_id": 762, "row": 11, "col": 58, "demand_2027": 717.7120918907726}}, {"type": "Feature", "geometry": {"type": "Point", "coordinates": [77.75904761904762, 12.884126984126985]}, "properties": {"point_id": 763, "row": 11, "col": 59, "demand_2027": 651.9998111612566}}, {"type": "Feature", "geometry": {"type": "Point", "coordinates": [77.76428571428572, 12.884126984126985]}, "properties": {"point_id": 764, "row": 11, "col": 60, "demand_2027": 584.8272475722706}}, {"type": "Feature", "geometry": {"type": "Point", "coordinates": [77.7695238095238, 12.884126984126985]}, "properties": {"point_id": 765, "row": 11, "col": 61, "demand_2027": 383.2557590801319}}, {"type": "Feature", "geometry": {"type": "Point", "coordinates": [77.7747619047619, 12.884126984126985]}, "properties": {"point_id": 766, "row": 11, "col": 62, "demand_2027": 463.9755005540811}}, {"type": "Feature", "geometry": {"type": "Point", "coordinates": [77.78, 12.884126984126985]}, "properties": {"point_id": 767, "row": 11, "col": 63, "demand_2027": 400.67880132873444}}, {"type": "Feature", "geometry": {"type": "Point", "coordinates": [77.45, 12.88904761904762]}, "properties": {"point_id": 768, "row": 12, "col": 0, "demand_2027": 322.56823452127645}}, {"type": "Feature", "geometry": {"type": "Point", "coordinates": [77.4552380952381, 12.88904761904762]}, "properties": {"point_id": 769, "row": 12, "col": 1, "demand_2027": 563.2377229133251}}, {"type": "Feature", "geometry": {"type": "Point", "coordinates": [77.4604761904762, 12.88904761904762]}, "properties": {"point_id": 770, "row": 12, "col": 2, "demand_2027": 555.8728188522883}}, {"type": "Feature", "geometry": {"type": "Point", "coordinates": [77.46571428571428, 12.88904761904762]}, "properties": {"point_id": 771, "row": 12, "col": 3, "demand_2027": 588.099571486434}}, {"type": "Feature", "geometry": {"type": "Point", "coordinates": [77.47095238095238, 12.88904761904762]}, "properties": {"point_id": 772, "row": 12, "col": 4, "demand_2027": 528.1108822348581}}, {"type": "Feature", "geometry": {"type": "Point", "coordinates": [77.47619047619048, 12.88904761904762]}, "properties": {"point_id": 773, "row": 12, "col": 5, "demand_2027": 592.0255064073223}}, {"type": "Feature", "geometry": {"type": "Point", "coordinates": [77.48142857142858, 12.88904761904762]}, "properties": {"point_id": 774, "row": 12, "col": 6, "demand_2027": 504.21570303126305}}, {"type": "Feature", "geometry": {"type": "Point", "coordinates": [77.48666666666666, 12.88904761904762]}, "properties": {"point_id": 775, "row": 12, "col": 7, "demand_2027": 516.835398092427}}, {"type": "Feature", "geometry": {"type": "Point", "coordinates": [77.49190476190476, 12.88904761904762]}, "properties": {"point_id": 776, "row": 12, "col": 8, "demand_2027": 432.9438490314651}}, {"type": "Feature", "geometry": {"type": "Point", "coordinates": [77.49714285714286, 12.88904761904762]}, "properties": {"point_id": 777, "row": 12, "col": 9, "demand_2027": 524.0190680107213}}, {"type": "Feature", "geometry": {"type": "Point", "coordinates": [77.50238095238096, 12.88904761904762]}, "properties": {"point_id": 778, "row": 12, "col": 10, "demand_2027": 523.2354198419015}}, {"type": "Feature", "geometry": {"type": "Point", "coordinates": [77.50761904761904, 12.88904761904762]}, "properties": {"point_id": 779, "row": 12, "col": 11, "demand_2027": 400.63081338568776}}, {"type": "Feature", "geometry": {"type": "Point", "coordinates": [77.51285714285714, 12.88904761904762]}, "properties": {"point_id": 780, "row": 12, "col": 12, "demand_2027": 485.29718969403007}}, {"type": "Feature", "geometry": {"type": "Point", "coordinates": [77.51809523809524, 12.88904761904762]}, "properties": {"point_id": 781, "row": 12, "col": 13, "demand_2027": 427.99142760028343}}, {"type": "Feature", "geometry": {"type": "Point", "coordinates": [77.52333333333334, 12.88904761904762]}, "properties": {"point_id": 782, "row": 12, "col": 14, "demand_2027": 604.8359214327406}}, {"type": "Feature", "geometry": {"type": "Point", "coordinates": [77.52857142857142, 12.88904761904762]}, "properties": {"point_id": 783, "row": 12, "col": 15, "demand_2027": 517.1495109562746}}, {"type": "Feature", "geometry": {"type": "Point", "coordinates": [77.53380952380952, 12.88904761904762]}, "properties": {"point_id": 784, "row": 12, "col": 16, "demand_2027": 497.60058160176516}}, {"type": "Feature", "geometry": {"type": "Point", "coordinates": [77.53904761904762, 12.88904761904762]}, "properties": {"point_id": 785, "row": 12, "col": 17, "demand_2027": 512.7308731039016}}, {"type": "Feature", "geometry": {"type": "Point", "coordinates": [77.54428571428572, 12.88904761904762]}, "properties": {"point_id": 786, "row": 12, "col": 18, "demand_2027": 493.82619479363365}}, {"type": "Feature", "geometry": {"type": "Point", "coordinates": [77.5495238095238, 12.88904761904762]}, "properties": {"point_id": 787, "row": 12, "col": 19, "demand_2027": 487.2543696484563}}, {"type": "Feature", "geometry": {"type": "Point", "coordinates": [77.5547619047619, 12.88904761904762]}, "properties": {"point_id": 788, "row": 12, "col": 20, "demand_2027": 452.65582306542467}}, {"type": "Feature", "geometry": {"type": "Point", "coordinates": [77.56, 12.88904761904762]}, "properties": {"point_id": 789, "row": 12, "col": 21, "demand_2027": 582.6961143714345}}, {"type": "Feature", "geometry": {"type": "Point", "coordinates": [77.5652380952381, 12.88904761904762]}, "properties": {"point_id": 790, "row": 12, "col": 22, "demand_2027": 566.8905004221867}}, {"type": "Feature", "geometry": {"type": "Point", "coordinates": [77.5704761904762, 12.88904761904762]}, "properties": {"point_id": 791, "row": 12, "col": 23, "demand_2027": 587.9445290965828}}, {"type": "Feature", "geometry": {"type": "Point", "coordinates": [77.57571428571428, 12.88904761904762]}, "properties": {"point_id": 792, "row": 12, "col": 24, "demand_2027": 875.5623919445283}}, {"type": "Feature", "geometry": {"type": "Point", "coordinates": [77.58095238095238, 12.88904761904762]}, "properties": {"point_id": 793, "row": 12, "col": 25, "demand_2027": 875.8964386837754}}, {"type": "Feature", "geometry": {"type": "Point", "coordinates": [77.58619047619048, 12.88904761904762]}, "properties": {"point_id": 794, "row": 12, "col": 26, "demand_2027": 666.7872252238152}}, {"type": "Feature", "geometry": {"type": "Point", "coordinates": [77.59142857142858, 12.88904761904762]}, "properties": {"point_id": 795, "row": 12, "col": 27, "demand_2027": 1041.1274450649057}}, {"type": "Feature", "geometry": {"type": "Point", "coordinates": [77.59666666666666, 12.88904761904762]}, "properties": {"point_id": 796, "row": 12, "col": 28, "demand_2027": 1323.3644053662608}}, {"type": "Feature", "geometry": {"type": "Point", "coordinates": [77.60190476190476, 12.88904761904762]}, "properties": {"point_id": 797, "row": 12, "col": 29, "demand_2027": 1384.5585377308307}}, {"type": "Feature", "geometry": {"type": "Point", "coordinates": [77.60714285714286, 12.88904761904762]}, "properties": {"point_id": 798, "row": 12, "col": 30, "demand_2027": 1537.0068195903357}}, {"type": "Feature", "geometry": {"type": "Point", "coordinates": [77.61238095238096, 12.88904761904762]}, "properties": {"point_id": 799, "row": 12, "col": 31, "demand_2027": 1449.4966857627676}}, {"type": "Feature", "geometry": {"type": "Point", "coordinates": [77.61761904761904, 12.88904761904762]}, "properties": {"point_id": 800, "row": 12, "col": 32, "demand_2027": 1319.9023602905045}}, {"type": "Feature", "geometry": {"type": "Point", "coordinates": [77.62285714285714, 12.88904761904762]}, "properties": {"point_id": 801, "row": 12, "col": 33, "demand_2027": 1431.9327002246882}}, {"type": "Feature", "geometry": {"type": "Point", "coordinates": [77.62809523809524, 12.88904761904762]}, "properties": {"point_id": 802, "row": 12, "col": 34, "demand_2027": 1858.9894320307494}}, {"type": "Feature", "geometry": {"type": "Point", "coordinates": [77.63333333333334, 12.88904761904762]}, "properties": {"point_id": 803, "row": 12, "col": 35, "demand_2027": 1943.348759361382}}, {"type": "Feature", "geometry": {"type": "Point", "coordinates": [77.63857142857142, 12.88904761904762]}, "properties": {"point_id": 804, "row": 12, "col": 36, "demand_2027": 2335.6308353980153}}, {"type": "Feature", "geometry": {"type": "Point", "coordinates": [77.64380952380952, 12.88904761904762]}, "properties": {"point_id": 805, "row": 12, "col": 37, "demand_2027": 2320.9720122755302}}, {"type": "Feature", "geometry": {"type": "Point", "coordinates": [77.64904761904762, 12.88904761904762]}, "properties": {"point_id": 806, "row": 12, "col": 38, "demand_2027": 1954.1744306048554}}, {"type": "Feature", "geometry": {"type": "Point", "coordinates": [77.65428571428572, 12.88904761904762]}, "properties": {"point_id": 807, "row": 12, "col": 39, "demand_2027": 1785.5350665776562}}, {"type": "Feature", "geometry": {"type": "Point", "coordinates": [77.6595238095238, 12.88904761904762]}, "properties": {"point_id": 808, "row": 12, "col": 40, "demand_2027": 1945.788175215895}}, {"type": "Feature", "geometry": {"type": "Point", "coordinates": [77.6647619047619, 12.88904761904762]}, "properties": {"point_id": 809, "row": 12, "col": 41, "demand_2027": 2278.781590572141}}, {"type": "Feature", "geometry": {"type": "Point", "coordinates": [77.67, 12.88904761904762]}, "properties": {"point_id": 810, "row": 12, "col": 42, "demand_2027": 1979.1179639311006}}, {"type": "Feature", "geometry": {"type": "Point", "coordinates": [77.6752380952381, 12.88904761904762]}, "properties": {"point_id": 811, "row": 12, "col": 43, "demand_2027": 1853.6897347345523}}, {"type": "Feature", "geometry": {"type": "Point", "coordinates": [77.6804761904762, 12.88904761904762]}, "properties": {"point_id": 812, "row": 12, "col": 44, "demand_2027": 1955.184236393054}}, {"type": "Feature", "geometry": {"type": "Point", "coordinates": [77.68571428571428, 12.88904761904762]}, "properties": {"point_id": 813, "row": 12, "col": 45, "demand_2027": 1782.8237849152133}}, {"type": "Feature", "geometry": {"type": "Point", "coordinates": [77.69095238095238, 12.88904761904762]}, "properties": {"point_id": 814, "row": 12, "col": 46, "demand_2027": 1646.3510377105636}}, {"type": "Feature", "geometry": {"type": "Point", "coordinates": [77.69619047619048, 12.88904761904762]}, "properties": {"point_id": 815, "row": 12, "col": 47, "demand_2027": 1896.7585483285275}}, {"type": "Feature", "geometry": {"type": "Point", "coordinates": [77.70142857142858, 12.88904761904762]}, "properties": {"point_id": 816, "row": 12, "col": 48, "demand_2027": 1466.9485704131941}}, {"type": "Feature", "geometry": {"type": "Point", "coordinates": [77.70666666666666, 12.88904761904762]}, "properties": {"point_id": 817, "row": 12, "col": 49, "demand_2027": 1541.7708555684994}}, {"type": "Feature", "geometry": {"type": "Point", "coordinates": [77.71190476190476, 12.88904761904762]}, "properties": {"point_id": 818, "row": 12, "col": 50, "demand_2027": 1450.919410455575}}, {"type": "Feature", "geometry": {"type": "Point", "coordinates": [77.71714285714286, 12.88904761904762]}, "properties": {"point_id": 819, "row": 12, "col": 51, "demand_2027": 1089.7386205907371}}, {"type": "Feature", "geometry": {"type": "Point", "coordinates": [77.72238095238096, 12.88904761904762]}, "properties": {"point_id": 820, "row": 12, "col": 52, "demand_2027": 1108.5769850847119}}, {"type": "Feature", "geometry": {"type": "Point", "coordinates": [77.72761904761904, 12.88904761904762]}, "properties": {"point_id": 821, "row": 12, "col": 53, "demand_2027": 1352.6248399460324}}, {"type": "Feature", "geometry": {"type": "Point", "coordinates": [77.73285714285714, 12.88904761904762]}, "properties": {"point_id": 822, "row": 12, "col": 54, "demand_2027": 907.8023753972421}}, {"type": "Feature", "geometry": {"type": "Point", "coordinates": [77.73809523809524, 12.88904761904762]}, "properties": {"point_id": 823, "row": 12, "col": 55, "demand_2027": 640.5480845442879}}, {"type": "Feature", "geometry": {"type": "Point", "coordinates": [77.74333333333334, 12.88904761904762]}, "properties": {"point_id": 824, "row": 12, "col": 56, "demand_2027": 603.0980814524097}}, {"type": "Feature", "geometry": {"type": "Point", "coordinates": [77.74857142857142, 12.88904761904762]}, "properties": {"point_id": 825, "row": 12, "col": 57, "demand_2027": 790.3516349765772}}, {"type": "Feature", "geometry": {"type": "Point", "coordinates": [77.75380952380952, 12.88904761904762]}, "properties": {"point_id": 826, "row": 12, "col": 58, "demand_2027": 732.5206563288093}}, {"type": "Feature", "geometry": {"type": "Point", "coordinates": [77.75904761904762, 12.88904761904762]}, "properties": {"point_id": 827, "row": 12, "col": 59, "demand_2027": 615.0566324381563}}, {"type": "Feature", "geometry": {"type": "Point", "coordinates": [77.76428571428572, 12.88904761904762]}, "properties": {"point_id": 828, "row": 12, "col": 60, "demand_2027": 711.6293469015114}}, {"type": "Feature", "geometry": {"type": "Point", "coordinates": [77.7695238095238, 12.88904761904762]}, "properties": {"point_id": 829, "row": 12, "col": 61, "demand_2027": 334.4291784979758}}, {"type": "Feature", "geometry": {"type": "Point", "coordinates": [77.7747619047619, 12.88904761904762]}, "properties": {"point_id": 830, "row": 12, "col": 62, "demand_2027": 540.4576129118659}}, {"type": "Feature", "geometry": {"type": "Point", "coordinates": [77.78, 12.88904761904762]}, "properties": {"point_id": 831, "row": 12, "col": 63, "demand_2027": 583.4913452414509}}, {"type": "Feature", "geometry": {"type": "Point", "coordinates": [77.45, 12.893968253968254]}, "properties": {"point_id": 832, "row": 13, "col": 0, "demand_2027": 366.47266529637875}}, {"type": "Feature", "geometry": {"type": "Point", "coordinates": [77.4552380952381, 12.893968253968254]}, "properties": {"point_id": 833, "row": 13, "col": 1, "demand_2027": 425.92456547385933}}, {"type": "Feature", "geometry": {"type": "Point", "coordinates": [77.4604761904762, 12.893968253968254]}, "properties": {"point_id": 834, "row": 13, "col": 2, "demand_2027": 428.37988258189927}}, {"type": "Feature", "geometry": {"type": "Point", "coordinates": [77.46571428571428, 12.893968253968254]}, "properties": {"point_id": 835, "row": 13, "col": 3, "demand_2027": 433.18327552857534}}, {"type": "Feature", "geometry": {"type": "Point", "coordinates": [77.47095238095238, 12.893968253968254]}, "properties": {"point_id": 836, "row": 13, "col": 4, "demand_2027": 477.9084205500151}}, {"type": "Feature", "geometry": {"type": "Point", "coordinates": [77.47619047619048, 12.893968253968254]}, "properties": {"point_id": 837, "row": 13, "col": 5, "demand_2027": 636.7416163298944}}, {"type": "Feature", "geometry": {"type": "Point", "coordinates": [77.48142857142858, 12.893968253968254]}, "properties": {"point_id": 838, "row": 13, "col": 6, "demand_2027": 710.5299295643557}}, {"type": "Feature", "geometry": {"type": "Point", "coordinates": [77.48666666666666, 12.893968253968254]}, "properties": {"point_id": 839, "row": 13, "col": 7, "demand_2027": 513.6021875553457}}, {"type": "Feature", "geometry": {"type": "Point", "coordinates": [77.49190476190476, 12.893968253968254]}, "properties": {"point_id": 840, "row": 13, "col": 8, "demand_2027": 709.1029552747145}}, {"type": "Feature", "geometry": {"type": "Point", "coordinates": [77.49714285714286, 12.893968253968254]}, "properties": {"point_id": 841, "row": 13, "col": 9, "demand_2027": 532.4741001985586}}, {"type": "Feature", "geometry": {"type": "Point", "coordinates": [77.50238095238096, 12.893968253968254]}, "properties": {"point_id": 842, "row": 13, "col": 10, "demand_2027": 679.6997092677152}}, {"type": "Feature", "geometry": {"type": "Point", "coordinates": [77.50761904761904, 12.893968253968254]}, "properties": {"point_id": 843, "row": 13, "col": 11, "demand_2027": 545.8986439934121}}, {"type": "Feature", "geometry": {"type": "Point", "coordinates": [77.51285714285714, 12.893968253968254]}, "properties": {"point_id": 844, "row": 13, "col": 12, "demand_2027": 514.5272769797251}}, {"type": "Feature", "geometry": {"type": "Point", "coordinates": [77.51809523809524, 12.893968253968254]}, "properties": {"point_id": 845, "row": 13, "col": 13, "demand_2027": 519.5674737377428}}, {"type": "Feature", "geometry": {"type": "Point", "coordinates": [77.52333333333334, 12.893968253968254]}, "properties": {"point_id": 846, "row": 13, "col": 14, "demand_2027": 735.3742943997593}}, {"type": "Feature", "geometry": {"type": "Point", "coordinates": [77.52857142857142, 12.893968253968254]}, "properties": {"point_id": 847, "row": 13, "col": 15, "demand_2027": 575.9534069991944}}, {"type": "Feature", "geometry": {"type": "Point", "coordinates": [77.53380952380952, 12.893968253968254]}, "properties": {"point_id": 848, "row": 13, "col": 16, "demand_2027": 449.54155483250986}}, {"type": "Feature", "geometry": {"type": "Point", "coordinates": [77.53904761904762, 12.893968253968254]}, "properties": {"point_id": 849, "row": 13, "col": 17, "demand_2027": 598.1516910397892}}, {"type": "Feature", "geometry": {"type": "Point", "coordinates": [77.54428571428572, 12.893968253968254]}, "properties": {"point_id": 850, "row": 13, "col": 18, "demand_2027": 510.32956391918964}}, {"type": "Feature", "geometry": {"type": "Point", "coordinates": [77.5495238095238, 12.893968253968254]}, "properties": {"point_id": 851, "row": 13, "col": 19, "demand_2027": 529.6438549274238}}, {"type": "Feature", "geometry": {"type": "Point", "coordinates": [77.5547619047619, 12.893968253968254]}, "properties": {"point_id": 852, "row": 13, "col": 20, "demand_2027": 641.840081891122}}, {"type": "Feature", "geometry": {"type": "Point", "coordinates": [77.56, 12.893968253968254]}, "properties": {"point_id": 853, "row": 13, "col": 21, "demand_2027": 624.7351583087838}}, {"type": "Feature", "geometry": {"type": "Point", "coordinates": [77.5652380952381, 12.893968253968254]}, "properties": {"point_id": 854, "row": 13, "col": 22, "demand_2027": 691.6659019207935}}, {"type": "Feature", "geometry": {"type": "Point", "coordinates": [77.5704761904762, 12.893968253968254]}, "properties": {"point_id": 855, "row": 13, "col": 23, "demand_2027": 737.1458403560587}}, {"type": "Feature", "geometry": {"type": "Point", "coordinates": [77.57571428571428, 12.893968253968254]}, "properties": {"point_id": 856, "row": 13, "col": 24, "demand_2027": 825.3245452266713}}, {"type": "Feature", "geometry": {"type": "Point", "coordinates": [77.58095238095238, 12.893968253968254]}, "properties": {"point_id": 857, "row": 13, "col": 25, "demand_2027": 950.6462644921662}}, {"type": "Feature", "geometry": {"type": "Point", "coordinates": [77.58619047619048, 12.893968253968254]}, "properties": {"point_id": 858, "row": 13, "col": 26, "demand_2027": 712.0647080201751}}, {"type": "Feature", "geometry": {"type": "Point", "coordinates": [77.59142857142858, 12.893968253968254]}, "properties": {"point_id": 859, "row": 13, "col": 27, "demand_2027": 1214.738639244903}}, {"type": "Feature", "geometry": {"type": "Point", "coordinates": [77.59666666666666, 12.893968253968254]}, "properties": {"point_id": 860, "row": 13, "col": 28, "demand_2027": 947.489729054676}}, {"type": "Feature", "geometry": {"type": "Point", "coordinates": [77.60190476190476, 12.893968253968254]}, "properties": {"point_id": 861, "row": 13, "col": 29, "demand_2027": 1009.7688020667817}}, {"type": "Feature", "geometry": {"type": "Point", "coordinates": [77.60714285714286, 12.893968253968254]}, "properties": {"point_id": 862, "row": 13, "col": 30, "demand_2027": 1396.6545699305168}}, {"type": "Feature", "geometry": {"type": "Point", "coordinates": [77.61238095238096, 12.893968253968254]}, "properties": {"point_id": 863, "row": 13, "col": 31, "demand_2027": 1565.582422231902}}, {"type": "Feature", "geometry": {"type": "Point", "coordinates": [77.61761904761904, 12.893968253968254]}, "properties": {"point_id": 864, "row": 13, "col": 32, "demand_2027": 1396.2960982996544}}, {"type": "Feature", "geometry": {"type": "Point", "coordinates": [77.62285714285714, 12.893968253968254]}, "properties": {"point_id": 865, "row": 13, "col": 33, "demand_2027": 1876.6784118206665}}, {"type": "Feature", "geometry": {"type": "Point", "coordinates": [77.62809523809524, 12.893968253968254]}, "properties": {"point_id": 866, "row": 13, "col": 34, "demand_2027": 1442.5439426374878}}, {"type": "Feature", "geometry": {"type": "Point", "coordinates": [77.63333333333334, 12.893968253968254]}, "properties": {"point_id": 867, "row": 13, "col": 35, "demand_2027": 1769.7970136100644}}, {"type": "Feature", "geometry": {"type": "Point", "coordinates": [77.63857142857142, 12.893968253968254]}, "properties": {"point_id": 868, "row": 13, "col": 36, "demand_2027": 1806.2439595511478}}, {"type": "Feature", "geometry": {"type": "Point", "coordinates": [77.64380952380952, 12.893968253968254]}, "properties": {"point_id": 869, "row": 13, "col": 37, "demand_2027": 2030.8173592072867}}, {"type": "Feature", "geometry": {"type": "Point", "coordinates": [77.64904761904762, 12.893968253968254]}, "properties": {"point_id": 870, "row": 13, "col": 38, "demand_2027": 2134.2885835761267}}, {"type": "Feature", "geometry": {"type": "Point", "coordinates": [77.65428571428572, 12.893968253968254]}, "properties": {"point_id": 871, "row": 13, "col": 39, "demand_2027": 1750.197145099703}}, {"type": "Feature", "geometry": {"type": "Point", "coordinates": [77.6595238095238, 12.893968253968254]}, "properties": {"point_id": 872, "row": 13, "col": 40, "demand_2027": 2274.57380930164}}, {"type": "Feature", "geometry": {"type": "Point", "coordinates": [77.6647619047619, 12.893968253968254]}, "properties": {"point_id": 873, "row": 13, "col": 41, "demand_2027": 2217.706351375942}}, {"type": "Feature", "geometry": {"type": "Point", "coordinates": [77.67, 12.893968253968254]}, "properties": {"point_id": 874, "row": 13, "col": 42, "demand_2027": 1539.383001461751}}, {"type": "Feature", "geometry": {"type": "Point", "coordinates": [77.6752380952381, 12.893968253968254]}, "properties": {"point_id": 875, "row": 13, "col": 43, "demand_2027": 1455.845613605948}}, {"type": "Feature", "geometry": {"type": "Point", "coordinates": [77.6804761904762, 12.893968253968254]}, "properties": {"point_id": 876, "row": 13, "col": 44, "demand_2027": 2133.314240830691}}, {"type": "Feature", "geometry": {"type": "Point", "coordinates": [77.68571428571428, 12.893968253968254]}, "properties": {"point_id": 877, "row": 13, "col": 45, "demand_2027": 1878.2905019787274}}, {"type": "Feature", "geometry": {"type": "Point", "coordinates": [77.69095238095238, 12.893968253968254]}, "properties": {"point_id": 878, "row": 13, "col": 46, "demand_2027": 1885.5284108905457}}, {"type": "Feature", "geometry": {"type": "Point", "coordinates": [77.69619047619048, 12.893968253968254]}, "properties": {"point_id": 879, "row": 13, "col": 47, "demand_2027": 1884.3493286695327}}, {"type": "Feature", "geometry": {"type": "Point", "coordinates": [77.70142857142858, 12.893968253968254]}, "properties": {"point_id": 880, "row": 13, "col": 48, "demand_2027": 1833.1034776372016}}, {"type": "Feature", "geometry": {"type": "Point", "coordinates": [77.70666666666666, 12.893968253968254]}, "properties": {"point_id": 881, "row": 13, "col": 49, "demand_2027": 1880.4882031697048}}, {"type": "Feature", "geometry": {"type": "Point", "coordinates": [77.71190476190476, 12.893968253968254]}, "properties": {"point_id": 882, "row": 13, "col": 50, "demand_2027": 1218.6504914299846}}, {"type": "Feature", "geometry": {"type": "Point", "coordinates": [77.71714285714286, 12.893968253968254]}, "properties": {"point_id": 883, "row": 13, "col": 51, "demand_2027": 1189.6840201477219}}, {"type": "Feature", "geometry": {"type": "Point", "coordinates": [77.72238095238096, 12.893968253968254]}, "properties": {"point_id": 884, "row": 13, "col": 52, "demand_2027": 1058.3685181056976}}, {"type": "Feature", "geometry": {"type": "Point", "coordinates": [77.72761904761904, 12.893968253968254]}, "properties": {"point_id": 885, "row": 13, "col": 53, "demand_2027": 1284.6463302151594}}, {"type": "Feature", "geometry": {"type": "Point", "coordinates": [77.73285714285714, 12.893968253968254]}, "properties": {"point_id": 886, "row": 13, "col": 54, "demand_2027": 1267.8305114124485}}, {"type": "Feature", "geometry": {"type": "Point", "coordinates": [77.73809523809524, 12.893968253968254]}, "properties": {"point_id": 887, "row": 13, "col": 55, "demand_2027": 931.0842576059084}}, {"type": "Feature", "geometry": {"type": "Point", "coordinates": [77.74333333333334, 12.893968253968254]}, "properties": {"point_id": 888, "row": 13, "col": 56, "demand_2027": 566.4354907187526}}, {"type": "Feature", "geometry": {"type": "Point", "coordinates": [77.74857142857142, 12.893968253968254]}, "properties": {"point_id": 889, "row": 13, "col": 57, "demand_2027": 629.5700595280116}}, {"type": "Feature", "geometry": {"type": "Point", "coordinates": [77.75380952380952, 12.893968253968254]}, "properties": {"point_id": 890, "row": 13, "col": 58, "demand_2027": 698.5215070792661}}, {"type": "Feature", "geometry": {"type": "Point", "coordinates": [77.75904761904762, 12.893968253968254]}, "properties": {"point_id": 891, "row": 13, "col": 59, "demand_2027": 655.3674072645422}}, {"type": "Feature", "geometry": {"type": "Point", "coordinates": [77.76428571428572, 12.893968253968254]}, "properties": {"point_id": 892, "row": 13, "col": 60, "demand_2027": 600.8494591520347}}, {"type": "Feature", "geometry": {"type": "Point", "coordinates": [77.7695238095238, 12.893968253968254]}, "properties": {"point_id": 893, "row": 13, "col": 61, "demand_2027": 654.8623928344255}}, {"type": "Feature", "geometry": {"type": "Point", "coordinates": [77.7747619047619, 12.893968253968254]}, "properties": {"point_id": 894, "row": 13, "col": 62, "demand_2027": 552.3023964766431}}, {"type": "Feature", "geometry": {"type": "Point", "coordinates": [77.78, 12.893968253968254]}, "properties": {"point_id": 895, "row": 13, "col": 63, "demand_2027": 613.7513188460523}}, {"type": "Feature", "geometry": {"type": "Point", "coordinates": [77.45, 12.898888888888889]}, "properties": {"point_id": 896, "row": 14, "col": 0, "demand_2027": 375.8677672086288}}, {"type": "Feature", "geometry": {"type": "Point", "coordinates": [77.4552380952381, 12.898888888888889]}, "properties": {"point_id": 897, "row": 14, "col": 1, "demand_2027": 362.68416409218014}}, {"type": "Feature", "geometry": {"type": "Point", "coordinates": [77.4604761904762, 12.898888888888889]}, "properties": {"point_id": 898, "row": 14, "col": 2, "demand_2027": 533.7332883603692}}, {"type": "Feature", "geometry": {"type": "Point", "coordinates": [77.46571428571428, 12.898888888888889]}, "properties": {"point_id": 899, "row": 14, "col": 3, "demand_2027": 389.9809858579931}}, {"type": "Feature", "geometry": {"type": "Point", "coordinates": [77.47095238095238, 12.898888888888889]}, "properties": {"point_id": 900, "row": 14, "col": 4, "demand_2027": 545.271115761782}}, {"type": "Feature", "geometry": {"type": "Point", "coordinates": [77.47619047619048, 12.898888888888889]}, "properties": {"point_id": 901, "row": 14, "col": 5, "demand_2027": 543.0886338316218}}, {"type": "Feature", "geometry": {"type": "Point", "coordinates": [77.48142857142858, 12.898888888888889]}, "properties": {"point_id": 902, "row": 14, "col": 6, "demand_2027": 486.64162492890796}}, {"type": "Feature", "geometry": {"type": "Point", "coordinates": [77.48666666666666, 12.898888888888889]}, "properties": {"point_id": 903, "row": 14, "col": 7, "demand_2027": 695.9336776545377}}, {"type": "Feature", "geometry": {"type": "Point", "coordinates": [77.49190476190476, 12.898888888888889]}, "properties": {"point_id": 904, "row": 14, "col": 8, "demand_2027": 481.80466123758686}}, {"type": "Feature", "geometry": {"type": "Point", "coordinates": [77.49714285714286, 12.898888888888889]}, "properties": {"point_id": 905, "row": 14, "col": 9, "demand_2027": 706.0304652057678}}, {"type": "Feature", "geometry": {"type": "Point", "coordinates": [77.50238095238096, 12.898888888888889]}, "properties": {"point_id": 906, "row": 14, "col": 10, "demand_2027": 496.4822517922666}}, {"type": "Feature", "geometry": {"type": "Point", "coordinates": [77.50761904761904, 12.898888888888889]}, "properties": {"point_id": 907, "row": 14, "col": 11, "demand_2027": 423.02080854394853}}, {"type": "Feature", "geometry": {"type": "Point", "coordinates": [77.51285714285714, 12.898888888888889]}, "properties": {"point_id": 908, "row": 14, "col": 12, "demand_2027": 543.8441098162459}}, {"type": "Feature", "geometry": {"type": "Point", "coordinates": [77.51809523809524, 12.898888888888889]}, "properties": {"point_id": 909, "row": 14, "col": 13, "demand_2027": 425.2909433128622}}, {"type": "Feature", "geometry": {"type": "Point", "coordinates": [77.52333333333334, 12.898888888888889]}, "properties": {"point_id": 910, "row": 14, "col": 14, "demand_2027": 447.10353957641655}}, {"type": "Feature", "geometry": {"type": "Point", "coordinates": [77.52857142857142, 12.898888888888889]}, "properties": {"point_id": 911, "row": 14, "col": 15, "demand_2027": 561.2711032679869}}, {"type": "Feature", "geometry": {"type": "Point", "coordinates": [77.53380952380952, 12.898888888888889]}, "properties": {"point_id": 912, "row": 14, "col": 16, "demand_2027": 591.7829258388856}}, {"type": "Feature", "geometry": {"type": "Point", "coordinates": [77.53904761904762, 12.898888888888889]}, "properties": {"point_id": 913, "row": 14, "col": 17, "demand_2027": 452.9423006527368}}, {"type": "Feature", "geometry": {"type": "Point", "coordinates": [77.54428571428572, 12.898888888888889]}, "properties": {"point_id": 914, "row": 14, "col": 18, "demand_2027": 603.6882706188619}}, {"type": "Feature", "geometry": {"type": "Point", "coordinates": [77.5495238095238, 12.898888888888889]}, "properties": {"point_id": 915, "row": 14, "col": 19, "demand_2027": 663.072188018691}}, {"type": "Feature", "geometry": {"type": "Point", "coordinates": [77.5547619047619, 12.898888888888889]}, "properties": {"point_id": 916, "row": 14, "col": 20, "demand_2027": 743.1124170225423}}, {"type": "Feature", "geometry": {"type": "Point", "coordinates": [77.56, 12.898888888888889]}, "properties": {"point_id": 917, "row": 14, "col": 21, "demand_2027": 699.4414470055926}}, {"type": "Feature", "geometry": {"type": "Point", "coordinates": [77.5652380952381, 12.898888888888889]}, "properties": {"point_id": 918, "row": 14, "col": 22, "demand_2027": 884.6145338207708}}, {"type": "Feature", "geometry": {"type": "Point", "coordinates": [77.5704761904762, 12.898888888888889]}, "properties": {"point_id": 919, "row": 14, "col": 23, "demand_2027": 530.0608659787996}}, {"type": "Feature", "geometry": {"type": "Point", "coordinates": [77.57571428571428, 12.898888888888889]}, "properties": {"point_id": 920, "row": 14, "col": 24, "demand_2027": 762.7871139392701}}, {"type": "Feature", "geometry": {"type": "Point", "coordinates": [77.58095238095238, 12.898888888888889]}, "properties": {"point_id": 921, "row": 14, "col": 25, "demand_2027": 790.1094035577803}}, {"type": "Feature", "geometry": {"type": "Point", "coordinates": [77.58619047619048, 12.898888888888889]}, "properties": {"point_id": 922, "row": 14, "col": 26, "demand_2027": 1057.1496309449126}}, {"type": "Feature", "geometry": {"type": "Point", "coordinates": [77.59142857142858, 12.898888888888889]}, "properties": {"point_id": 923, "row": 14, "col": 27, "demand_2027": 1024.2403966063548}}, {"type": "Feature", "geometry": {"type": "Point", "coordinates": [77.59666666666666, 12.898888888888889]}, "properties": {"point_id": 924, "row": 14, "col": 28, "demand_2027": 1167.3810605572864}}, {"type": "Feature", "geometry": {"type": "Point", "coordinates": [77.60190476190476, 12.898888888888889]}, "properties": {"point_id": 925, "row": 14, "col": 29, "demand_2027": 1727.2049047211324}}, {"type": "Feature", "geometry": {"type": "Point", "coordinates": [77.60714285714286, 12.898888888888889]}, "properties": {"point_id": 926, "row": 14, "col": 30, "demand_2027": 1377.4991566493472}}, {"type": "Feature", "geometry": {"type": "Point", "coordinates": [77.61238095238096, 12.898888888888889]}, "properties": {"point_id": 927, "row": 14, "col": 31, "demand_2027": 1638.5655884078885}}, {"type": "Feature", "geometry": {"type": "Point", "coordinates": [77.61761904761904, 12.898888888888889]}, "properties": {"point_id": 928, "row": 14, "col": 32, "demand_2027": 1592.710071753029}}, {"type": "Feature", "geometry": {"type": "Point", "coordinates": [77.62285714285714, 12.898888888888889]}, "properties": {"point_id": 929, "row": 14, "col": 33, "demand_2027": 1798.7968101472604}}, {"type": "Feature", "geometry": {"type": "Point", "coordinates": [77.62809523809524, 12.898888888888889]}, "properties": {"point_id": 930, "row": 14, "col": 34, "demand_2027": 1825.3820169236371}}, {"type": "Feature", "geometry": {"type": "Point", "coordinates": [77.63333333333334, 12.898888888888889]}, "properties": {"point_id": 931, "row": 14, "col": 35, "demand_2027": 2122.8468957566806}}, {"type": "Feature", "geometry": {"type": "Point", "coordinates": [77.63857142857142, 12.898888888888889]}, "properties": {"point_id": 932, "row": 14, "col": 36, "demand_2027": 2521.8935651037445}}, {"type": "Feature", "geometry": {"type": "Point", "coordinates": [77.64380952380952, 12.898888888888889]}, "properties": {"point_id": 933, "row": 14, "col": 37, "demand_2027": 2654.0672040614736}}, {"type": "Feature", "geometry": {"type": "Point", "coordinates": [77.64904761904762, 12.898888888888889]}, "properties": {"point_id": 934, "row": 14, "col": 38, "demand_2027": 2338.672602348156}}, {"type": "Feature", "geometry": {"type": "Point", "coordinates": [77.65428571428572, 12.898888888888889]}, "properties": {"point_id": 935, "row": 14, "col": 39, "demand_2027": 2413.000361884462}}, {"type": "Feature", "geometry": {"type": "Point", "coordinates": [77.6595238095238, 12.898888888888889]}, "properties": {"point_id": 936, "row": 14, "col": 40, "demand_2027": 1846.3558060180003}}, {"type": "Feature", "geometry": {"type": "Point", "coordinates": [77.6647619047619, 12.898888888888889]}, "properties": {"point_id": 937, "row": 14, "col": 41, "demand_2027": 2218.794569275099}}, {"type": "Feature", "geometry": {"type": "Point", "coordinates": [77.67, 12.898888888888889]}, "properties": {"point_id": 938, "row": 14, "col": 42, "demand_2027": 2575.4130039293923}}, {"type": "Feature", "geometry": {"type": "Point", "coordinates": [77.6752380952381, 12.898888888888889]}, "properties": {"point_id": 939, "row": 14, "col": 43, "demand_2027": 2582.83400782885}}, {"type": "Feature", "geometry": {"type": "Point", "coordinates": [77.6804761904762, 12.898888888888889]}, "properties": {"point_id": 940, "row": 14, "col": 44, "demand_2027": 2203.0340004571094}}, {"type": "Feature", "geometry": {"type": "Point", "coordinates": [77.68571428571428, 12.898888888888889]}, "properties": {"point_id": 941, "row": 14, "col": 45, "demand_2027": 2391.0947744353803}}, {"type": "Feature", "geometry": {"type": "Point", "coordinates": [77.69095238095238, 12.898888888888889]}, "properties": {"point_id": 942, "row": 14, "col": 46, "demand_2027": 2013.2179240210507}}, {"type": "Feature", "geometry": {"type": "Point", "coordinates": [77.69619047619048, 12.898888888888889]}, "properties": {"point_id": 943, "row": 14, "col": 47, "demand_2027": 2247.769602908162}}, {"type": "Feature", "geometry": {"type": "Point", "coordinates": [77.70142857142858, 12.898888888888889]}, "properties": {"point_id": 944, "row": 14, "col": 48, "demand_2027": 1896.791807065048}}, {"type": "Feature", "geometry": {"type": "Point", "coordinates": [77.70666666666666, 12.898888888888889]}, "properties": {"point_id": 945, "row": 14, "col": 49, "demand_2027": 1609.16111364586}}, {"type": "Feature", "geometry": {"type": "Point", "coordinates": [77.71190476190476, 12.898888888888889]}, "properties": {"point_id": 946, "row": 14, "col": 50, "demand_2027": 1734.3220649749685}}, {"type": "Feature", "geometry": {"type": "Point", "coordinates": [77.71714285714286, 12.898888888888889]}, "properties": {"point_id": 947, "row": 14, "col": 51, "demand_2027": 794.5157679117536}}, {"type": "Feature", "geometry": {"type": "Point", "coordinates": [77.72238095238096, 12.898888888888889]}, "properties": {"point_id": 948, "row": 14, "col": 52, "demand_2027": 1473.7939851383428}}, {"type": "Feature", "geometry": {"type": "Point", "coordinates": [77.72761904761904, 12.898888888888889]}, "properties": {"point_id": 949, "row": 14, "col": 53, "demand_2027": 540.3298536206407}}, {"type": "Feature", "geometry": {"type": "Point", "coordinates": [77.73285714285714, 12.898888888888889]}, "properties": {"point_id": 950, "row": 14, "col": 54, "demand_2027": 906.3589252395924}}, {"type": "Feature", "geometry": {"type": "Point", "coordinates": [77.73809523809524, 12.898888888888889]}, "properties": {"point_id": 951, "row": 14, "col": 55, "demand_2027": 1177.7790754248686}}, {"type": "Feature", "geometry": {"type": "Point", "coordinates": [77.74333333333334, 12.898888888888889]}, "properties": {"point_id": 952, "row": 14, "col": 56, "demand_2027": 1098.37687535889}}, {"type": "Feature", "geometry": {"type": "Point", "coordinates": [77.74857142857142, 12.898888888888889]}, "properties": {"point_id": 953, "row": 14, "col": 57, "demand_2027": 770.9483714058007}}, {"type": "Feature", "geometry": {"type": "Point", "coordinates": [77.75380952380952, 12.898888888888889]}, "properties": {"point_id": 954, "row": 14, "col": 58, "demand_2027": 738.4125411706855}}, {"type": "Feature", "geometry": {"type": "Point", "coordinates": [77.75904761904762, 12.898888888888889]}, "properties": {"point_id": 955, "row": 14, "col": 59, "demand_2027": 925.1326287326418}}, {"type": "Feature", "geometry": {"type": "Point", "coordinates": [77.76428571428572, 12.898888888888889]}, "properties": {"point_id": 956, "row": 14, "col": 60, "demand_2027": 675.8251602204725}}, {"type": "Feature", "geometry": {"type": "Point", "coordinates": [77.7695238095238, 12.898888888888889]}, "properties": {"point_id": 957, "row": 14, "col": 61, "demand_2027": 861.2967011853656}}, {"type": "Feature", "geometry": {"type": "Point", "coordinates": [77.7747619047619, 12.898888888888889]}, "properties": {"point_id": 958, "row": 14, "col": 62, "demand_2027": 626.5145582994919}}, {"type": "Feature", "geometry": {"type": "Point", "coordinates": [77.78, 12.898888888888889]}, "properties": {"point_id": 959, "row": 14, "col": 63, "demand_2027": 577.0345488673299}}, {"type": "Feature", "geometry": {"type": "Point", "coordinates": [77.45, 12.903809523809525]}, "properties": {"point_id": 960, "row": 15, "col": 0, "demand_2027": 540.2200293940468}}, {"type": "Feature", "geometry": {"type": "Point", "coordinates": [77.4552380952381, 12.903809523809525]}, "properties": {"point_id": 961, "row": 15, "col": 1, "demand_2027": 471.6369782486549}}, {"type": "Feature", "geometry": {"type": "Point", "coordinates": [77.4604761904762, 12.903809523809525]}, "properties": {"point_id": 962, "row": 15, "col": 2, "demand_2027": 411.2705936811687}}, {"type": "Feature", "geometry": {"type": "Point", "coordinates": [77.46571428571428, 12.903809523809525]}, "properties": {"point_id": 963, "row": 15, "col": 3, "demand_2027": 510.9302495166993}}, {"type": "Feature", "geometry": {"type": "Point", "coordinates": [77.47095238095238, 12.903809523809525]}, "properties": {"point_id": 964, "row": 15, "col": 4, "demand_2027": 530.3243997911516}}, {"type": "Feature", "geometry": {"type": "Point", "coordinates": [77.47619047619048, 12.903809523809525]}, "properties": {"point_id": 965, "row": 15, "col": 5, "demand_2027": 447.90332365941697}}, {"type": "Feature", "geometry": {"type": "Point", "coordinates": [77.48142857142858, 12.903809523809525]}, "properties": {"point_id": 966, "row": 15, "col": 6, "demand_2027": 527.3868335786216}}, {"type": "Feature", "geometry": {"type": "Point", "coordinates": [77.48666666666666, 12.903809523809525]}, "properties": {"point_id": 967, "row": 15, "col": 7, "demand_2027": 507.76472928541324}}, {"type": "Feature", "geometry": {"type": "Point", "coordinates": [77.49190476190476, 12.903809523809525]}, "properties": {"point_id": 968, "row": 15, "col": 8, "demand_2027": 665.2813789212848}}, {"type": "Feature", "geometry": {"type": "Point", "coordinates": [77.49714285714286, 12.903809523809525]}, "properties": {"point_id": 969, "row": 15, "col": 9, "demand_2027": 549.8464988759358}}, {"type": "Feature", "geometry": {"type": "Point", "coordinates": [77.50238095238096, 12.903809523809525]}, "properties": {"point_id": 970, "row": 15, "col": 10, "demand_2027": 563.7637647743517}}, {"type": "Feature", "geometry": {"type": "Point", "coordinates": [77.50761904761904, 12.903809523809525]}, "properties": {"point_id": 971, "row": 15, "col": 11, "demand_2027": 581.0101440358179}}, {"type": "Feature", "geometry": {"type": "Point", "coordinates": [77.51285714285714, 12.903809523809525]}, "properties": {"point_id": 972, "row": 15, "col": 12, "demand_2027": 553.9198506054668}}, {"type": "Feature", "geometry": {"type": "Point", "coordinates": [77.51809523809524, 12.903809523809525]}, "properties": {"point_id": 973, "row": 15, "col": 13, "demand_2027": 622.5101092116522}}, {"type": "Feature", "geometry": {"type": "Point", "coordinates": [77.52333333333334, 12.903809523809525]}, "properties": {"point_id": 974, "row": 15, "col": 14, "demand_2027": 469.1474452326579}}, {"type": "Feature", "geometry": {"type": "Point", "coordinates": [77.52857142857142, 12.903809523809525]}, "properties": {"point_id": 975, "row": 15, "col": 15, "demand_2027": 428.98793740224846}}, {"type": "Feature", "geometry": {"type": "Point", "coordinates": [77.53380952380952, 12.903809523809525]}, "properties": {"point_id": 976, "row": 15, "col": 16, "demand_2027": 597.921749454026}}, {"type": "Feature", "geometry": {"type": "Point", "coordinates": [77.53904761904762, 12.903809523809525]}, "properties": {"point_id": 977, "row": 15, "col": 17, "demand_2027": 538.8677909318415}}, {"type": "Feature", "geometry": {"type": "Point", "coordinates": [77.54428571428572, 12.903809523809525]}, "properties": {"point_id": 978, "row": 15, "col": 18, "demand_2027": 443.25560542257335}}, {"type": "Feature", "geometry": {"type": "Point", "coordinates": [77.5495238095238, 12.903809523809525]}, "properties": {"point_id": 979, "row": 15, "col": 19, "demand_2027": 625.6997698359147}}, {"type": "Feature", "geometry": {"type": "Point", "coordinates": [77.5547619047619, 12.903809523809525]}, "properties": {"point_id": 980, "row": 15, "col": 20, "demand_2027": 666.6489944395457}}, {"type": "Feature", "geometry": {"type": "Point", "coordinates": [77.56, 12.903809523809525]}, "properties": {"point_id": 981, "row": 15, "col": 21, "demand_2027": 543.3432924668675}}, {"type": "Feature", "geometry": {"type": "Point", "coordinates": [77.5652380952381, 12.903809523809525]}, "properties": {"point_id": 982, "row": 15, "col": 22, "demand_2027": 786.0984024187494}}, {"type": "Feature", "geometry": {"type": "Point", "coordinates": [77.5704761904762, 12.903809523809525]}, "properties": {"point_id": 983, "row": 15, "col": 23, "demand_2027": 855.1863212401064}}, {"type": "Feature", "geometry": {"type": "Point", "coordinates": [77.57571428571428, 12.903809523809525]}, "properties": {"point_id": 984, "row": 15, "col": 24, "demand_2027": 872.2624506830442}}, {"type": "Feature", "geometry": {"type": "Point", "coordinates": [77.58095238095238, 12.903809523809525]}, "properties": {"point_id": 985, "row": 15, "col": 25, "demand_2027": 1035.9812426301296}}, {"type": "Feature", "geometry": {"type": "Point", "coordinates": [77.58619047619048, 12.903809523809525]}, "properties": {"point_id": 986, "row": 15, "col": 26, "demand_2027": 789.2551354673614}}, {"type": "Feature", "geometry": {"type": "Point", "coordinates": [77.59142857142858, 12.903809523809525]}, "properties": {"point_id": 987, "row": 15, "col": 27, "demand_2027": 1156.4097559523962}}, {"type": "Feature", "geometry": {"type": "Point", "coordinates": [77.59666666666666, 12.903809523809525]}, "properties": {"point_id": 988, "row": 15, "col": 28, "demand_2027": 1200.7418365760223}}, {"type": "Feature", "geometry": {"type": "Point", "coordinates": [77.60190476190476, 12.903809523809525]}, "properties": {"point_id": 989, "row": 15, "col": 29, "demand_2027": 1194.4066437034319}}, {"type": "Feature", "geometry": {"type": "Point", "coordinates": [77.60714285714286, 12.903809523809525]}, "properties": {"point_id": 990, "row": 15, "col": 30, "demand_2027": 1658.7322505556397}}, {"type": "Feature", "geometry": {"type": "Point", "coordinates": [77.61238095238096, 12.903809523809525]}, "properties": {"point_id": 991, "row": 15, "col": 31, "demand_2027": 1991.9490414909114}}, {"type": "Feature", "geometry": {"type": "Point", "coordinates": [77.61761904761904, 12.903809523809525]}, "properties": {"point_id": 992, "row": 15, "col": 32, "demand_2027": 2238.7472026574064}}, {"type": "Feature", "geometry": {"type": "Point", "coordinates": [77.62285714285714, 12.903809523809525]}, "properties": {"point_id": 993, "row": 15, "col": 33, "demand_2027": 2309.1070178001264}}, {"type": "Feature", "geometry": {"type": "Point", "coordinates": [77.62809523809524, 12.903809523809525]}, "properties": {"point_id": 994, "row": 15, "col": 34, "demand_2027": 2064.544034252935}}, {"type": "Feature", "geometry": {"type": "Point", "coordinates": [77.63333333333334, 12.903809523809525]}, "properties": {"point_id": 995, "row": 15, "col": 35, "demand_2027": 2199.553793043711}}, {"type": "Feature", "geometry": {"type": "Point", "coordinates": [77.63857142857142, 12.903809523809525]}, "properties": {"point_id": 996, "row": 15, "col": 36, "demand_2027": 2292.5790315748254}}, {"type": "Feature", "geometry": {"type": "Point", "coordinates": [77.64380952380952, 12.903809523809525]}, "properties": {"point_id": 997, "row": 15, "col": 37, "demand_2027": 2237.6518747019127}}, {"type": "Feature", "geometry": {"type": "Point", "coordinates": [77.64904761904762, 12.903809523809525]}, "properties": {"point_id": 998, "row": 15, "col": 38, "demand_2027": 2217.5542937028704}}, {"type": "Feature", "geometry": {"type": "Point", "coordinates": [77.65428571428572, 12.903809523809525]}, "properties": {"point_id": 999, "row": 15, "col": 39, "demand_2027": 2467.8575903357914}}, {"type": "Feature", "geometry": {"type": "Point", "coordinates": [77.6595238095238, 12.903809523809525]}, "properties": {"point_id": 1000, "row": 15, "col": 40, "demand_2027": 2349.7425213974443}}, {"type": "Feature", "geometry": {"type": "Point", "coordinates": [77.6647619047619, 12.903809523809525]}, "properties": {"point_id": 1001, "row": 15, "col": 41, "demand_2027": 2022.6287761472004}}, {"type": "Feature", "geometry": {"type": "Point", "coordinates": [77.67, 12.903809523809525]}, "properties": {"point_id": 1002, "row": 15, "col": 42, "demand_2027": 2069.0943729002915}}, {"type": "Feature", "geometry": {"type": "Point", "coordinates": [77.6752380952381, 12.903809523809525]}, "properties": {"point_id": 1003, "row": 15, "col": 43, "demand_2027": 2481.8244161557186}}, {"type": "Feature", "geometry": {"type": "Point", "coordinates": [77.6804761904762, 12.903809523809525]}, "properties": {"point_id": 1004, "row": 15, "col": 44, "demand_2027": 2029.4971320608695}}, {"type": "Feature", "geometry": {"type": "Point", "coordinates": [77.68571428571428, 12.903809523809525]}, "properties": {"point_id": 1005, "row": 15, "col": 45, "demand_2027": 2288.8180910149067}}, {"type": "Feature", "geometry": {"type": "Point", "coordinates": [77.69095238095238, 12.903809523809525]}, "properties": {"point_id": 1006, "row": 15, "col": 46, "demand_2027": 2276.2883475070403}}, {"type": "Feature", "geometry": {"type": "Point", "coordinates": [77.69619047619048, 12.903809523809525]}, "properties": {"point_id": 1007, "row": 15, "col": 47, "demand_2027": 1906.3325652933233}}, {"type": "Feature", "geometry": {"type": "Point", "coordinates": [77.70142857142858, 12.903809523809525]}, "properties": {"point_id": 1008, "row": 15, "col": 48, "demand_2027": 2192.9122906537095}}, {"type": "Feature", "geometry": {"type": "Point", "coordinates": [77.70666666666666, 12.903809523809525]}, "properties": {"point_id": 1009, "row": 15, "col": 49, "demand_2027": 1890.529090695617}}, {"type": "Feature", "geometry": {"type": "Point", "coordinates": [77.71190476190476, 12.903809523809525]}, "properties": {"point_id": 1010, "row": 15, "col": 50, "demand_2027": 1369.287075942156}}, {"type": "Feature", "geometry": {"type": "Point", "coordinates": [77.71714285714286, 12.903809523809525]}, "properties": {"point_id": 1011, "row": 15, "col": 51, "demand_2027": 1891.087804998391}}, {"type": "Feature", "geometry": {"type": "Point", "coordinates": [77.72238095238096, 12.903809523809525]}, "properties": {"point_id": 1012, "row": 15, "col": 52, "demand_2027": 1399.9196188034593}}, {"type": "Feature", "geometry": {"type": "Point", "coordinates": [77.72761904761904, 12.903809523809525]}, "properties": {"point_id": 1013, "row": 15, "col": 53, "demand_2027": 1053.3014356901163}}, {"type": "Feature", "geometry": {"type": "Point", "coordinates": [77.73285714285714, 12.903809523809525]}, "properties": {"point_id": 1014, "row": 15, "col": 54, "demand_2027": 1063.49688035435}}, {"type": "Feature", "geometry": {"type": "Point", "coordinates": [77.73809523809524, 12.903809523809525]}, "properties": {"point_id": 1015, "row": 15, "col": 55, "demand_2027": 1037.0834082392507}}, {"type": "Feature", "geometry": {"type": "Point", "coordinates": [77.74333333333334, 12.903809523809525]}, "properties": {"point_id": 1016, "row": 15, "col": 56, "demand_2027": 1069.146029980556}}, {"type": "Feature", "geometry": {"type": "Point", "coordinates": [77.74857142857142, 12.903809523809525]}, "properties": {"point_id": 1017, "row": 15, "col": 57, "demand_2027": 961.8751563946004}}, {"type": "Feature", "geometry": {"type": "Point", "coordinates": [77.75380952380952, 12.903809523809525]}, "properties": {"point_id": 1018, "row": 15, "col": 58, "demand_2027": 894.0520614141321}}, {"type": "Feature", "geometry": {"type": "Point", "coordinates": [77.75904761904762, 12.903809523809525]}, "properties": {"point_id": 1019, "row": 15, "col": 59, "demand_2027": 953.2935189478883}}, {"type": "Feature", "geometry": {"type": "Point", "coordinates": [77.76428571428572, 12.903809523809525]}, "properties": {"point_id": 1020, "row": 15, "col": 60, "demand_2027": 883.9094563407825}}, {"type": "Feature", "geometry": {"type": "Point", "coordinates": [77.7695238095238, 12.903809523809525]}, "properties": {"point_id": 1021, "row": 15, "col": 61, "demand_2027": 772.1908156147963}}, {"type": "Feature", "geometry": {"type": "Point", "coordinates": [77.7747619047619, 12.903809523809525]}, "properties": {"point_id": 1022, "row": 15, "col": 62, "demand_2027": 729.1618265819841}}, {"type": "Feature", "geometry": {"type": "Point", "coordinates": [77.78, 12.903809523809525]}, "properties": {"point_id": 1023, "row": 15, "col": 63, "demand_2027": 655.3305594697035}}, {"type": "Feature", "geometry": {"type": "Point", "coordinates": [77.45, 12.908730158730158]}, "properties": {"point_id": 1024, "row": 16, "col": 0, "demand_2027": 295.3838864838521}}, {"type": "Feature", "geometry": {"type": "Point", "coordinates": [77.4552380952381, 12.908730158730158]}, "properties": {"point_id": 1025, "row": 16, "col": 1, "demand_2027": 427.18574536623606}}, {"type": "Feature", "geometry": {"type": "Point", "coordinates": [77.4604761904762, 12.908730158730158]}, "properties": {"point_id": 1026, "row": 16, "col": 2, "demand_2027": 320.570157768734}}, {"type": "Feature", "geometry": {"type": "Point", "coordinates": [77.46571428571428, 12.908730158730158]}, "properties": {"point_id": 1027, "row": 16, "col": 3, "demand_2027": 504.00759639420136}}, {"type": "Feature", "geometry": {"type": "Point", "coordinates": [77.47095238095238, 12.908730158730158]}, "properties": {"point_id": 1028, "row": 16, "col": 4, "demand_2027": 539.3454323999287}}, {"type": "Feature", "geometry": {"type": "Point", "coordinates": [77.47619047619048, 12.908730158730158]}, "properties": {"point_id": 1029, "row": 16, "col": 5, "demand_2027": 615.8096263928419}}, {"type": "Feature", "geometry": {"type": "Point", "coordinates": [77.48142857142858, 12.908730158730158]}, "properties": {"point_id": 1030, "row": 16, "col": 6, "demand_2027": 633.3770389153856}}, {"type": "Feature", "geometry": {"type": "Point", "coordinates": [77.48666666666666, 12.908730158730158]}, "properties": {"point_id": 1031, "row": 16, "col": 7, "demand_2027": 623.2870563369786}}, {"type": "Feature", "geometry": {"type": "Point", "coordinates": [77.49190476190476, 12.908730158730158]}, "properties": {"point_id": 1032, "row": 16, "col": 8, "demand_2027": 595.8983275560694}}, {"type": "Feature", "geometry": {"type": "Point", "coordinates": [77.49714285714286, 12.908730158730158]}, "properties": {"point_id": 1033, "row": 16, "col": 9, "demand_2027": 616.5321971979776}}, {"type": "Feature", "geometry": {"type": "Point", "coordinates": [77.50238095238096, 12.908730158730158]}, "properties": {"point_id": 1034, "row": 16, "col": 10, "demand_2027": 544.3252383533847}}, {"type": "Feature", "geometry": {"type": "Point", "coordinates": [77.50761904761904, 12.908730158730158]}, "properties": {"point_id": 1035, "row": 16, "col": 11, "demand_2027": 560.1034977287977}}, {"type": "Feature", "geometry": {"type": "Point", "coordinates": [77.51285714285714, 12.908730158730158]}, "properties": {"point_id": 1036, "row": 16, "col": 12, "demand_2027": 616.0883978492177}}, {"type": "Feature", "geometry": {"type": "Point", "coordinates": [77.51809523809524, 12.908730158730158]}, "properties": {"point_id": 1037, "row": 16, "col": 13, "demand_2027": 537.7592018429664}}, {"type": "Feature", "geometry": {"type": "Point", "coordinates": [77.52333333333334, 12.908730158730158]}, "properties": {"point_id": 1038, "row": 16, "col": 14, "demand_2027": 621.2853357322725}}, {"type": "Feature", "geometry": {"type": "Point", "coordinates": [77.52857142857142, 12.908730158730158]}, "properties": {"point_id": 1039, "row": 16, "col": 15, "demand_2027": 603.2911703398572}}, {"type": "Feature", "geometry": {"type": "Point", "coordinates": [77.53380952380952, 12.908730158730158]}, "properties": {"point_id": 1040, "row": 16, "col": 16, "demand_2027": 511.37648724709334}}, {"type": "Feature", "geometry": {"type": "Point", "coordinates": [77.53904761904762, 12.908730158730158]}, "properties": {"point_id": 1041, "row": 16, "col": 17, "demand_2027": 653.7639513487524}}, {"type": "Feature", "geometry": {"type": "Point", "coordinates": [77.54428571428572, 12.908730158730158]}, "properties": {"point_id": 1042, "row": 16, "col": 18, "demand_2027": 639.6586638187255}}, {"type": "Feature", "geometry": {"type": "Point", "coordinates": [77.5495238095238, 12.908730158730158]}, "properties": {"point_id": 1043, "row": 16, "col": 19, "demand_2027": 600.5664238367729}}, {"type": "Feature", "geometry": {"type": "Point", "coordinates": [77.5547619047619, 12.908730158730158]}, "properties": {"point_id": 1044, "row": 16, "col": 20, "demand_2027": 587.8002141231736}}, {"type": "Feature", "geometry": {"type": "Point", "coordinates": [77.56, 12.908730158730158]}, "properties": {"point_id": 1045, "row": 16, "col": 21, "demand_2027": 617.9538293087363}}, {"type": "Feature", "geometry": {"type": "Point", "coordinates": [77.5652380952381, 12.908730158730158]}, "properties": {"point_id": 1046, "row": 16, "col": 22, "demand_2027": 702.192234998653}}, {"type": "Feature", "geometry": {"type": "Point", "coordinates": [77.5704761904762, 12.908730158730158]}, "properties": {"point_id": 1047, "row": 16, "col": 23, "demand_2027": 940.8144182532446}}, {"type": "Feature", "geometry": {"type": "Point", "coordinates": [77.57571428571428, 12.908730158730158]}, "properties": {"point_id": 1048, "row": 16, "col": 24, "demand_2027": 737.9008661456166}}, {"type": "Feature", "geometry": {"type": "Point", "coordinates": [77.58095238095238, 12.908730158730158]}, "properties": {"point_id": 1049, "row": 16, "col": 25, "demand_2027": 1072.1002742573382}}, {"type": "Feature", "geometry": {"type": "Point", "coordinates": [77.58619047619048, 12.908730158730158]}, "properties": {"point_id": 1050, "row": 16, "col": 26, "demand_2027": 908.8828233965636}}, {"type": "Feature", "geometry": {"type": "Point", "coordinates": [77.59142857142858, 12.908730158730158]}, "properties": {"point_id": 1051, "row": 16, "col": 27, "demand_2027": 1145.4090220488094}}, {"type": "Feature", "geometry": {"type": "Point", "coordinates": [77.59666666666666, 12.908730158730158]}, "properties": {"point_id": 1052, "row": 16, "col": 28, "demand_2027": 1258.6713735488504}}, {"type": "Feature", "geometry": {"type": "Point", "coordinates": [77.60190476190476, 12.908730158730158]}, "properties": {"point_id": 1053, "row": 16, "col": 29, "demand_2027": 1927.4974267518567}}, {"type": "Feature", "geometry": {"type": "Point", "coordinates": [77.60714285714286, 12.908730158730158]}, "properties": {"point_id": 1054, "row": 16, "col": 30, "demand_2027": 1199.3688226713004}}, {"type": "Feature", "geometry": {"type": "Point", "coordinates": [77.61238095238096, 12.908730158730158]}, "properties": {"point_id": 1055, "row": 16, "col": 31, "demand_2027": 1905.5733831272498}}, {"type": "Feature", "geometry": {"type": "Point", "coordinates": [77.61761904761904, 12.908730158730158]}, "properties": {"point_id": 1056, "row": 16, "col": 32, "demand_2027": 1777.9255957799412}}, {"type": "Feature", "geometry": {"type": "Point", "coordinates": [77.62285714285714, 12.908730158730158]}, "properties": {"point_id": 1057, "row": 16, "col": 33, "demand_2027": 1879.1027671362897}}, {"type": "Feature", "geometry": {"type": "Point", "coordinates": [77.62809523809524, 12.908730158730158]}, "properties": {"point_id": 1058, "row": 16, "col": 34, "demand_2027": 2024.7756141191826}}, {"type": "Feature", "geometry": {"type": "Point", "coordinates": [77.63333333333334, 12.908730158730158]}, "properties": {"point_id": 1059, "row": 16, "col": 35, "demand_2027": 2273.6537264501517}}, {"type": "Feature", "geometry": {"type": "Point", "coordinates": [77.63857142857142, 12.908730158730158]}, "properties": {"point_id": 1060, "row": 16, "col": 36, "demand_2027": 2050.3191997688264}}, {"type": "Feature", "geometry": {"type": "Point", "coordinates": [77.64380952380952, 12.908730158730158]}, "properties": {"point_id": 1061, "row": 16, "col": 37, "demand_2027": 2853.915807018277}}, {"type": "Feature", "geometry": {"type": "Point", "coordinates": [77.64904761904762, 12.908730158730158]}, "properties": {"point_id": 1062, "row": 16, "col": 38, "demand_2027": 2138.095380130472}}, {"type": "Feature", "geometry": {"type": "Point", "coordinates": [77.65428571428572, 12.908730158730158]}, "properties": {"point_id": 1063, "row": 16, "col": 39, "demand_2027": 2685.067626177072}}, {"type": "Feature", "geometry": {"type": "Point", "coordinates": [77.6595238095238, 12.908730158730158]}, "properties": {"point_id": 1064, "row": 16, "col": 40, "demand_2027": 2105.666512595132}}, {"type": "Feature", "geometry": {"type": "Point", "coordinates": [77.6647619047619, 12.908730158730158]}, "properties": {"point_id": 1065, "row": 16, "col": 41, "demand_2027": 2378.9320897988596}}, {"type": "Feature", "geometry": {"type": "Point", "coordinates": [77.67, 12.908730158730158]}, "properties": {"point_id": 1066, "row": 16, "col": 42, "demand_2027": 2128.2198443393936}}, {"type": "Feature", "geometry": {"type": "Point", "coordinates": [77.6752380952381, 12.908730158730158]}, "properties": {"point_id": 1067, "row": 16, "col": 43, "demand_2027": 2595.407010480769}}, {"type": "Feature", "geometry": {"type": "Point", "coordinates": [77.6804761904762, 12.908730158730158]}, "properties": {"point_id": 1068, "row": 16, "col": 44, "demand_2027": 2797.0013407673323}}, {"type": "Feature", "geometry": {"type": "Point", "coordinates": [77.68571428571428, 12.908730158730158]}, "properties": {"point_id": 1069, "row": 16, "col": 45, "demand_2027": 2199.5778026635803}}, {"type": "Feature", "geometry": {"type": "Point", "coordinates": [77.69095238095238, 12.908730158730158]}, "properties": {"point_id": 1070, "row": 16, "col": 46, "demand_2027": 2135.2515343676805}}, {"type": "Feature", "geometry": {"type": "Point", "coordinates": [77.69619047619048, 12.908730158730158]}, "properties": {"point_id": 1071, "row": 16, "col": 47, "demand_2027": 1661.8373140174087}}, {"type": "Feature", "geometry": {"type": "Point", "coordinates": [77.70142857142858, 12.908730158730158]}, "properties": {"point_id": 1072, "row": 16, "col": 48, "demand_2027": 1993.4272723490792}}, {"type": "Feature", "geometry": {"type": "Point", "coordinates": [77.70666666666666, 12.908730158730158]}, "properties": {"point_id": 1073, "row": 16, "col": 49, "demand_2027": 1418.012160288135}}, {"type": "Feature", "geometry": {"type": "Point", "coordinates": [77.71190476190476, 12.908730158730158]}, "properties": {"point_id": 1074, "row": 16, "col": 50, "demand_2027": 1551.2670760986837}}, {"type": "Feature", "geometry": {"type": "Point", "coordinates": [77.71714285714286, 12.908730158730158]}, "properties": {"point_id": 1075, "row": 16, "col": 51, "demand_2027": 1865.2844654499124}}, {"type": "Feature", "geometry": {"type": "Point", "coordinates": [77.72238095238096, 12.908730158730158]}, "properties": {"point_id": 1076, "row": 16, "col": 52, "demand_2027": 1861.819296823747}}, {"type": "Feature", "geometry": {"type": "Point", "coordinates": [77.72761904761904, 12.908730158730158]}, "properties": {"point_id": 1077, "row": 16, "col": 53, "demand_2027": 2170.2247661413135}}, {"type": "Feature", "geometry": {"type": "Point", "coordinates": [77.73285714285714, 12.908730158730158]}, "properties": {"point_id": 1078, "row": 16, "col": 54, "demand_2027": 1312.7226269640723}}, {"type": "Feature", "geometry": {"type": "Point", "coordinates": [77.73809523809524, 12.908730158730158]}, "properties": {"point_id": 1079, "row": 16, "col": 55, "demand_2027": 1551.4243370462273}}, {"type": "Feature", "geometry": {"type": "Point", "coordinates": [77.74333333333334, 12.908730158730158]}, "properties": {"point_id": 1080, "row": 16, "col": 56, "demand_2027": 1258.8270047251233}}, {"type": "Feature", "geometry": {"type": "Point", "coordinates": [77.74857142857142, 12.908730158730158]}, "properties": {"point_id": 1081, "row": 16, "col": 57, "demand_2027": 1050.7601574906023}}, {"type": "Feature", "geometry": {"type": "Point", "coordinates": [77.75380952380952, 12.908730158730158]}, "properties": {"point_id": 1082, "row": 16, "col": 58, "demand_2027": 1083.895877970274}}, {"type": "Feature", "geometry": {"type": "Point", "coordinates": [77.75904761904762, 12.908730158730158]}, "properties": {"point_id": 1083, "row": 16, "col": 59, "demand_2027": 901.5152417386736}}, {"type": "Feature", "geometry": {"type": "Point", "coordinates": [77.76428571428572, 12.908730158730158]}, "properties": {"point_id": 1084, "row": 16, "col": 60, "demand_2027": 849.5224997302869}}, {"type": "Feature", "geometry": {"type": "Point", "coordinates": [77.7695238095238, 12.908730158730158]}, "properties": {"point_id": 1085, "row": 16, "col": 61, "demand_2027": 764.2897217855191}}, {"type": "Feature", "geometry": {"type": "Point", "coordinates": [77.7747619047619, 12.908730158730158]}, "properties": {"point_id": 1086, "row": 16, "col": 62, "demand_2027": 561.1380902169926}}, {"type": "Feature", "geometry": {"type": "Point", "coordinates": [77.78, 12.908730158730158]}, "properties": {"point_id": 1087, "row": 16, "col": 63, "demand_2027": 528.9608150638331}}, {"type": "Feature", "geometry": {"type": "Point", "coordinates": [77.45, 12.913650793650794]}, "properties": {"point_id": 1088, "row": 17, "col": 0, "demand_2027": 468.04936729930233}}, {"type": "Feature", "geometry": {"type": "Point", "coordinates": [77.4552380952381, 12.913650793650794]}, "properties": {"point_id": 1089, "row": 17, "col": 1, "demand_2027": 433.571178828803}}, {"type": "Feature", "geometry": {"type": "Point", "coordinates": [77.4604761904762, 12.913650793650794]}, "properties": {"point_id": 1090, "row": 17, "col": 2, "demand_2027": 439.21230629145475}}, {"type": "Feature", "geometry": {"type": "Point", "coordinates": [77.46571428571428, 12.913650793650794]}, "properties": {"point_id": 1091, "row": 17, "col": 3, "demand_2027": 521.7888318677366}}, {"type": "Feature", "geometry": {"type": "Point", "coordinates": [77.47095238095238, 12.913650793650794]}, "properties": {"point_id": 1092, "row": 17, "col": 4, "demand_2027": 591.616848527585}}, {"type": "Feature", "geometry": {"type": "Point", "coordinates": [77.47619047619048, 12.913650793650794]}, "properties": {"point_id": 1093, "row": 17, "col": 5, "demand_2027": 544.0422444987889}}, {"type": "Feature", "geometry": {"type": "Point", "coordinates": [77.48142857142858, 12.913650793650794]}, "properties": {"point_id": 1094, "row": 17, "col": 6, "demand_2027": 527.6350578872831}}, {"type": "Feature", "geometry": {"type": "Point", "coordinates": [77.48666666666666, 12.913650793650794]}, "properties": {"point_id": 1095, "row": 17, "col": 7, "demand_2027": 709.5104612900953}}, {"type": "Feature", "geometry": {"type": "Point", "coordinates": [77.49190476190476, 12.913650793650794]}, "properties": {"point_id": 1096, "row": 17, "col": 8, "demand_2027": 673.6756059027562}}, {"type": "Feature", "geometry": {"type": "Point", "coordinates": [77.49714285714286, 12.913650793650794]}, "properties": {"point_id": 1097, "row": 17, "col": 9, "demand_2027": 655.9782918426299}}, {"type": "Feature", "geometry": {"type": "Point", "coordinates": [77.50238095238096, 12.913650793650794]}, "properties": {"point_id": 1098, "row": 17, "col": 10, "demand_2027": 666.85486309895}}, {"type": "Feature", "geometry": {"type": "Point", "coordinates": [77.50761904761904, 12.913650793650794]}, "properties": {"point_id": 1099, "row": 17, "col": 11, "demand_2027": 693.5914585783098}}, {"type": "Feature", "geometry": {"type": "Point", "coordinates": [77.51285714285714, 12.913650793650794]}, "properties": {"point_id": 1100, "row": 17, "col": 12, "demand_2027": 688.5149458278976}}, {"type": "Feature", "geometry": {"type": "Point", "coordinates": [77.51809523809524, 12.913650793650794]}, "properties": {"point_id": 1101, "row": 17, "col": 13, "demand_2027": 627.0621592117768}}, {"type": "Feature", "geometry": {"type": "Point", "coordinates": [77.52333333333334, 12.913650793650794]}, "properties": {"point_id": 1102, "row": 17, "col": 14, "demand_2027": 610.0559321785457}}, {"type": "Feature", "geometry": {"type": "Point", "coordinates": [77.52857142857142, 12.913650793650794]}, "properties": {"point_id": 1103, "row": 17, "col": 15, "demand_2027": 602.7801525182158}}, {"type": "Feature", "geometry": {"type": "Point", "coordinates": [77.53380952380952, 12.913650793650794]}, "properties": {"point_id": 1104, "row": 17, "col": 16, "demand_2027": 485.65667505593814}}, {"type": "Feature", "geometry": {"type": "Point", "coordinates": [77.53904761904762, 12.913650793650794]}, "properties": {"point_id": 1105, "row": 17, "col": 17, "demand_2027": 661.0326069532338}}, {"type": "Feature", "geometry": {"type": "Point", "coordinates": [77.54428571428572, 12.913650793650794]}, "properties": {"point_id": 1106, "row": 17, "col": 18, "demand_2027": 489.37318678299977}}, {"type": "Feature", "geometry": {"type": "Point", "coordinates": [77.5495238095238, 12.913650793650794]}, "properties": {"point_id": 1107, "row": 17, "col": 19, "demand_2027": 568.0302239054951}}, {"type": "Feature", "geometry": {"type": "Point", "coordinates": [77.5547619047619, 12.913650793650794]}, "properties": {"point_id": 1108, "row": 17, "col": 20, "demand_2027": 825.4000812834101}}, {"type": "Feature", "geometry": {"type": "Point", "coordinates": [77.56, 12.913650793650794]}, "properties": {"point_id": 1109, "row": 17, "col": 21, "demand_2027": 791.1400518793857}}, {"type": "Feature", "geometry": {"type": "Point", "coordinates": [77.5652380952381, 12.913650793650794]}, "properties": {"point_id": 1110, "row": 17, "col": 22, "demand_2027": 963.57786465019}}, {"type": "Feature", "geometry": {"type": "Point", "coordinates": [77.5704761904762, 12.913650793650794]}, "properties": {"point_id": 1111, "row": 17, "col": 23, "demand_2027": 813.6044736672748}}, {"type": "Feature", "geometry": {"type": "Point", "coordinates": [77.57571428571428, 12.913650793650794]}, "properties": {"point_id": 1112, "row": 17, "col": 24, "demand_2027": 745.2740913310791}}, {"type": "Feature", "geometry": {"type": "Point", "coordinates": [77.58095238095238, 12.913650793650794]}, "properties": {"point_id": 1113, "row": 17, "col": 25, "demand_2027": 914.387158994759}}, {"type": "Feature", "geometry": {"type": "Point", "coordinates": [77.58619047619048, 12.913650793650794]}, "properties": {"point_id": 1114, "row": 17, "col": 26, "demand_2027": 1100.889169610229}}, {"type": "Feature", "geometry": {"type": "Point", "coordinates": [77.59142857142858, 12.913650793650794]}, "properties": {"point_id": 1115, "row": 17, "col": 27, "demand_2027": 1197.296187947599}}, {"type": "Feature", "geometry": {"type": "Point", "coordinates": [77.59666666666666, 12.913650793650794]}, "properties": {"point_id": 1116, "row": 17, "col": 28, "demand_2027": 1529.5094418102644}}, {"type": "Feature", "geometry": {"type": "Point", "coordinates": [77.60190476190476, 12.913650793650794]}, "properties": {"point_id": 1117, "row": 17, "col": 29, "demand_2027": 1303.3051372724121}}, {"type": "Feature", "geometry": {"type": "Point", "coordinates": [77.60714285714286, 12.913650793650794]}, "properties": {"point_id": 1118, "row": 17, "col": 30, "demand_2027": 1614.528452456291}}, {"type": "Feature", "geometry": {"type": "Point", "coordinates": [77.61238095238096, 12.913650793650794]}, "properties": {"point_id": 1119, "row": 17, "col": 31, "demand_2027": 1394.1291560338398}}, {"type": "Feature", "geometry": {"type": "Point", "coordinates": [77.61761904761904, 12.913650793650794]}, "properties": {"point_id": 1120, "row": 17, "col": 32, "demand_2027": 1847.0016684618436}}, {"type": "Feature", "geometry": {"type": "Point", "coordinates": [77.62285714285714, 12.913650793650794]}, "properties": {"point_id": 1121, "row": 17, "col": 33, "demand_2027": 1884.8050421004946}}, {"type": "Feature", "geometry": {"type": "Point", "coordinates": [77.62809523809524, 12.913650793650794]}, "properties": {"point_id": 1122, "row": 17, "col": 34, "demand_2027": 1877.667267174642}}, {"type": "Feature", "geometry": {"type": "Point", "coordinates": [77.63333333333334, 12.913650793650794]}, "properties": {"point_id": 1123, "row": 17, "col": 35, "demand_2027": 2175.9381919427824}}, {"type": "Feature", "geometry": {"type": "Point", "coordinates": [77.63857142857142, 12.913650793650794]}, "properties": {"point_id": 1124, "row": 17, "col": 36, "demand_2027": 2134.8491753580793}}, {"type": "Feature", "geometry": {"type": "Point", "coordinates": [77.64380952380952, 12.913650793650794]}, "properties": {"point_id": 1125, "row": 17, "col": 37, "demand_2027": 2154.0868694638666}}, {"type": "Feature", "geometry": {"type": "Point", "coordinates": [77.64904761904762, 12.913650793650794]}, "properties": {"point_id": 1126, "row": 17, "col": 38, "demand_2027": 2959.9966031666495}}, {"type": "Feature", "geometry": {"type": "Point", "coordinates": [77.65428571428572, 12.913650793650794]}, "properties": {"point_id": 1127, "row": 17, "col": 39, "demand_2027": 2257.4920409028437}}, {"type": "Feature", "geometry": {"type": "Point", "coordinates": [77.6595238095238, 12.913650793650794]}, "properties": {"point_id": 1128, "row": 17, "col": 40, "demand_2027": 2386.3573070709726}}, {"type": "Feature", "geometry": {"type": "Point", "coordinates": [77.6647619047619, 12.913650793650794]}, "properties": {"point_id": 1129, "row": 17, "col": 41, "demand_2027": 1672.7394656756608}}, {"type": "Feature", "geometry": {"type": "Point", "coordinates": [77.67, 12.913650793650794]}, "properties": {"point_id": 1130, "row": 17, "col": 42, "demand_2027": 2047.3216675074025}}, {"type": "Feature", "geometry": {"type": "Point", "coordinates": [77.6752380952381, 12.913650793650794]}, "properties": {"point_id": 1131, "row": 17, "col": 43, "demand_2027": 2320.173534259795}}, {"type": "Feature", "geometry": {"type": "Point", "coordinates": [77.6804761904762, 12.913650793650794]}, "properties": {"point_id": 1132, "row": 17, "col": 44, "demand_2027": 2128.9853011656596}}, {"type": "Feature", "geometry": {"type": "Point", "coordinates": [77.68571428571428, 12.913650793650794]}, "properties": {"point_id": 1133, "row": 17, "col": 45, "demand_2027": 2965.510557325718}}, {"type": "Feature", "geometry": {"type": "Point", "coordinates": [77.69095238095238, 12.913650793650794]}, "properties": {"point_id": 1134, "row": 17, "col": 46, "demand_2027": 2248.3348687445273}}, {"type": "Feature", "geometry": {"type": "Point", "coordinates": [77.69619047619048, 12.913650793650794]}, "properties": {"point_id": 1135, "row": 17, "col": 47, "demand_2027": 2596.5720586484035}}, {"type": "Feature", "geometry": {"type": "Point", "coordinates": [77.70142857142858, 12.913650793650794]}, "properties": {"point_id": 1136, "row": 17, "col": 48, "demand_2027": 2131.6009410204565}}, {"type": "Feature", "geometry": {"type": "Point", "coordinates": [77.70666666666666, 12.913650793650794]}, "properties": {"point_id": 1137, "row": 17, "col": 49, "demand_2027": 2161.2871713940767}}, {"type": "Feature", "geometry": {"type": "Point", "coordinates": [77.71190476190476, 12.913650793650794]}, "properties": {"point_id": 1138, "row": 17, "col": 50, "demand_2027": 1947.5421100660033}}, {"type": "Feature", "geometry": {"type": "Point", "coordinates": [77.71714285714286, 12.913650793650794]}, "properties": {"point_id": 1139, "row": 17, "col": 51, "demand_2027": 1870.1098493719587}}, {"type": "Feature", "geometry": {"type": "Point", "coordinates": [77.72238095238096, 12.913650793650794]}, "properties": {"point_id": 1140, "row": 17, "col": 52, "demand_2027": 2179.830566458546}}, {"type": "Feature", "geometry": {"type": "Point", "coordinates": [77.72761904761904, 12.913650793650794]}, "properties": {"point_id": 1141, "row": 17, "col": 53, "demand_2027": 1024.6706766776463}}, {"type": "Feature", "geometry": {"type": "Point", "coordinates": [77.73285714285714, 12.913650793650794]}, "properties": {"point_id": 1142, "row": 17, "col": 54, "demand_2027": 1028.255477377466}}, {"type": "Feature", "geometry": {"type": "Point", "coordinates": [77.73809523809524, 12.913650793650794]}, "properties": {"point_id": 1143, "row": 17, "col": 55, "demand_2027": 1213.2288755943046}}, {"type": "Feature", "geometry": {"type": "Point", "coordinates": [77.74333333333334, 12.913650793650794]}, "properties": {"point_id": 1144, "row": 17, "col": 56, "demand_2027": 1274.1785888540844}}, {"type": "Feature", "geometry": {"type": "Point", "coordinates": [77.74857142857142, 12.913650793650794]}, "properties": {"point_id": 1145, "row": 17, "col": 57, "demand_2027": 1215.6967970632147}}, {"type": "Feature", "geometry": {"type": "Point", "coordinates": [77.75380952380952, 12.913650793650794]}, "properties": {"point_id": 1146, "row": 17, "col": 58, "demand_2027": 1196.5560791069975}}, {"type": "Feature", "geometry": {"type": "Point", "coordinates": [77.75904761904762, 12.913650793650794]}, "properties": {"point_id": 1147, "row": 17, "col": 59, "demand_2027": 898.3640816173555}}, {"type": "Feature", "geometry": {"type": "Point", "coordinates": [77.76428571428572, 12.913650793650794]}, "properties": {"point_id": 1148, "row": 17, "col": 60, "demand_2027": 1018.4591751959397}}, {"type": "Feature", "geometry": {"type": "Point", "coordinates": [77.7695238095238, 12.913650793650794]}, "properties": {"point_id": 1149, "row": 17, "col": 61, "demand_2027": 997.0973260260323}}, {"type": "Feature", "geometry": {"type": "Point", "coordinates": [77.7747619047619, 12.913650793650794]}, "properties": {"point_id": 1150, "row": 17, "col": 62, "demand_2027": 876.0190672595783}}, {"type": "Feature", "geometry": {"type": "Point", "coordinates": [77.78, 12.913650793650794]}, "properties": {"point_id": 1151, "row": 17, "col": 63, "demand_2027": 797.2885853867905}}, {"type": "Feature", "geometry": {"type": "Point", "coordinates": [77.45, 12.918571428571429]}, "properties": {"point_id": 1152, "row": 18, "col": 0, "demand_2027": 444.5293018743966}}, {"type": "Feature", "geometry": {"type": "Point", "coordinates": [77.4552380952381, 12.918571428571429]}, "properties": {"point_id": 1153, "row": 18, "col": 1, "demand_2027": 416.60881710648084}}, {"type": "Feature", "geometry": {"type": "Point", "coordinates": [77.4604761904762, 12.918571428571429]}, "properties": {"point_id": 1154, "row": 18, "col": 2, "demand_2027": 495.52079274967633}}, {"type": "Feature", "geometry": {"type": "Point", "coordinates": [77.46571428571428, 12.918571428571429]}, "properties": {"point_id": 1155, "row": 18, "col": 3, "demand_2027": 538.0486479455659}}, {"type": "Feature", "geometry": {"type": "Point", "coordinates": [77.47095238095238, 12.918571428571429]}, "properties": {"point_id": 1156, "row": 18, "col": 4, "demand_2027": 529.7280764485306}}, {"type": "Feature", "geometry": {"type": "Point", "coordinates": [77.47619047619048, 12.918571428571429]}, "properties": {"point_id": 1157, "row": 18, "col": 5, "demand_2027": 672.0431998212099}}, {"type": "Feature", "geometry": {"type": "Point", "coordinates": [77.48142857142858, 12.918571428571429]}, "properties": {"point_id": 1158, "row": 18, "col": 6, "demand_2027": 361.42729651848765}}, {"type": "Feature", "geometry": {"type": "Point", "coordinates": [77.48666666666666, 12.918571428571429]}, "properties": {"point_id": 1159, "row": 18, "col": 7, "demand_2027": 457.7664891756197}}, {"type": "Feature", "geometry": {"type": "Point", "coordinates": [77.49190476190476, 12.918571428571429]}, "properties": {"point_id": 1160, "row": 18, "col": 8, "demand_2027": 472.16654324170787}}, {"type": "Feature", "geometry": {"type": "Point", "coordinates": [77.49714285714286, 12.918571428571429]}, "properties": {"point_id": 1161, "row": 18, "col": 9, "demand_2027": 561.9291051650208}}, {"type": "Feature", "geometry": {"type": "Point", "coordinates": [77.50238095238096, 12.918571428571429]}, "properties": {"point_id": 1162, "row": 18, "col": 10, "demand_2027": 558.5992160803862}}, {"type": "Feature", "geometry": {"type": "Point", "coordinates": [77.50761904761904, 12.918571428571429]}, "properties": {"point_id": 1163, "row": 18, "col": 11, "demand_2027": 447.7371240608373}}, {"type": "Feature", "geometry": {"type": "Point", "coordinates": [77.51285714285714, 12.918571428571429]}, "properties": {"point_id": 1164, "row": 18, "col": 12, "demand_2027": 471.7810661991225}}, {"type": "Feature", "geometry": {"type": "Point", "coordinates": [77.51809523809524, 12.918571428571429]}, "properties": {"point_id": 1165, "row": 18, "col": 13, "demand_2027": 504.8745047647229}}, {"type": "Feature", "geometry": {"type": "Point", "coordinates": [77.52333333333334, 12.918571428571429]}, "properties": {"point_id": 1166, "row": 18, "col": 14, "demand_2027": 773.418606651093}}, {"type": "Feature", "geometry": {"type": "Point", "coordinates": [77.52857142857142, 12.918571428571429]}, "properties": {"point_id": 1167, "row": 18, "col": 15, "demand_2027": 799.8040883954162}}, {"type": "Feature", "geometry": {"type": "Point", "coordinates": [77.53380952380952, 12.918571428571429]}, "properties": {"point_id": 1168, "row": 18, "col": 16, "demand_2027": 544.6884860163912}}, {"type": "Feature", "geometry": {"type": "Point", "coordinates": [77.53904761904762, 12.918571428571429]}, "properties": {"point_id": 1169, "row": 18, "col": 17, "demand_2027": 590.8685013894121}}, {"type": "Feature", "geometry": {"type": "Point", "coordinates": [77.54428571428572, 12.918571428571429]}, "properties": {"point_id": 1170, "row": 18, "col": 18, "demand_2027": 535.345697741769}}, {"type": "Feature", "geometry": {"type": "Point", "coordinates": [77.5495238095238, 12.918571428571429]}, "properties": {"point_id": 1171, "row": 18, "col": 19, "demand_2027": 458.719413299255}}, {"type": "Feature", "geometry": {"type": "Point", "coordinates": [77.5547619047619, 12.918571428571429]}, "properties": {"point_id": 1172, "row": 18, "col": 20, "demand_2027": 706.5730825611953}}, {"type": "Feature", "geometry": {"type": "Point", "coordinates": [77.56, 12.918571428571429]}, "properties": {"point_id": 1173, "row": 18, "col": 21, "demand_2027": 631.1278944561337}}, {"type": "Feature", "geometry": {"type": "Point", "coordinates": [77.5652380952381, 12.918571428571429]}, "properties": {"point_id": 1174, "row": 18, "col": 22, "demand_2027": 819.4991203528284}}, {"type": "Feature", "geometry": {"type": "Point", "coordinates": [77.5704761904762, 12.918571428571429]}, "properties": {"point_id": 1175, "row": 18, "col": 23, "demand_2027": 639.2744949749183}}, {"type": "Feature", "geometry": {"type": "Point", "coordinates": [77.57571428571428, 12.918571428571429]}, "properties": {"point_id": 1176, "row": 18, "col": 24, "demand_2027": 839.4426174421098}}, {"type": "Feature", "geometry": {"type": "Point", "coordinates": [77.58095238095238, 12.918571428571429]}, "properties": {"point_id": 1177, "row": 18, "col": 25, "demand_2027": 1055.1558145733607}}, {"type": "Feature", "geometry": {"type": "Point", "coordinates": [77.58619047619048, 12.918571428571429]}, "properties": {"point_id": 1178, "row": 18, "col": 26, "demand_2027": 1209.6375137831171}}, {"type": "Feature", "geometry": {"type": "Point", "coordinates": [77.59142857142858, 12.918571428571429]}, "properties": {"point_id": 1179, "row": 18, "col": 27, "demand_2027": 1198.2772170092596}}, {"type": "Feature", "geometry": {"type": "Point", "coordinates": [77.59666666666666, 12.918571428571429]}, "properties": {"point_id": 1180, "row": 18, "col": 28, "demand_2027": 981.8253302650485}}, {"type": "Feature", "geometry": {"type": "Point", "coordinates": [77.60190476190476, 12.918571428571429]}, "properties": {"point_id": 1181, "row": 18, "col": 29, "demand_2027": 1612.590730633667}}, {"type": "Feature", "geometry": {"type": "Point", "coordinates": [77.60714285714286, 12.918571428571429]}, "properties": {"point_id": 1182, "row": 18, "col": 30, "demand_2027": 1359.517309071526}}, {"type": "Feature", "geometry": {"type": "Point", "coordinates": [77.61238095238096, 12.918571428571429]}, "properties": {"point_id": 1183, "row": 18, "col": 31, "demand_2027": 1847.322364812953}}, {"type": "Feature", "geometry": {"type": "Point", "coordinates": [77.61761904761904, 12.918571428571429]}, "properties": {"point_id": 1184, "row": 18, "col": 32, "demand_2027": 1739.3230527122219}}, {"type": "Feature", "geometry": {"type": "Point", "coordinates": [77.62285714285714, 12.918571428571429]}, "properties": {"point_id": 1185, "row": 18, "col": 33, "demand_2027": 1519.4154242293382}}, {"type": "Feature", "geometry": {"type": "Point", "coordinates": [77.62809523809524, 12.918571428571429]}, "properties": {"point_id": 1186, "row": 18, "col": 34, "demand_2027": 1855.6150365531357}}, {"type": "Feature", "geometry": {"type": "Point", "coordinates": [77.63333333333334, 12.918571428571429]}, "properties": {"point_id": 1187, "row": 18, "col": 35, "demand_2027": 2200.075431182946}}, {"type": "Feature", "geometry": {"type": "Point", "coordinates": [77.63857142857142, 12.918571428571429]}, "properties": {"point_id": 1188, "row": 18, "col": 36, "demand_2027": 2437.0290022094646}}, {"type": "Feature", "geometry": {"type": "Point", "coordinates": [77.64380952380952, 12.918571428571429]}, "properties": {"point_id": 1189, "row": 18, "col": 37, "demand_2027": 2237.0987731703785}}, {"type": "Feature", "geometry": {"type": "Point", "coordinates": [77.64904761904762, 12.918571428571429]}, "properties": {"point_id": 1190, "row": 18, "col": 38, "demand_2027": 2928.531570129762}}, {"type": "Feature", "geometry": {"type": "Point", "coordinates": [77.65428571428572, 12.918571428571429]}, "properties": {"point_id": 1191, "row": 18, "col": 39, "demand_2027": 2962.2546920927607}}, {"type": "Feature", "geometry": {"type": "Point", "coordinates": [77.6595238095238, 12.918571428571429]}, "properties": {"point_id": 1192, "row": 18, "col": 40, "demand_2027": 2453.7257857564687}}, {"type": "Feature", "geometry": {"type": "Point", "coordinates": [77.6647619047619, 12.918571428571429]}, "properties": {"point_id": 1193, "row": 18, "col": 41, "demand_2027": 2864.272877275568}}, {"type": "Feature", "geometry": {"type": "Point", "coordinates": [77.67, 12.918571428571429]}, "properties": {"point_id": 1194, "row": 18, "col": 42, "demand_2027": 3284.067904393735}}, {"type": "Feature", "geometry": {"type": "Point", "coordinates": [77.6752380952381, 12.918571428571429]}, "properties": {"point_id": 1195, "row": 18, "col": 43, "demand_2027": 3050.803209222503}}, {"type": "Feature", "geometry": {"type": "Point", "coordinates": [77.6804761904762, 12.918571428571429]}, "properties": {"point_id": 1196, "row": 18, "col": 44, "demand_2027": 1991.3772988299133}}, {"type": "Feature", "geometry": {"type": "Point", "coordinates": [77.68571428571428, 12.918571428571429]}, "properties": {"point_id": 1197, "row": 18, "col": 45, "demand_2027": 2108.8924870628152}}, {"type": "Feature", "geometry": {"type": "Point", "coordinates": [77.69095238095238, 12.918571428571429]}, "properties": {"point_id": 1198, "row": 18, "col": 46, "demand_2027": 2866.3452620466637}}, {"type": "Feature", "geometry": {"type": "Point", "coordinates": [77.69619047619048, 12.918571428571429]}, "properties": {"point_id": 1199, "row": 18, "col": 47, "demand_2027": 1984.8753021877626}}, {"type": "Feature", "geometry": {"type": "Point", "coordinates": [77.70142857142858, 12.918571428571429]}, "properties": {"point_id": 1200, "row": 18, "col": 48, "demand_2027": 1673.9749547976498}}, {"type": "Feature", "geometry": {"type": "Point", "coordinates": [77.70666666666666, 12.918571428571429]}, "properties": {"point_id": 1201, "row": 18, "col": 49, "demand_2027": 1938.8486768734615}}, {"type": "Feature", "geometry": {"type": "Point", "coordinates": [77.71190476190476, 12.918571428571429]}, "properties": {"point_id": 1202, "row": 18, "col": 50, "demand_2027": 2140.5341056592347}}, {"type": "Feature", "geometry": {"type": "Point", "coordinates": [77.71714285714286, 12.918571428571429]}, "properties": {"point_id": 1203, "row": 18, "col": 51, "demand_2027": 1894.2422169101044}}, {"type": "Feature", "geometry": {"type": "Point", "coordinates": [77.72238095238096, 12.918571428571429]}, "properties": {"point_id": 1204, "row": 18, "col": 52, "demand_2027": 1538.3487026726852}}, {"type": "Feature", "geometry": {"type": "Point", "coordinates": [77.72761904761904, 12.918571428571429]}, "properties": {"point_id": 1205, "row": 18, "col": 53, "demand_2027": 1552.059963730297}}, {"type": "Feature", "geometry": {"type": "Point", "coordinates": [77.73285714285714, 12.918571428571429]}, "properties": {"point_id": 1206, "row": 18, "col": 54, "demand_2027": 1299.377650600291}}, {"type": "Feature", "geometry": {"type": "Point", "coordinates": [77.73809523809524, 12.918571428571429]}, "properties": {"point_id": 1207, "row": 18, "col": 55, "demand_2027": 1317.7307179025868}}, {"type": "Feature", "geometry": {"type": "Point", "coordinates": [77.74333333333334, 12.918571428571429]}, "properties": {"point_id": 1208, "row": 18, "col": 56, "demand_2027": 1930.3323647091217}}, {"type": "Feature", "geometry": {"type": "Point", "coordinates": [77.74857142857142, 12.918571428571429]}, "properties": {"point_id": 1209, "row": 18, "col": 57, "demand_2027": 1390.9296942021356}}, {"type": "Feature", "geometry": {"type": "Point", "coordinates": [77.75380952380952, 12.918571428571429]}, "properties": {"point_id": 1210, "row": 18, "col": 58, "demand_2027": 1340.65585944083}}, {"type": "Feature", "geometry": {"type": "Point", "coordinates": [77.75904761904762, 12.918571428571429]}, "properties": {"point_id": 1211, "row": 18, "col": 59, "demand_2027": 1014.7977379308863}}, {"type": "Feature", "geometry": {"type": "Point", "coordinates": [77.76428571428572, 12.918571428571429]}, "properties": {"point_id": 1212, "row": 18, "col": 60, "demand_2027": 1100.078259200801}}, {"type": "Feature", "geometry": {"type": "Point", "coordinates": [77.7695238095238, 12.918571428571429]}, "properties": {"point_id": 1213, "row": 18, "col": 61, "demand_2027": 830.810089224823}}, {"type": "Feature", "geometry": {"type": "Point", "coordinates": [77.7747619047619, 12.918571428571429]}, "properties": {"point_id": 1214, "row": 18, "col": 62, "demand_2027": 524.3723799633439}}, {"type": "Feature", "geometry": {"type": "Point", "coordinates": [77.78, 12.918571428571429]}, "properties": {"point_id": 1215, "row": 18, "col": 63, "demand_2027": 618.9484672708654}}, {"type": "Feature", "geometry": {"type": "Point", "coordinates": [77.45, 12.923492063492064]}, "properties": {"point_id": 1216, "row": 19, "col": 0, "demand_2027": 312.101082202929}}, {"type": "Feature", "geometry": {"type": "Point", "coordinates": [77.4552380952381, 12.923492063492064]}, "properties": {"point_id": 1217, "row": 19, "col": 1, "demand_2027": 294.1344420216693}}, {"type": "Feature", "geometry": {"type": "Point", "coordinates": [77.4604761904762, 12.923492063492064]}, "properties": {"point_id": 1218, "row": 19, "col": 2, "demand_2027": 380.02270731580325}}, {"type": "Feature", "geometry": {"type": "Point", "coordinates": [77.46571428571428, 12.923492063492064]}, "properties": {"point_id": 1219, "row": 19, "col": 3, "demand_2027": 601.0972837976972}}, {"type": "Feature", "geometry": {"type": "Point", "coordinates": [77.47095238095238, 12.923492063492064]}, "properties": {"point_id": 1220, "row": 19, "col": 4, "demand_2027": 514.4330288536853}}, {"type": "Feature", "geometry": {"type": "Point", "coordinates": [77.47619047619048, 12.923492063492064]}, "properties": {"point_id": 1221, "row": 19, "col": 5, "demand_2027": 664.4501345338114}}, {"type": "Feature", "geometry": {"type": "Point", "coordinates": [77.48142857142858, 12.923492063492064]}, "properties": {"point_id": 1222, "row": 19, "col": 6, "demand_2027": 573.4821649296939}}, {"type": "Feature", "geometry": {"type": "Point", "coordinates": [77.48666666666666, 12.923492063492064]}, "properties": {"point_id": 1223, "row": 19, "col": 7, "demand_2027": 626.5130482789501}}, {"type": "Feature", "geometry": {"type": "Point", "coordinates": [77.49190476190476, 12.923492063492064]}, "properties": {"point_id": 1224, "row": 19, "col": 8, "demand_2027": 492.8904479266704}}, {"type": "Feature", "geometry": {"type": "Point", "coordinates": [77.49714285714286, 12.923492063492064]}, "properties": {"point_id": 1225, "row": 19, "col": 9, "demand_2027": 608.7940240534161}}, {"type": "Feature", "geometry": {"type": "Point", "coordinates": [77.50238095238096, 12.923492063492064]}, "properties": {"point_id": 1226, "row": 19, "col": 10, "demand_2027": 632.7301811860641}}, {"type": "Feature", "geometry": {"type": "Point", "coordinates": [77.50761904761904, 12.923492063492064]}, "properties": {"point_id": 1227, "row": 19, "col": 11, "demand_2027": 519.1355292677649}}, {"type": "Feature", "geometry": {"type": "Point", "coordinates": [77.51285714285714, 12.923492063492064]}, "properties": {"point_id": 1228, "row": 19, "col": 12, "demand_2027": 636.5565934934608}}, {"type": "Feature", "geometry": {"type": "Point", "coordinates": [77.51809523809524, 12.923492063492064]}, "properties": {"point_id": 1229, "row": 19, "col": 13, "demand_2027": 637.2909731799201}}, {"type": "Feature", "geometry": {"type": "Point", "coordinates": [77.52333333333334, 12.923492063492064]}, "properties": {"point_id": 1230, "row": 19, "col": 14, "demand_2027": 517.7976257682925}}, {"type": "Feature", "geometry": {"type": "Point", "coordinates": [77.52857142857142, 12.923492063492064]}, "properties": {"point_id": 1231, "row": 19, "col": 15, "demand_2027": 467.5336460553919}}, {"type": "Feature", "geometry": {"type": "Point", "coordinates": [77.53380952380952, 12.923492063492064]}, "properties": {"point_id": 1232, "row": 19, "col": 16, "demand_2027": 489.32000492000276}}, {"type": "Feature", "geometry": {"type": "Point", "coordinates": [77.53904761904762, 12.923492063492064]}, "properties": {"point_id": 1233, "row": 19, "col": 17, "demand_2027": 633.5997936701306}}, {"type": "Feature", "geometry": {"type": "Point", "coordinates": [77.54428571428572, 12.923492063492064]}, "properties": {"point_id": 1234, "row": 19, "col": 18, "demand_2027": 684.0117229382697}}, {"type": "Feature", "geometry": {"type": "Point", "coordinates": [77.5495238095238, 12.923492063492064]}, "properties": {"point_id": 1235, "row": 19, "col": 19, "demand_2027": 629.8197080569686}}, {"type": "Feature", "geometry": {"type": "Point", "coordinates": [77.5547619047619, 12.923492063492064]}, "properties": {"point_id": 1236, "row": 19, "col": 20, "demand_2027": 757.6909321539131}}, {"type": "Feature", "geometry": {"type": "Point", "coordinates": [77.56, 12.923492063492064]}, "properties": {"point_id": 1237, "row": 19, "col": 21, "demand_2027": 859.3105023145432}}, {"type": "Feature", "geometry": {"type": "Point", "coordinates": [77.5652380952381, 12.923492063492064]}, "properties": {"point_id": 1238, "row": 19, "col": 22, "demand_2027": 992.8122027883654}}, {"type": "Feature", "geometry": {"type": "Point", "coordinates": [77.5704761904762, 12.923492063492064]}, "properties": {"point_id": 1239, "row": 19, "col": 23, "demand_2027": 1087.273686341793}}, {"type": "Feature", "geometry": {"type": "Point", "coordinates": [77.57571428571428, 12.923492063492064]}, "properties": {"point_id": 1240, "row": 19, "col": 24, "demand_2027": 1264.0447279200102}}, {"type": "Feature", "geometry": {"type": "Point", "coordinates": [77.58095238095238, 12.923492063492064]}, "properties": {"point_id": 1241, "row": 19, "col": 25, "demand_2027": 886.8037164414587}}, {"type": "Feature", "geometry": {"type": "Point", "coordinates": [77.58619047619048, 12.923492063492064]}, "properties": {"point_id": 1242, "row": 19, "col": 26, "demand_2027": 1403.2881304441507}}, {"type": "Feature", "geometry": {"type": "Point", "coordinates": [77.59142857142858, 12.923492063492064]}, "properties": {"point_id": 1243, "row": 19, "col": 27, "demand_2027": 1097.4251129848287}}, {"type": "Feature", "geometry": {"type": "Point", "coordinates": [77.59666666666666, 12.923492063492064]}, "properties": {"point_id": 1244, "row": 19, "col": 28, "demand_2027": 1481.5956966239412}}, {"type": "Feature", "geometry": {"type": "Point", "coordinates": [77.60190476190476, 12.923492063492064]}, "properties": {"point_id": 1245, "row": 19, "col": 29, "demand_2027": 1494.3035729662702}}, {"type": "Feature", "geometry": {"type": "Point", "coordinates": [77.60714285714286, 12.923492063492064]}, "properties": {"point_id": 1246, "row": 19, "col": 30, "demand_2027": 1444.5467697922616}}, {"type": "Feature", "geometry": {"type": "Point", "coordinates": [77.61238095238096, 12.923492063492064]}, "properties": {"point_id": 1247, "row": 19, "col": 31, "demand_2027": 1173.3205116562813}}, {"type": "Feature", "geometry": {"type": "Point", "coordinates": [77.61761904761904, 12.923492063492064]}, "properties": {"point_id": 1248, "row": 19, "col": 32, "demand_2027": 1731.4245011234411}}, {"type": "Feature", "geometry": {"type": "Point", "coordinates": [77.62285714285714, 12.923492063492064]}, "properties": {"point_id": 1249, "row": 19, "col": 33, "demand_2027": 1348.9811297544334}}, {"type": "Feature", "geometry": {"type": "Point", "coordinates": [77.62809523809524, 12.923492063492064]}, "properties": {"point_id": 1250, "row": 19, "col": 34, "demand_2027": 2196.461135728344}}, {"type": "Feature", "geometry": {"type": "Point", "coordinates": [77.63333333333334, 12.923492063492064]}, "properties": {"point_id": 1251, "row": 19, "col": 35, "demand_2027": 2678.6617650294097}}, {"type": "Feature", "geometry": {"type": "Point", "coordinates": [77.63857142857142, 12.923492063492064]}, "properties": {"point_id": 1252, "row": 19, "col": 36, "demand_2027": 1928.696438724934}}, {"type": "Feature", "geometry": {"type": "Point", "coordinates": [77.64380952380952, 12.923492063492064]}, "properties": {"point_id": 1253, "row": 19, "col": 37, "demand_2027": 2389.533094071863}}, {"type": "Feature", "geometry": {"type": "Point", "coordinates": [77.64904761904762, 12.923492063492064]}, "properties": {"point_id": 1254, "row": 19, "col": 38, "demand_2027": 2095.889729195613}}, {"type": "Feature", "geometry": {"type": "Point", "coordinates": [77.65428571428572, 12.923492063492064]}, "properties": {"point_id": 1255, "row": 19, "col": 39, "demand_2027": 2086.3561647098695}}, {"type": "Feature", "geometry": {"type": "Point", "coordinates": [77.6595238095238, 12.923492063492064]}, "properties": {"point_id": 1256, "row": 19, "col": 40, "demand_2027": 2863.0363514866335}}, {"type": "Feature", "geometry": {"type": "Point", "coordinates": [77.6647619047619, 12.923492063492064]}, "properties": {"point_id": 1257, "row": 19, "col": 41, "demand_2027": 2599.7072595952372}}, {"type": "Feature", "geometry": {"type": "Point", "coordinates": [77.67, 12.923492063492064]}, "properties": {"point_id": 1258, "row": 19, "col": 42, "demand_2027": 2934.995743879852}}, {"type": "Feature", "geometry": {"type": "Point", "coordinates": [77.6752380952381, 12.923492063492064]}, "properties": {"point_id": 1259, "row": 19, "col": 43, "demand_2027": 2346.196398516173}}, {"type": "Feature", "geometry": {"type": "Point", "coordinates": [77.6804761904762, 12.923492063492064]}, "properties": {"point_id": 1260, "row": 19, "col": 44, "demand_2027": 2692.8535450292975}}, {"type": "Feature", "geometry": {"type": "Point", "coordinates": [77.68571428571428, 12.923492063492064]}, "properties": {"point_id": 1261, "row": 19, "col": 45, "demand_2027": 2516.4030698528763}}, {"type": "Feature", "geometry": {"type": "Point", "coordinates": [77.69095238095238, 12.923492063492064]}, "properties": {"point_id": 1262, "row": 19, "col": 46, "demand_2027": 2594.0479885438986}}, {"type": "Feature", "geometry": {"type": "Point", "coordinates": [77.69619047619048, 12.923492063492064]}, "properties": {"point_id": 1263, "row": 19, "col": 47, "demand_2027": 2210.2179096330283}}, {"type": "Feature", "geometry": {"type": "Point", "coordinates": [77.70142857142858, 12.923492063492064]}, "properties": {"point_id": 1264, "row": 19, "col": 48, "demand_2027": 2205.4048797884207}}, {"type": "Feature", "geometry": {"type": "Point", "coordinates": [77.70666666666666, 12.923492063492064]}, "properties": {"point_id": 1265, "row": 19, "col": 49, "demand_2027": 2152.456504490021}}, {"type": "Feature", "geometry": {"type": "Point", "coordinates": [77.71190476190476, 12.923492063492064]}, "properties": {"point_id": 1266, "row": 19, "col": 50, "demand_2027": 1904.9872612085267}}, {"type": "Feature", "geometry": {"type": "Point", "coordinates": [77.71714285714286, 12.923492063492064]}, "properties": {"point_id": 1267, "row": 19, "col": 51, "demand_2027": 2263.7990641673878}}, {"type": "Feature", "geometry": {"type": "Point", "coordinates": [77.72238095238096, 12.923492063492064]}, "properties": {"point_id": 1268, "row": 19, "col": 52, "demand_2027": 2128.9128009801343}}, {"type": "Feature", "geometry": {"type": "Point", "coordinates": [77.72761904761904, 12.923492063492064]}, "properties": {"point_id": 1269, "row": 19, "col": 53, "demand_2027": 2013.819500380093}}, {"type": "Feature", "geometry": {"type": "Point", "coordinates": [77.73285714285714, 12.923492063492064]}, "properties": {"point_id": 1270, "row": 19, "col": 54, "demand_2027": 2082.4861145653786}}, {"type": "Feature", "geometry": {"type": "Point", "coordinates": [77.73809523809524, 12.923492063492064]}, "properties": {"point_id": 1271, "row": 19, "col": 55, "demand_2027": 1990.0490005743488}}, {"type": "Feature", "geometry": {"type": "Point", "coordinates": [77.74333333333334, 12.923492063492064]}, "properties": {"point_id": 1272, "row": 19, "col": 56, "demand_2027": 1384.5759838736533}}, {"type": "Feature", "geometry": {"type": "Point", "coordinates": [77.74857142857142, 12.923492063492064]}, "properties": {"point_id": 1273, "row": 19, "col": 57, "demand_2027": 1492.8427858615476}}, {"type": "Feature", "geometry": {"type": "Point", "coordinates": [77.75380952380952, 12.923492063492064]}, "properties": {"point_id": 1274, "row": 19, "col": 58, "demand_2027": 1195.1021970445686}}, {"type": "Feature", "geometry": {"type": "Point", "coordinates": [77.75904761904762, 12.923492063492064]}, "properties": {"point_id": 1275, "row": 19, "col": 59, "demand_2027": 1255.43217596392}}, {"type": "Feature", "geometry": {"type": "Point", "coordinates": [77.76428571428572, 12.923492063492064]}, "properties": {"point_id": 1276, "row": 19, "col": 60, "demand_2027": 972.9108510033325}}, {"type": "Feature", "geometry": {"type": "Point", "coordinates": [77.7695238095238, 12.923492063492064]}, "properties": {"point_id": 1277, "row": 19, "col": 61, "demand_2027": 1266.0512758531663}}, {"type": "Feature", "geometry": {"type": "Point", "coordinates": [77.7747619047619, 12.923492063492064]}, "properties": {"point_id": 1278, "row": 19, "col": 62, "demand_2027": 943.55136328011}}, {"type": "Feature", "geometry": {"type": "Point", "coordinates": [77.78, 12.923492063492064]}, "properties": {"point_id": 1279, "row": 19, "col": 63, "demand_2027": 817.4303045587433}}, {"type": "Feature", "geometry": {"type": "Point", "coordinates": [77.45, 12.928412698412698]}, "properties": {"point_id": 1280, "row": 20, "col": 0, "demand_2027": 507.9237370915016}}, {"type": "Feature", "geometry": {"type": "Point", "coordinates": [77.4552380952381, 12.928412698412698]}, "properties": {"point_id": 1281, "row": 20, "col": 1, "demand_2027": 266.17217495678364}}, {"type": "Feature", "geometry": {"type": "Point", "coordinates": [77.4604761904762, 12.928412698412698]}, "properties": {"point_id": 1282, "row": 20, "col": 2, "demand_2027": 306.97470508918923}}, {"type": "Feature", "geometry": {"type": "Point", "coordinates": [77.46571428571428, 12.928412698412698]}, "properties": {"point_id": 1283, "row": 20, "col": 3, "demand_2027": 552.295406571707}}, {"type": "Feature", "geometry": {"type": "Point", "coordinates": [77.47095238095238, 12.928412698412698]}, "properties": {"point_id": 1284, "row": 20, "col": 4, "demand_2027": 493.026252783813}}, {"type": "Feature", "geometry": {"type": "Point", "coordinates": [77.47619047619048, 12.928412698412698]}, "properties": {"point_id": 1285, "row": 20, "col": 5, "demand_2027": 535.809938419363}}, {"type": "Feature", "geometry": {"type": "Point", "coordinates": [77.48142857142858, 12.928412698412698]}, "properties": {"point_id": 1286, "row": 20, "col": 6, "demand_2027": 391.02876703183415}}, {"type": "Feature", "geometry": {"type": "Point", "coordinates": [77.48666666666666, 12.928412698412698]}, "properties": {"point_id": 1287, "row": 20, "col": 7, "demand_2027": 536.1874447287779}}, {"type": "Feature", "geometry": {"type": "Point", "coordinates": [77.49190476190476, 12.928412698412698]}, "properties": {"point_id": 1288, "row": 20, "col": 8, "demand_2027": 712.1588520784433}}, {"type": "Feature", "geometry": {"type": "Point", "coordinates": [77.49714285714286, 12.928412698412698]}, "properties": {"point_id": 1289, "row": 20, "col": 9, "demand_2027": 643.3989074410249}}, {"type": "Feature", "geometry": {"type": "Point", "coordinates": [77.50238095238096, 12.928412698412698]}, "properties": {"point_id": 1290, "row": 20, "col": 10, "demand_2027": 579.5758907200623}}, {"type": "Feature", "geometry": {"type": "Point", "coordinates": [77.50761904761904, 12.928412698412698]}, "properties": {"point_id": 1291, "row": 20, "col": 11, "demand_2027": 519.2883095701054}}, {"type": "Feature", "geometry": {"type": "Point", "coordinates": [77.51285714285714, 12.928412698412698]}, "properties": {"point_id": 1292, "row": 20, "col": 12, "demand_2027": 531.0985380841081}}, {"type": "Feature", "geometry": {"type": "Point", "coordinates": [77.51809523809524, 12.928412698412698]}, "properties": {"point_id": 1293, "row": 20, "col": 13, "demand_2027": 389.1113757885599}}, {"type": "Feature", "geometry": {"type": "Point", "coordinates": [77.52333333333334, 12.928412698412698]}, "properties": {"point_id": 1294, "row": 20, "col": 14, "demand_2027": 625.7859224236634}}, {"type": "Feature", "geometry": {"type": "Point", "coordinates": [77.52857142857142, 12.928412698412698]}, "properties": {"point_id": 1295, "row": 20, "col": 15, "demand_2027": 694.7643076758778}}, {"type": "Feature", "geometry": {"type": "Point", "coordinates": [77.53380952380952, 12.928412698412698]}, "properties": {"point_id": 1296, "row": 20, "col": 16, "demand_2027": 443.9007109199804}}, {"type": "Feature", "geometry": {"type": "Point", "coordinates": [77.53904761904762, 12.928412698412698]}, "properties": {"point_id": 1297, "row": 20, "col": 17, "demand_2027": 581.5702989094237}}, {"type": "Feature", "geometry": {"type": "Point", "coordinates": [77.54428571428572, 12.928412698412698]}, "properties": {"point_id": 1298, "row": 20, "col": 18, "demand_2027": 527.7930979080245}}, {"type": "Feature", "geometry": {"type": "Point", "coordinates": [77.5495238095238, 12.928412698412698]}, "properties": {"point_id": 1299, "row": 20, "col": 19, "demand_2027": 573.0457671450201}}, {"type": "Feature", "geometry": {"type": "Point", "coordinates": [77.5547619047619, 12.928412698412698]}, "properties": {"point_id": 1300, "row": 20, "col": 20, "demand_2027": 743.6949542139472}}, {"type": "Feature", "geometry": {"type": "Point", "coordinates": [77.56, 12.928412698412698]}, "properties": {"point_id": 1301, "row": 20, "col": 21, "demand_2027": 549.274053366705}}, {"type": "Feature", "geometry": {"type": "Point", "coordinates": [77.5652380952381, 12.928412698412698]}, "properties": {"point_id": 1302, "row": 20, "col": 22, "demand_2027": 918.7841846748727}}, {"type": "Feature", "geometry": {"type": "Point", "coordinates": [77.5704761904762, 12.928412698412698]}, "properties": {"point_id": 1303, "row": 20, "col": 23, "demand_2027": 1042.5208270409642}}, {"type": "Feature", "geometry": {"type": "Point", "coordinates": [77.57571428571428, 12.928412698412698]}, "properties": {"point_id": 1304, "row": 20, "col": 24, "demand_2027": 1031.4229734571165}}, {"type": "Feature", "geometry": {"type": "Point", "coordinates": [77.58095238095238, 12.928412698412698]}, "properties": {"point_id": 1305, "row": 20, "col": 25, "demand_2027": 675.2473386143048}}, {"type": "Feature", "geometry": {"type": "Point", "coordinates": [77.58619047619048, 12.928412698412698]}, "properties": {"point_id": 1306, "row": 20, "col": 26, "demand_2027": 956.0068899439746}}, {"type": "Feature", "geometry": {"type": "Point", "coordinates": [77.59142857142858, 12.928412698412698]}, "properties": {"point_id": 1307, "row": 20, "col": 27, "demand_2027": 1469.1508296629493}}, {"type": "Feature", "geometry": {"type": "Point", "coordinates": [77.59666666666666, 12.928412698412698]}, "properties": {"point_id": 1308, "row": 20, "col": 28, "demand_2027": 732.882288898548}}, {"type": "Feature", "geometry": {"type": "Point", "coordinates": [77.60190476190476, 12.928412698412698]}, "properties": {"point_id": 1309, "row": 20, "col": 29, "demand_2027": 1403.635960393962}}, {"type": "Feature", "geometry": {"type": "Point", "coordinates": [77.60714285714286, 12.928412698412698]}, "properties": {"point_id": 1310, "row": 20, "col": 30, "demand_2027": 1219.2310149764025}}, {"type": "Feature", "geometry": {"type": "Point", "coordinates": [77.61238095238096, 12.928412698412698]}, "properties": {"point_id": 1311, "row": 20, "col": 31, "demand_2027": 1831.6836501678142}}, {"type": "Feature", "geometry": {"type": "Point", "coordinates": [77.61761904761904, 12.928412698412698]}, "properties": {"point_id": 1312, "row": 20, "col": 32, "demand_2027": 1576.9174175781827}}, {"type": "Feature", "geometry": {"type": "Point", "coordinates": [77.62285714285714, 12.928412698412698]}, "properties": {"point_id": 1313, "row": 20, "col": 33, "demand_2027": 2128.1521700208787}}, {"type": "Feature", "geometry": {"type": "Point", "coordinates": [77.62809523809524, 12.928412698412698]}, "properties": {"point_id": 1314, "row": 20, "col": 34, "demand_2027": 2116.478242625141}}, {"type": "Feature", "geometry": {"type": "Point", "coordinates": [77.63333333333334, 12.928412698412698]}, "properties": {"point_id": 1315, "row": 20, "col": 35, "demand_2027": 2669.7288263945875}}, {"type": "Feature", "geometry": {"type": "Point", "coordinates": [77.63857142857142, 12.928412698412698]}, "properties": {"point_id": 1316, "row": 20, "col": 36, "demand_2027": 2102.4729347288153}}, {"type": "Feature", "geometry": {"type": "Point", "coordinates": [77.64380952380952, 12.928412698412698]}, "properties": {"point_id": 1317, "row": 20, "col": 37, "demand_2027": 2476.253745346903}}, {"type": "Feature", "geometry": {"type": "Point", "coordinates": [77.64904761904762, 12.928412698412698]}, "properties": {"point_id": 1318, "row": 20, "col": 38, "demand_2027": 1958.3932413058849}}, {"type": "Feature", "geometry": {"type": "Point", "coordinates": [77.65428571428572, 12.928412698412698]}, "properties": {"point_id": 1319, "row": 20, "col": 39, "demand_2027": 2811.3140699205387}}, {"type": "Feature", "geometry": {"type": "Point", "coordinates": [77.6595238095238, 12.928412698412698]}, "properties": {"point_id": 1320, "row": 20, "col": 40, "demand_2027": 2179.9690874403514}}, {"type": "Feature", "geometry": {"type": "Point", "coordinates": [77.6647619047619, 12.928412698412698]}, "properties": {"point_id": 1321, "row": 20, "col": 41, "demand_2027": 2366.5400757631787}}, {"type": "Feature", "geometry": {"type": "Point", "coordinates": [77.67, 12.928412698412698]}, "properties": {"point_id": 1322, "row": 20, "col": 42, "demand_2027": 2543.1508866890213}}, {"type": "Feature", "geometry": {"type": "Point", "coordinates": [77.6752380952381, 12.928412698412698]}, "properties": {"point_id": 1323, "row": 20, "col": 43, "demand_2027": 1899.9118091173616}}, {"type": "Feature", "geometry": {"type": "Point", "coordinates": [77.6804761904762, 12.928412698412698]}, "properties": {"point_id": 1324, "row": 20, "col": 44, "demand_2027": 2592.5937478073724}}, {"type": "Feature", "geometry": {"type": "Point", "coordinates": [77.68571428571428, 12.928412698412698]}, "properties": {"point_id": 1325, "row": 20, "col": 45, "demand_2027": 3042.1304073159904}}, {"type": "Feature", "geometry": {"type": "Point", "coordinates": [77.69095238095238, 12.928412698412698]}, "properties": {"point_id": 1326, "row": 20, "col": 46, "demand_2027": 2581.4434655986456}}, {"type": "Feature", "geometry": {"type": "Point", "coordinates": [77.69619047619048, 12.928412698412698]}, "properties": {"point_id": 1327, "row": 20, "col": 47, "demand_2027": 1782.1462615995326}}, {"type": "Feature", "geometry": {"type": "Point", "coordinates": [77.70142857142858, 12.928412698412698]}, "properties": {"point_id": 1328, "row": 20, "col": 48, "demand_2027": 2254.581064815323}}, {"type": "Feature", "geometry": {"type": "Point", "coordinates": [77.70666666666666, 12.928412698412698]}, "properties": {"point_id": 1329, "row": 20, "col": 49, "demand_2027": 2363.117646556154}}, {"type": "Feature", "geometry": {"type": "Point", "coordinates": [77.71190476190476, 12.928412698412698]}, "properties": {"point_id": 1330, "row": 20, "col": 50, "demand_2027": 1481.217013511845}}, {"type": "Feature", "geometry": {"type": "Point", "coordinates": [77.71714285714286, 12.928412698412698]}, "properties": {"point_id": 1331, "row": 20, "col": 51, "demand_2027": 1708.1341261458908}}, {"type": "Feature", "geometry": {"type": "Point", "coordinates": [77.72238095238096, 12.928412698412698]}, "properties": {"point_id": 1332, "row": 20, "col": 52, "demand_2027": 2288.1154321994363}}, {"type": "Feature", "geometry": {"type": "Point", "coordinates": [77.72761904761904, 12.928412698412698]}, "properties": {"point_id": 1333, "row": 20, "col": 53, "demand_2027": 1987.5440248528894}}, {"type": "Feature", "geometry": {"type": "Point", "coordinates": [77.73285714285714, 12.928412698412698]}, "properties": {"point_id": 1334, "row": 20, "col": 54, "demand_2027": 1826.4998382167505}}, {"type": "Feature", "geometry": {"type": "Point", "coordinates": [77.73809523809524, 12.928412698412698]}, "properties": {"point_id": 1335, "row": 20, "col": 55, "demand_2027": 2077.491687669468}}, {"type": "Feature", "geometry": {"type": "Point", "coordinates": [77.74333333333334, 12.928412698412698]}, "properties": {"point_id": 1336, "row": 20, "col": 56, "demand_2027": 1609.9645537945044}}, {"type": "Feature", "geometry": {"type": "Point", "coordinates": [77.74857142857142, 12.928412698412698]}, "properties": {"point_id": 1337, "row": 20, "col": 57, "demand_2027": 1585.6569758199905}}, {"type": "Feature", "geometry": {"type": "Point", "coordinates": [77.75380952380952, 12.928412698412698]}, "properties": {"point_id": 1338, "row": 20, "col": 58, "demand_2027": 1937.2534580017787}}, {"type": "Feature", "geometry": {"type": "Point", "coordinates": [77.75904761904762, 12.928412698412698]}, "properties": {"point_id": 1339, "row": 20, "col": 59, "demand_2027": 1240.9306946134093}}, {"type": "Feature", "geometry": {"type": "Point", "coordinates": [77.76428571428572, 12.928412698412698]}, "properties": {"point_id": 1340, "row": 20, "col": 60, "demand_2027": 989.2781192817713}}, {"type": "Feature", "geometry": {"type": "Point", "coordinates": [77.7695238095238, 12.928412698412698]}, "properties": {"point_id": 1341, "row": 20, "col": 61, "demand_2027": 1138.5188501343264}}, {"type": "Feature", "geometry": {"type": "Point", "coordinates": [77.7747619047619, 12.928412698412698]}, "properties": {"point_id": 1342, "row": 20, "col": 62, "demand_2027": 1079.0587752660338}}, {"type": "Feature", "geometry": {"type": "Point", "coordinates": [77.78, 12.928412698412698]}, "properties": {"point_id": 1343, "row": 20, "col": 63, "demand_2027": 820.1967919963507}}, {"type": "Feature", "geometry": {"type": "Point", "coordinates": [77.45, 12.933333333333334]}, "properties": {"point_id": 1344, "row": 21, "col": 0, "demand_2027": 314.95352943177545}}, {"type": "Feature", "geometry": {"type": "Point", "coordinates": [77.4552380952381, 12.933333333333334]}, "properties": {"point_id": 1345, "row": 21, "col": 1, "demand_2027": 579.5323307829599}}, {"type": "Feature", "geometry": {"type": "Point", "coordinates": [77.4604761904762, 12.933333333333334]}, "properties": {"point_id": 1346, "row": 21, "col": 2, "demand_2027": 473.02550087025344}}, {"type": "Feature", "geometry": {"type": "Point", "coordinates": [77.46571428571428, 12.933333333333334]}, "properties": {"point_id": 1347, "row": 21, "col": 3, "demand_2027": 417.80649305418706}}, {"type": "Feature", "geometry": {"type": "Point", "coordinates": [77.47095238095238, 12.933333333333334]}, "properties": {"point_id": 1348, "row": 21, "col": 4, "demand_2027": 565.4023318842624}}, {"type": "Feature", "geometry": {"type": "Point", "coordinates": [77.47619047619048, 12.933333333333334]}, "properties": {"point_id": 1349, "row": 21, "col": 5, "demand_2027": 506.9459184902181}}, {"type": "Feature", "geometry": {"type": "Point", "coordinates": [77.48142857142858, 12.933333333333334]}, "properties": {"point_id": 1350, "row": 21, "col": 6, "demand_2027": 495.78250547127755}}, {"type": "Feature", "geometry": {"type": "Point", "coordinates": [77.48666666666666, 12.933333333333334]}, "properties": {"point_id": 1351, "row": 21, "col": 7, "demand_2027": 601.1312070080496}}, {"type": "Feature", "geometry": {"type": "Point", "coordinates": [77.49190476190476, 12.933333333333334]}, "properties": {"point_id": 1352, "row": 21, "col": 8, "demand_2027": 419.41385901770826}}, {"type": "Feature", "geometry": {"type": "Point", "coordinates": [77.49714285714286, 12.933333333333334]}, "properties": {"point_id": 1353, "row": 21, "col": 9, "demand_2027": 606.5840436773021}}, {"type": "Feature", "geometry": {"type": "Point", "coordinates": [77.50238095238096, 12.933333333333334]}, "properties": {"point_id": 1354, "row": 21, "col": 10, "demand_2027": 723.5231633921734}}, {"type": "Feature", "geometry": {"type": "Point", "coordinates": [77.50761904761904, 12.933333333333334]}, "properties": {"point_id": 1355, "row": 21, "col": 11, "demand_2027": 594.2123349917309}}, {"type": "Feature", "geometry": {"type": "Point", "coordinates": [77.51285714285714, 12.933333333333334]}, "properties": {"point_id": 1356, "row": 21, "col": 12, "demand_2027": 531.0478769771682}}, {"type": "Feature", "geometry": {"type": "Point", "coordinates": [77.51809523809524, 12.933333333333334]}, "properties": {"point_id": 1357, "row": 21, "col": 13, "demand_2027": 546.2224207985253}}, {"type": "Feature", "geometry": {"type": "Point", "coordinates": [77.52333333333334, 12.933333333333334]}, "properties": {"point_id": 1358, "row": 21, "col": 14, "demand_2027": 536.6146367226963}}, {"type": "Feature", "geometry": {"type": "Point", "coordinates": [77.52857142857142, 12.933333333333334]}, "properties": {"point_id": 1359, "row": 21, "col": 15, "demand_2027": 610.1579237304466}}, {"type": "Feature", "geometry": {"type": "Point", "coordinates": [77.53380952380952, 12.933333333333334]}, "properties": {"point_id": 1360, "row": 21, "col": 16, "demand_2027": 574.0699429368229}}, {"type": "Feature", "geometry": {"type": "Point", "coordinates": [77.53904761904762, 12.933333333333334]}, "properties": {"point_id": 1361, "row": 21, "col": 17, "demand_2027": 765.5513964370438}}, {"type": "Feature", "geometry": {"type": "Point", "coordinates": [77.54428571428572, 12.933333333333334]}, "properties": {"point_id": 1362, "row": 21, "col": 18, "demand_2027": 486.2473687869335}}, {"type": "Feature", "geometry": {"type": "Point", "coordinates": [77.5495238095238, 12.933333333333334]}, "properties": {"point_id": 1363, "row": 21, "col": 19, "demand_2027": 821.2096084583263}}, {"type": "Feature", "geometry": {"type": "Point", "coordinates": [77.5547619047619, 12.933333333333334]}, "properties": {"point_id": 1364, "row": 21, "col": 20, "demand_2027": 748.9248514763437}}, {"type": "Feature", "geometry": {"type": "Point", "coordinates": [77.56, 12.933333333333334]}, "properties": {"point_id": 1365, "row": 21, "col": 21, "demand_2027": 891.0175264374926}}, {"type": "Feature", "geometry": {"type": "Point", "coordinates": [77.5652380952381, 12.933333333333334]}, "properties": {"point_id": 1366, "row": 21, "col": 22, "demand_2027": 729.5189649120457}}, {"type": "Feature", "geometry": {"type": "Point", "coordinates": [77.5704761904762, 12.933333333333334]}, "properties": {"point_id": 1367, "row": 21, "col": 23, "demand_2027": 1088.8047375373856}}, {"type": "Feature", "geometry": {"type": "Point", "coordinates": [77.57571428571428, 12.933333333333334]}, "properties": {"point_id": 1368, "row": 21, "col": 24, "demand_2027": 1197.008874355495}}, {"type": "Feature", "geometry": {"type": "Point", "coordinates": [77.58095238095238, 12.933333333333334]}, "properties": {"point_id": 1369, "row": 21, "col": 25, "demand_2027": 1242.5346205598682}}, {"type": "Feature", "geometry": {"type": "Point", "coordinates": [77.58619047619048, 12.933333333333334]}, "properties": {"point_id": 1370, "row": 21, "col": 26, "demand_2027": 870.3389627474814}}, {"type": "Feature", "geometry": {"type": "Point", "coordinates": [77.59142857142858, 12.933333333333334]}, "properties": {"point_id": 1371, "row": 21, "col": 27, "demand_2027": 1382.3301352777828}}, {"type": "Feature", "geometry": {"type": "Point", "coordinates": [77.59666666666666, 12.933333333333334]}, "properties": {"point_id": 1372, "row": 21, "col": 28, "demand_2027": 1417.7411582289608}}, {"type": "Feature", "geometry": {"type": "Point", "coordinates": [77.60190476190476, 12.933333333333334]}, "properties": {"point_id": 1373, "row": 21, "col": 29, "demand_2027": 1154.981066180102}}, {"type": "Feature", "geometry": {"type": "Point", "coordinates": [77.60714285714286, 12.933333333333334]}, "properties": {"point_id": 1374, "row": 21, "col": 30, "demand_2027": 1555.9501273176616}}, {"type": "Feature", "geometry": {"type": "Point", "coordinates": [77.61238095238096, 12.933333333333334]}, "properties": {"point_id": 1375, "row": 21, "col": 31, "demand_2027": 1672.348237412039}}, {"type": "Feature", "geometry": {"type": "Point", "coordinates": [77.61761904761904, 12.933333333333334]}, "properties": {"point_id": 1376, "row": 21, "col": 32, "demand_2027": 1955.0339448840577}}, {"type": "Feature", "geometry": {"type": "Point", "coordinates": [77.62285714285714, 12.933333333333334]}, "properties": {"point_id": 1377, "row": 21, "col": 33, "demand_2027": 1881.6459886979317}}, {"type": "Feature", "geometry": {"type": "Point", "coordinates": [77.62809523809524, 12.933333333333334]}, "properties": {"point_id": 1378, "row": 21, "col": 34, "demand_2027": 2157.0621080897704}}, {"type": "Feature", "geometry": {"type": "Point", "coordinates": [77.63333333333334, 12.933333333333334]}, "properties": {"point_id": 1379, "row": 21, "col": 35, "demand_2027": 2400.0161627024563}}, {"type": "Feature", "geometry": {"type": "Point", "coordinates": [77.63857142857142, 12.933333333333334]}, "properties": {"point_id": 1380, "row": 21, "col": 36, "demand_2027": 2616.288103668035}}, {"type": "Feature", "geometry": {"type": "Point", "coordinates": [77.64380952380952, 12.933333333333334]}, "properties": {"point_id": 1381, "row": 21, "col": 37, "demand_2027": 1243.479091019272}}, {"type": "Feature", "geometry": {"type": "Point", "coordinates": [77.64904761904762, 12.933333333333334]}, "properties": {"point_id": 1382, "row": 21, "col": 38, "demand_2027": 2174.0994151089826}}, {"type": "Feature", "geometry": {"type": "Point", "coordinates": [77.65428571428572, 12.933333333333334]}, "properties": {"point_id": 1383, "row": 21, "col": 39, "demand_2027": 2295.20752048042}}, {"type": "Feature", "geometry": {"type": "Point", "coordinates": [77.6595238095238, 12.933333333333334]}, "properties": {"point_id": 1384, "row": 21, "col": 40, "demand_2027": 1739.7632381697306}}, {"type": "Feature", "geometry": {"type": "Point", "coordinates": [77.6647619047619, 12.933333333333334]}, "properties": {"point_id": 1385, "row": 21, "col": 41, "demand_2027": 2608.9852523260797}}, {"type": "Feature", "geometry": {"type": "Point", "coordinates": [77.67, 12.933333333333334]}, "properties": {"point_id": 1386, "row": 21, "col": 42, "demand_2027": 3063.231860524983}}, {"type": "Feature", "geometry": {"type": "Point", "coordinates": [77.6752380952381, 12.933333333333334]}, "properties": {"point_id": 1387, "row": 21, "col": 43, "demand_2027": 2131.4533029198856}}, {"type": "Feature", "geometry": {"type": "Point", "coordinates": [77.6804761904762, 12.933333333333334]}, "properties": {"point_id": 1388, "row": 21, "col": 44, "demand_2027": 2697.7498203392965}}, {"type": "Feature", "geometry": {"type": "Point", "coordinates": [77.68571428571428, 12.933333333333334]}, "properties": {"point_id": 1389, "row": 21, "col": 45, "demand_2027": 2178.7020545356695}}, {"type": "Feature", "geometry": {"type": "Point", "coordinates": [77.69095238095238, 12.933333333333334]}, "properties": {"point_id": 1390, "row": 21, "col": 46, "demand_2027": 2125.9227558937764}}, {"type": "Feature", "geometry": {"type": "Point", "coordinates": [77.69619047619048, 12.933333333333334]}, "properties": {"point_id": 1391, "row": 21, "col": 47, "demand_2027": 2973.932065695866}}, {"type": "Feature", "geometry": {"type": "Point", "coordinates": [77.70142857142858, 12.933333333333334]}, "properties": {"point_id": 1392, "row": 21, "col": 48, "demand_2027": 2246.4910411731803}}, {"type": "Feature", "geometry": {"type": "Point", "coordinates": [77.70666666666666, 12.933333333333334]}, "properties": {"point_id": 1393, "row": 21, "col": 49, "demand_2027": 2320.7092304749567}}, {"type": "Feature", "geometry": {"type": "Point", "coordinates": [77.71190476190476, 12.933333333333334]}, "properties": {"point_id": 1394, "row": 21, "col": 50, "demand_2027": 1427.2992039292672}}, {"type": "Feature", "geometry": {"type": "Point", "coordinates": [77.71714285714286, 12.933333333333334]}, "properties": {"point_id": 1395, "row": 21, "col": 51, "demand_2027": 2701.566087837906}}, {"type": "Feature", "geometry": {"type": "Point", "coordinates": [77.72238095238096, 12.933333333333334]}, "properties": {"point_id": 1396, "row": 21, "col": 52, "demand_2027": 2352.1391511733923}}, {"type": "Feature", "geometry": {"type": "Point", "coordinates": [77.72761904761904, 12.933333333333334]}, "properties": {"point_id": 1397, "row": 21, "col": 53, "demand_2027": 1834.8250216331703}}, {"type": "Feature", "geometry": {"type": "Point", "coordinates": [77.73285714285714, 12.933333333333334]}, "properties": {"point_id": 1398, "row": 21, "col": 54, "demand_2027": 1977.776859904799}}, {"type": "Feature", "geometry": {"type": "Point", "coordinates": [77.73809523809524, 12.933333333333334]}, "properties": {"point_id": 1399, "row": 21, "col": 55, "demand_2027": 1387.7528410507646}}, {"type": "Feature", "geometry": {"type": "Point", "coordinates": [77.74333333333334, 12.933333333333334]}, "properties": {"point_id": 1400, "row": 21, "col": 56, "demand_2027": 1862.4848688090717}}, {"type": "Feature", "geometry": {"type": "Point", "coordinates": [77.74857142857142, 12.933333333333334]}, "properties": {"point_id": 1401, "row": 21, "col": 57, "demand_2027": 1442.4021900672633}}, {"type": "Feature", "geometry": {"type": "Point", "coordinates": [77.75380952380952, 12.933333333333334]}, "properties": {"point_id": 1402, "row": 21, "col": 58, "demand_2027": 1394.5560275126034}}, {"type": "Feature", "geometry": {"type": "Point", "coordinates": [77.75904761904762, 12.933333333333334]}, "properties": {"point_id": 1403, "row": 21, "col": 59, "demand_2027": 1228.5359578945172}}, {"type": "Feature", "geometry": {"type": "Point", "coordinates": [77.76428571428572, 12.933333333333334]}, "properties": {"point_id": 1404, "row": 21, "col": 60, "demand_2027": 1092.0096820996584}}, {"type": "Feature", "geometry": {"type": "Point", "coordinates": [77.7695238095238, 12.933333333333334]}, "properties": {"point_id": 1405, "row": 21, "col": 61, "demand_2027": 1247.0928577196557}}, {"type": "Feature", "geometry": {"type": "Point", "coordinates": [77.7747619047619, 12.933333333333334]}, "properties": {"point_id": 1406, "row": 21, "col": 62, "demand_2027": 1076.1136791399865}}, {"type": "Feature", "geometry": {"type": "Point", "coordinates": [77.78, 12.933333333333334]}, "properties": {"point_id": 1407, "row": 21, "col": 63, "demand_2027": 1039.3774396949655}}, {"type": "Feature", "geometry": {"type": "Point", "coordinates": [77.45, 12.938253968253969]}, "properties": {"point_id": 1408, "row": 22, "col": 0, "demand_2027": 366.76388601458257}}, {"type": "Feature", "geometry": {"type": "Point", "coordinates": [77.4552380952381, 12.938253968253969]}, "properties": {"point_id": 1409, "row": 22, "col": 1, "demand_2027": 432.2894263187566}}, {"type": "Feature", "geometry": {"type": "Point", "coordinates": [77.4604761904762, 12.938253968253969]}, "properties": {"point_id": 1410, "row": 22, "col": 2, "demand_2027": 417.63468546374423}}, {"type": "Feature", "geometry": {"type": "Point", "coordinates": [77.46571428571428, 12.938253968253969]}, "properties": {"point_id": 1411, "row": 22, "col": 3, "demand_2027": 607.8678485054467}}, {"type": "Feature", "geometry": {"type": "Point", "coordinates": [77.47095238095238, 12.938253968253969]}, "properties": {"point_id": 1412, "row": 22, "col": 4, "demand_2027": 366.5957626185179}}, {"type": "Feature", "geometry": {"type": "Point", "coordinates": [77.47619047619048, 12.938253968253969]}, "properties": {"point_id": 1413, "row": 22, "col": 5, "demand_2027": 577.8556802628035}}, {"type": "Feature", "geometry": {"type": "Point", "coordinates": [77.48142857142858, 12.938253968253969]}, "properties": {"point_id": 1414, "row": 22, "col": 6, "demand_2027": 612.2674075239654}}, {"type": "Feature", "geometry": {"type": "Point", "coordinates": [77.48666666666666, 12.938253968253969]}, "properties": {"point_id": 1415, "row": 22, "col": 7, "demand_2027": 431.86498887628494}}, {"type": "Feature", "geometry": {"type": "Point", "coordinates": [77.49190476190476, 12.938253968253969]}, "properties": {"point_id": 1416, "row": 22, "col": 8, "demand_2027": 699.8061395738597}}, {"type": "Feature", "geometry": {"type": "Point", "coordinates": [77.49714285714286, 12.938253968253969]}, "properties": {"point_id": 1417, "row": 22, "col": 9, "demand_2027": 628.508419965377}}, {"type": "Feature", "geometry": {"type": "Point", "coordinates": [77.50238095238096, 12.938253968253969]}, "properties": {"point_id": 1418, "row": 22, "col": 10, "demand_2027": 613.3560178060511}}, {"type": "Feature", "geometry": {"type": "Point", "coordinates": [77.50761904761904, 12.938253968253969]}, "properties": {"point_id": 1419, "row": 22, "col": 11, "demand_2027": 543.6188521604483}}, {"type": "Feature", "geometry": {"type": "Point", "coordinates": [77.51285714285714, 12.938253968253969]}, "properties": {"point_id": 1420, "row": 22, "col": 12, "demand_2027": 548.6198760086958}}, {"type": "Feature", "geometry": {"type": "Point", "coordinates": [77.51809523809524, 12.938253968253969]}, "properties": {"point_id": 1421, "row": 22, "col": 13, "demand_2027": 550.6652121469408}}, {"type": "Feature", "geometry": {"type": "Point", "coordinates": [77.52333333333334, 12.938253968253969]}, "properties": {"point_id": 1422, "row": 22, "col": 14, "demand_2027": 620.0038132085815}}, {"type": "Feature", "geometry": {"type": "Point", "coordinates": [77.52857142857142, 12.938253968253969]}, "properties": {"point_id": 1423, "row": 22, "col": 15, "demand_2027": 749.5905184923384}}, {"type": "Feature", "geometry": {"type": "Point", "coordinates": [77.53380952380952, 12.938253968253969]}, "properties": {"point_id": 1424, "row": 22, "col": 16, "demand_2027": 676.4519317778737}}, {"type": "Feature", "geometry": {"type": "Point", "coordinates": [77.53904761904762, 12.938253968253969]}, "properties": {"point_id": 1425, "row": 22, "col": 17, "demand_2027": 589.0199638646858}}, {"type": "Feature", "geometry": {"type": "Point", "coordinates": [77.54428571428572, 12.938253968253969]}, "properties": {"point_id": 1426, "row": 22, "col": 18, "demand_2027": 809.2954870366236}}, {"type": "Feature", "geometry": {"type": "Point", "coordinates": [77.5495238095238, 12.938253968253969]}, "properties": {"point_id": 1427, "row": 22, "col": 19, "demand_2027": 825.2768061389813}}, {"type": "Feature", "geometry": {"type": "Point", "coordinates": [77.5547619047619, 12.938253968253969]}, "properties": {"point_id": 1428, "row": 22, "col": 20, "demand_2027": 874.2668168479927}}, {"type": "Feature", "geometry": {"type": "Point", "coordinates": [77.56, 12.938253968253969]}, "properties": {"point_id": 1429, "row": 22, "col": 21, "demand_2027": 921.6593618701187}}, {"type": "Feature", "geometry": {"type": "Point", "coordinates": [77.5652380952381, 12.938253968253969]}, "properties": {"point_id": 1430, "row": 22, "col": 22, "demand_2027": 843.7199993523769}}, {"type": "Feature", "geometry": {"type": "Point", "coordinates": [77.5704761904762, 12.938253968253969]}, "properties": {"point_id": 1431, "row": 22, "col": 23, "demand_2027": 848.2467955718416}}, {"type": "Feature", "geometry": {"type": "Point", "coordinates": [77.57571428571428, 12.938253968253969]}, "properties": {"point_id": 1432, "row": 22, "col": 24, "demand_2027": 875.0694124028098}}, {"type": "Feature", "geometry": {"type": "Point", "coordinates": [77.58095238095238, 12.938253968253969]}, "properties": {"point_id": 1433, "row": 22, "col": 25, "demand_2027": 829.25518505403}}, {"type": "Feature", "geometry": {"type": "Point", "coordinates": [77.58619047619048, 12.938253968253969]}, "properties": {"point_id": 1434, "row": 22, "col": 26, "demand_2027": 1216.9809976330732}}, {"type": "Feature", "geometry": {"type": "Point", "coordinates": [77.59142857142858, 12.938253968253969]}, "properties": {"point_id": 1435, "row": 22, "col": 27, "demand_2027": 1217.2113777859956}}, {"type": "Feature", "geometry": {"type": "Point", "coordinates": [77.59666666666666, 12.938253968253969]}, "properties": {"point_id": 1436, "row": 22, "col": 28, "demand_2027": 1236.4432412282451}}, {"type": "Feature", "geometry": {"type": "Point", "coordinates": [77.60190476190476, 12.938253968253969]}, "properties": {"point_id": 1437, "row": 22, "col": 29, "demand_2027": 786.352598619568}}, {"type": "Feature", "geometry": {"type": "Point", "coordinates": [77.60714285714286, 12.938253968253969]}, "properties": {"point_id": 1438, "row": 22, "col": 30, "demand_2027": 1251.3361931435509}}, {"type": "Feature", "geometry": {"type": "Point", "coordinates": [77.61238095238096, 12.938253968253969]}, "properties": {"point_id": 1439, "row": 22, "col": 31, "demand_2027": 1812.1402544607115}}, {"type": "Feature", "geometry": {"type": "Point", "coordinates": [77.61761904761904, 12.938253968253969]}, "properties": {"point_id": 1440, "row": 22, "col": 32, "demand_2027": 1544.931304638878}}, {"type": "Feature", "geometry": {"type": "Point", "coordinates": [77.62285714285714, 12.938253968253969]}, "properties": {"point_id": 1441, "row": 22, "col": 33, "demand_2027": 2019.5844210152313}}, {"type": "Feature", "geometry": {"type": "Point", "coordinates": [77.62809523809524, 12.938253968253969]}, "properties": {"point_id": 1442, "row": 22, "col": 34, "demand_2027": 1517.5772176640542}}, {"type": "Feature", "geometry": {"type": "Point", "coordinates": [77.63333333333334, 12.938253968253969]}, "properties": {"point_id": 1443, "row": 22, "col": 35, "demand_2027": 2409.6941265088344}}, {"type": "Feature", "geometry": {"type": "Point", "coordinates": [77.63857142857142, 12.938253968253969]}, "properties": {"point_id": 1444, "row": 22, "col": 36, "demand_2027": 2194.24177028897}}, {"type": "Feature", "geometry": {"type": "Point", "coordinates": [77.64380952380952, 12.938253968253969]}, "properties": {"point_id": 1445, "row": 22, "col": 37, "demand_2027": 2202.6971717302044}}, {"type": "Feature", "geometry": {"type": "Point", "coordinates": [77.64904761904762, 12.938253968253969]}, "properties": {"point_id": 1446, "row": 22, "col": 38, "demand_2027": 3168.8753678246976}}, {"type": "Feature", "geometry": {"type": "Point", "coordinates": [77.65428571428572, 12.938253968253969]}, "properties": {"point_id": 1447, "row": 22, "col": 39, "demand_2027": 2782.7093507323725}}, {"type": "Feature", "geometry": {"type": "Point", "coordinates": [77.6595238095238, 12.938253968253969]}, "properties": {"point_id": 1448, "row": 22, "col": 40, "demand_2027": 2273.845546676262}}, {"type": "Feature", "geometry": {"type": "Point", "coordinates": [77.6647619047619, 12.938253968253969]}, "properties": {"point_id": 1449, "row": 22, "col": 41, "demand_2027": 2254.64881097542}}, {"type": "Feature", "geometry": {"type": "Point", "coordinates": [77.67, 12.938253968253969]}, "properties": {"point_id": 1450, "row": 22, "col": 42, "demand_2027": 2418.9568943697627}}, {"type": "Feature", "geometry": {"type": "Point", "coordinates": [77.6752380952381, 12.938253968253969]}, "properties": {"point_id": 1451, "row": 22, "col": 43, "demand_2027": 2565.839977041026}}, {"type": "Feature", "geometry": {"type": "Point", "coordinates": [77.6804761904762, 12.938253968253969]}, "properties": {"point_id": 1452, "row": 22, "col": 44, "demand_2027": 2467.4442394852445}}, {"type": "Feature", "geometry": {"type": "Point", "coordinates": [77.68571428571428, 12.938253968253969]}, "properties": {"point_id": 1453, "row": 22, "col": 45, "demand_2027": 2585.6465719741}}, {"type": "Feature", "geometry": {"type": "Point", "coordinates": [77.69095238095238, 12.938253968253969]}, "properties": {"point_id": 1454, "row": 22, "col": 46, "demand_2027": 3123.567618678113}}, {"type": "Feature", "geometry": {"type": "Point", "coordinates": [77.69619047619048, 12.938253968253969]}, "properties": {"point_id": 1455, "row": 22, "col": 47, "demand_2027": 2408.879099338595}}, {"type": "Feature", "geometry": {"type": "Point", "coordinates": [77.70142857142858, 12.938253968253969]}, "properties": {"point_id": 1456, "row": 22, "col": 48, "demand_2027": 3421.830533826072}}, {"type": "Feature", "geometry": {"type": "Point", "coordinates": [77.70666666666666, 12.938253968253969]}, "properties": {"point_id": 1457, "row": 22, "col": 49, "demand_2027": 2269.587820145664}}, {"type": "Feature", "geometry": {"type": "Point", "coordinates": [77.71190476190476, 12.938253968253969]}, "properties": {"point_id": 1458, "row": 22, "col": 50, "demand_2027": 2939.6537653870514}}, {"type": "Feature", "geometry": {"type": "Point", "coordinates": [77.71714285714286, 12.938253968253969]}, "properties": {"point_id": 1459, "row": 22, "col": 51, "demand_2027": 2297.218874194602}}, {"type": "Feature", "geometry": {"type": "Point", "coordinates": [77.72238095238096, 12.938253968253969]}, "properties": {"point_id": 1460, "row": 22, "col": 52, "demand_2027": 2297.053660465864}}, {"type": "Feature", "geometry": {"type": "Point", "coordinates": [77.72761904761904, 12.938253968253969]}, "properties": {"point_id": 1461, "row": 22, "col": 53, "demand_2027": 1797.4459208181695}}, {"type": "Feature", "geometry": {"type": "Point", "coordinates": [77.73285714285714, 12.938253968253969]}, "properties": {"point_id": 1462, "row": 22, "col": 54, "demand_2027": 1649.1501444025032}}, {"type": "Feature", "geometry": {"type": "Point", "coordinates": [77.73809523809524, 12.938253968253969]}, "properties": {"point_id": 1463, "row": 22, "col": 55, "demand_2027": 1872.3586715652584}}, {"type": "Feature", "geometry": {"type": "Point", "coordinates": [77.74333333333334, 12.938253968253969]}, "properties": {"point_id": 1464, "row": 22, "col": 56, "demand_2027": 1911.6855245569845}}, {"type": "Feature", "geometry": {"type": "Point", "coordinates": [77.74857142857142, 12.938253968253969]}, "properties": {"point_id": 1465, "row": 22, "col": 57, "demand_2027": 1632.6449123435666}}, {"type": "Feature", "geometry": {"type": "Point", "coordinates": [77.75380952380952, 12.938253968253969]}, "properties": {"point_id": 1466, "row": 22, "col": 58, "demand_2027": 1158.8136486006724}}, {"type": "Feature", "geometry": {"type": "Point", "coordinates": [77.75904761904762, 12.938253968253969]}, "properties": {"point_id": 1467, "row": 22, "col": 59, "demand_2027": 1099.1378725033615}}, {"type": "Feature", "geometry": {"type": "Point", "coordinates": [77.76428571428572, 12.938253968253969]}, "properties": {"point_id": 1468, "row": 22, "col": 60, "demand_2027": 937.3596295405337}}, {"type": "Feature", "geometry": {"type": "Point", "coordinates": [77.7695238095238, 12.938253968253969]}, "properties": {"point_id": 1469, "row": 22, "col": 61, "demand_2027": 863.5735771192274}}, {"type": "Feature", "geometry": {"type": "Point", "coordinates": [77.7747619047619, 12.938253968253969]}, "properties": {"point_id": 1470, "row": 22, "col": 62, "demand_2027": 1080.7374186913337}}, {"type": "Feature", "geometry": {"type": "Point", "coordinates": [77.78, 12.938253968253969]}, "properties": {"point_id": 1471, "row": 22, "col": 63, "demand_2027": 1138.985344287945}}, {"type": "Feature", "geometry": {"type": "Point", "coordinates": [77.45, 12.943174603174603]}, "properties": {"point_id": 1472, "row": 23, "col": 0, "demand_2027": 374.7200799831749}}, {"type": "Feature", "geometry": {"type": "Point", "coordinates": [77.4552380952381, 12.943174603174603]}, "properties": {"point_id": 1473, "row": 23, "col": 1, "demand_2027": 248.60774515701354}}, {"type": "Feature", "geometry": {"type": "Point", "coordinates": [77.4604761904762, 12.943174603174603]}, "properties": {"point_id": 1474, "row": 23, "col": 2, "demand_2027": 391.875803773925}}, {"type": "Feature", "geometry": {"type": "Point", "coordinates": [77.46571428571428, 12.943174603174603]}, "properties": {"point_id": 1475, "row": 23, "col": 3, "demand_2027": 408.59333394655374}}, {"type": "Feature", "geometry": {"type": "Point", "coordinates": [77.47095238095238, 12.943174603174603]}, "properties": {"point_id": 1476, "row": 23, "col": 4, "demand_2027": 603.9995247711961}}, {"type": "Feature", "geometry": {"type": "Point", "coordinates": [77.47619047619048, 12.943174603174603]}, "properties": {"point_id": 1477, "row": 23, "col": 5, "demand_2027": 350.9631846680129}}, {"type": "Feature", "geometry": {"type": "Point", "coordinates": [77.48142857142858, 12.943174603174603]}, "properties": {"point_id": 1478, "row": 23, "col": 6, "demand_2027": 458.45450526018436}}, {"type": "Feature", "geometry": {"type": "Point", "coordinates": [77.48666666666666, 12.943174603174603]}, "properties": {"point_id": 1479, "row": 23, "col": 7, "demand_2027": 633.0913090384746}}, {"type": "Feature", "geometry": {"type": "Point", "coordinates": [77.49190476190476, 12.943174603174603]}, "properties": {"point_id": 1480, "row": 23, "col": 8, "demand_2027": 535.8173581193922}}, {"type": "Feature", "geometry": {"type": "Point", "coordinates": [77.49714285714286, 12.943174603174603]}, "properties": {"point_id": 1481, "row": 23, "col": 9, "demand_2027": 583.0897504171977}}, {"type": "Feature", "geometry": {"type": "Point", "coordinates": [77.50238095238096, 12.943174603174603]}, "properties": {"point_id": 1482, "row": 23, "col": 10, "demand_2027": 532.9785963280982}}, {"type": "Feature", "geometry": {"type": "Point", "coordinates": [77.50761904761904, 12.943174603174603]}, "properties": {"point_id": 1483, "row": 23, "col": 11, "demand_2027": 592.9036347926111}}, {"type": "Feature", "geometry": {"type": "Point", "coordinates": [77.51285714285714, 12.943174603174603]}, "properties": {"point_id": 1484, "row": 23, "col": 12, "demand_2027": 624.8952281061589}}, {"type": "Feature", "geometry": {"type": "Point", "coordinates": [77.51809523809524, 12.943174603174603]}, "properties": {"point_id": 1485, "row": 23, "col": 13, "demand_2027": 512.7042677355826}}, {"type": "Feature", "geometry": {"type": "Point", "coordinates": [77.52333333333334, 12.943174603174603]}, "properties": {"point_id": 1486, "row": 23, "col": 14, "demand_2027": 687.0292233152444}}, {"type": "Feature", "geometry": {"type": "Point", "coordinates": [77.52857142857142, 12.943174603174603]}, "properties": {"point_id": 1487, "row": 23, "col": 15, "demand_2027": 483.5385219041306}}, {"type": "Feature", "geometry": {"type": "Point", "coordinates": [77.53380952380952, 12.943174603174603]}, "properties": {"point_id": 1488, "row": 23, "col": 16, "demand_2027": 689.1157169590585}}, {"type": "Feature", "geometry": {"type": "Point", "coordinates": [77.53904761904762, 12.943174603174603]}, "properties": {"point_id": 1489, "row": 23, "col": 17, "demand_2027": 718.9469559061234}}, {"type": "Feature", "geometry": {"type": "Point", "coordinates": [77.54428571428572, 12.943174603174603]}, "properties": {"point_id": 1490, "row": 23, "col": 18, "demand_2027": 636.0908903617959}}, {"type": "Feature", "geometry": {"type": "Point", "coordinates": [77.5495238095238, 12.943174603174603]}, "properties": {"point_id": 1491, "row": 23, "col": 19, "demand_2027": 758.9252767985654}}, {"type": "Feature", "geometry": {"type": "Point", "coordinates": [77.5547619047619, 12.943174603174603]}, "properties": {"point_id": 1492, "row": 23, "col": 20, "demand_2027": 714.2476763851715}}, {"type": "Feature", "geometry": {"type": "Point", "coordinates": [77.56, 12.943174603174603]}, "properties": {"point_id": 1493, "row": 23, "col": 21, "demand_2027": 689.8306477831146}}, {"type": "Feature", "geometry": {"type": "Point", "coordinates": [77.5652380952381, 12.943174603174603]}, "properties": {"point_id": 1494, "row": 23, "col": 22, "demand_2027": 900.7774527219505}}, {"type": "Feature", "geometry": {"type": "Point", "coordinates": [77.5704761904762, 12.943174603174603]}, "properties": {"point_id": 1495, "row": 23, "col": 23, "demand_2027": 831.9309561951687}}, {"type": "Feature", "geometry": {"type": "Point", "coordinates": [77.57571428571428, 12.943174603174603]}, "properties": {"point_id": 1496, "row": 23, "col": 24, "demand_2027": 1078.9150846216157}}, {"type": "Feature", "geometry": {"type": "Point", "coordinates": [77.58095238095238, 12.943174603174603]}, "properties": {"point_id": 1497, "row": 23, "col": 25, "demand_2027": 853.3785708328866}}, {"type": "Feature", "geometry": {"type": "Point", "coordinates": [77.58619047619048, 12.943174603174603]}, "properties": {"point_id": 1498, "row": 23, "col": 26, "demand_2027": 1319.3255974004028}}, {"type": "Feature", "geometry": {"type": "Point", "coordinates": [77.59142857142858, 12.943174603174603]}, "properties": {"point_id": 1499, "row": 23, "col": 27, "demand_2027": 1042.4766080585898}}, {"type": "Feature", "geometry": {"type": "Point", "coordinates": [77.59666666666666, 12.943174603174603]}, "properties": {"point_id": 1500, "row": 23, "col": 28, "demand_2027": 1191.540741312433}}, {"type": "Feature", "geometry": {"type": "Point", "coordinates": [77.60190476190476, 12.943174603174603]}, "properties": {"point_id": 1501, "row": 23, "col": 29, "demand_2027": 1252.7926680580536}}, {"type": "Feature", "geometry": {"type": "Point", "coordinates": [77.60714285714286, 12.943174603174603]}, "properties": {"point_id": 1502, "row": 23, "col": 30, "demand_2027": 1855.9210428927954}}, {"type": "Feature", "geometry": {"type": "Point", "coordinates": [77.61238095238096, 12.943174603174603]}, "properties": {"point_id": 1503, "row": 23, "col": 31, "demand_2027": 1561.916250807892}}, {"type": "Feature", "geometry": {"type": "Point", "coordinates": [77.61761904761904, 12.943174603174603]}, "properties": {"point_id": 1504, "row": 23, "col": 32, "demand_2027": 1691.3844490834742}}, {"type": "Feature", "geometry": {"type": "Point", "coordinates": [77.62285714285714, 12.943174603174603]}, "properties": {"point_id": 1505, "row": 23, "col": 33, "demand_2027": 2041.0936814227255}}, {"type": "Feature", "geometry": {"type": "Point", "coordinates": [77.62809523809524, 12.943174603174603]}, "properties": {"point_id": 1506, "row": 23, "col": 34, "demand_2027": 1225.11765019806}}, {"type": "Feature", "geometry": {"type": "Point", "coordinates": [77.63333333333334, 12.943174603174603]}, "properties": {"point_id": 1507, "row": 23, "col": 35, "demand_2027": 2026.069924100561}}, {"type": "Feature", "geometry": {"type": "Point", "coordinates": [77.63857142857142, 12.943174603174603]}, "properties": {"point_id": 1508, "row": 23, "col": 36, "demand_2027": 2684.043205367945}}, {"type": "Feature", "geometry": {"type": "Point", "coordinates": [77.64380952380952, 12.943174603174603]}, "properties": {"point_id": 1509, "row": 23, "col": 37, "demand_2027": 2279.9887475679056}}, {"type": "Feature", "geometry": {"type": "Point", "coordinates": [77.64904761904762, 12.943174603174603]}, "properties": {"point_id": 1510, "row": 23, "col": 38, "demand_2027": 2213.560112981087}}, {"type": "Feature", "geometry": {"type": "Point", "coordinates": [77.65428571428572, 12.943174603174603]}, "properties": {"point_id": 1511, "row": 23, "col": 39, "demand_2027": 2486.929053837222}}, {"type": "Feature", "geometry": {"type": "Point", "coordinates": [77.6595238095238, 12.943174603174603]}, "properties": {"point_id": 1512, "row": 23, "col": 40, "demand_2027": 2682.8234962405436}}, {"type": "Feature", "geometry": {"type": "Point", "coordinates": [77.6647619047619, 12.943174603174603]}, "properties": {"point_id": 1513, "row": 23, "col": 41, "demand_2027": 1668.1628442374326}}, {"type": "Feature", "geometry": {"type": "Point", "coordinates": [77.67, 12.943174603174603]}, "properties": {"point_id": 1514, "row": 23, "col": 42, "demand_2027": 1684.8729011219439}}, {"type": "Feature", "geometry": {"type": "Point", "coordinates": [77.6752380952381, 12.943174603174603]}, "properties": {"point_id": 1515, "row": 23, "col": 43, "demand_2027": 2538.419173696772}}, {"type": "Feature", "geometry": {"type": "Point", "coordinates": [77.6804761904762, 12.943174603174603]}, "properties": {"point_id": 1516, "row": 23, "col": 44, "demand_2027": 2016.0962072512593}}, {"type": "Feature", "geometry": {"type": "Point", "coordinates": [77.68571428571428, 12.943174603174603]}, "properties": {"point_id": 1517, "row": 23, "col": 45, "demand_2027": 2968.2911305938183}}, {"type": "Feature", "geometry": {"type": "Point", "coordinates": [77.69095238095238, 12.943174603174603]}, "properties": {"point_id": 1518, "row": 23, "col": 46, "demand_2027": 2346.9127915261456}}, {"type": "Feature", "geometry": {"type": "Point", "coordinates": [77.69619047619048, 12.943174603174603]}, "properties": {"point_id": 1519, "row": 23, "col": 47, "demand_2027": 1772.887807024513}}, {"type": "Feature", "geometry": {"type": "Point", "coordinates": [77.70142857142858, 12.943174603174603]}, "properties": {"point_id": 1520, "row": 23, "col": 48, "demand_2027": 1864.595346769929}}, {"type": "Feature", "geometry": {"type": "Point", "coordinates": [77.70666666666666, 12.943174603174603]}, "properties": {"point_id": 1521, "row": 23, "col": 49, "demand_2027": 1227.9922589385715}}, {"type": "Feature", "geometry": {"type": "Point", "coordinates": [77.71190476190476, 12.943174603174603]}, "properties": {"point_id": 1522, "row": 23, "col": 50, "demand_2027": 2255.0896720335927}}, {"type": "Feature", "geometry": {"type": "Point", "coordinates": [77.71714285714286, 12.943174603174603]}, "properties": {"point_id": 1523, "row": 23, "col": 51, "demand_2027": 2133.3450629226545}}, {"type": "Feature", "geometry": {"type": "Point", "coordinates": [77.72238095238096, 12.943174603174603]}, "properties": {"point_id": 1524, "row": 23, "col": 52, "demand_2027": 1900.8147665722308}}, {"type": "Feature", "geometry": {"type": "Point", "coordinates": [77.72761904761904, 12.943174603174603]}, "properties": {"point_id": 1525, "row": 23, "col": 53, "demand_2027": 2350.2086992303352}}, {"type": "Feature", "geometry": {"type": "Point", "coordinates": [77.73285714285714, 12.943174603174603]}, "properties": {"point_id": 1526, "row": 23, "col": 54, "demand_2027": 2332.433439195139}}, {"type": "Feature", "geometry": {"type": "Point", "coordinates": [77.73809523809524, 12.943174603174603]}, "properties": {"point_id": 1527, "row": 23, "col": 55, "demand_2027": 1789.1661177252306}}, {"type": "Feature", "geometry": {"type": "Point", "coordinates": [77.74333333333334, 12.943174603174603]}, "properties": {"point_id": 1528, "row": 23, "col": 56, "demand_2027": 1112.4356005181608}}, {"type": "Feature", "geometry": {"type": "Point", "coordinates": [77.74857142857142, 12.943174603174603]}, "properties": {"point_id": 1529, "row": 23, "col": 57, "demand_2027": 1773.8281455627366}}, {"type": "Feature", "geometry": {"type": "Point", "coordinates": [77.75380952380952, 12.943174603174603]}, "properties": {"point_id": 1530, "row": 23, "col": 58, "demand_2027": 1673.8645098412533}}, {"type": "Feature", "geometry": {"type": "Point", "coordinates": [77.75904761904762, 12.943174603174603]}, "properties": {"point_id": 1531, "row": 23, "col": 59, "demand_2027": 1475.7467746355599}}, {"type": "Feature", "geometry": {"type": "Point", "coordinates": [77.76428571428572, 12.943174603174603]}, "properties": {"point_id": 1532, "row": 23, "col": 60, "demand_2027": 1536.5364546358223}}, {"type": "Feature", "geometry": {"type": "Point", "coordinates": [77.7695238095238, 12.943174603174603]}, "properties": {"point_id": 1533, "row": 23, "col": 61, "demand_2027": 1064.590716937544}}, {"type": "Feature", "geometry": {"type": "Point", "coordinates": [77.7747619047619, 12.943174603174603]}, "properties": {"point_id": 1534, "row": 23, "col": 62, "demand_2027": 1547.3787906393666}}, {"type": "Feature", "geometry": {"type": "Point", "coordinates": [77.78, 12.943174603174603]}, "properties": {"point_id": 1535, "row": 23, "col": 63, "demand_2027": 979.8817911600844}}, {"type": "Feature", "geometry": {"type": "Point", "coordinates": [77.45, 12.948095238095238]}, "properties": {"point_id": 1536, "row": 24, "col": 0, "demand_2027": 352.4677041640579}}, {"type": "Feature", "geometry": {"type": "Point", "coordinates": [77.4552380952381, 12.948095238095238]}, "properties": {"point_id": 1537, "row": 24, "col": 1, "demand_2027": 288.62289362017924}}, {"type": "Feature", "geometry": {"type": "Point", "coordinates": [77.4604761904762, 12.948095238095238]}, "properties": {"point_id": 1538, "row": 24, "col": 2, "demand_2027": 347.63899016810143}}, {"type": "Feature", "geometry": {"type": "Point", "coordinates": [77.46571428571428, 12.948095238095238]}, "properties": {"point_id": 1539, "row": 24, "col": 3, "demand_2027": 492.15482458111853}}, {"type": "Feature", "geometry": {"type": "Point", "coordinates": [77.47095238095238, 12.948095238095238]}, "properties": {"point_id": 1540, "row": 24, "col": 4, "demand_2027": 408.73161315413995}}, {"type": "Feature", "geometry": {"type": "Point", "coordinates": [77.47619047619048, 12.948095238095238]}, "properties": {"point_id": 1541, "row": 24, "col": 5, "demand_2027": 494.968350367558}}, {"type": "Feature", "geometry": {"type": "Point", "coordinates": [77.48142857142858, 12.948095238095238]}, "properties": {"point_id": 1542, "row": 24, "col": 6, "demand_2027": 465.66999288238134}}, {"type": "Feature", "geometry": {"type": "Point", "coordinates": [77.48666666666666, 12.948095238095238]}, "properties": {"point_id": 1543, "row": 24, "col": 7, "demand_2027": 483.01550297931595}}, {"type": "Feature", "geometry": {"type": "Point", "coordinates": [77.49190476190476, 12.948095238095238]}, "properties": {"point_id": 1544, "row": 24, "col": 8, "demand_2027": 581.870030834907}}, {"type": "Feature", "geometry": {"type": "Point", "coordinates": [77.49714285714286, 12.948095238095238]}, "properties": {"point_id": 1545, "row": 24, "col": 9, "demand_2027": 467.39441739608725}}, {"type": "Feature", "geometry": {"type": "Point", "coordinates": [77.50238095238096, 12.948095238095238]}, "properties": {"point_id": 1546, "row": 24, "col": 10, "demand_2027": 370.34299157684546}}, {"type": "Feature", "geometry": {"type": "Point", "coordinates": [77.50761904761904, 12.948095238095238]}, "properties": {"point_id": 1547, "row": 24, "col": 11, "demand_2027": 487.5298989056198}}, {"type": "Feature", "geometry": {"type": "Point", "coordinates": [77.51285714285714, 12.948095238095238]}, "properties": {"point_id": 1548, "row": 24, "col": 12, "demand_2027": 598.1328245767533}}, {"type": "Feature", "geometry": {"type": "Point", "coordinates": [77.51809523809524, 12.948095238095238]}, "properties": {"point_id": 1549, "row": 24, "col": 13, "demand_2027": 578.2482526971307}}, {"type": "Feature", "geometry": {"type": "Point", "coordinates": [77.52333333333334, 12.948095238095238]}, "properties": {"point_id": 1550, "row": 24, "col": 14, "demand_2027": 441.1424013059101}}, {"type": "Feature", "geometry": {"type": "Point", "coordinates": [77.52857142857142, 12.948095238095238]}, "properties": {"point_id": 1551, "row": 24, "col": 15, "demand_2027": 540.1695139861034}}, {"type": "Feature", "geometry": {"type": "Point", "coordinates": [77.53380952380952, 12.948095238095238]}, "properties": {"point_id": 1552, "row": 24, "col": 16, "demand_2027": 595.0127584923756}}, {"type": "Feature", "geometry": {"type": "Point", "coordinates": [77.53904761904762, 12.948095238095238]}, "properties": {"point_id": 1553, "row": 24, "col": 17, "demand_2027": 609.6394103445718}}, {"type": "Feature", "geometry": {"type": "Point", "coordinates": [77.54428571428572, 12.948095238095238]}, "properties": {"point_id": 1554, "row": 24, "col": 18, "demand_2027": 574.3650747167545}}, {"type": "Feature", "geometry": {"type": "Point", "coordinates": [77.5495238095238, 12.948095238095238]}, "properties": {"point_id": 1555, "row": 24, "col": 19, "demand_2027": 724.0818887054771}}, {"type": "Feature", "geometry": {"type": "Point", "coordinates": [77.5547619047619, 12.948095238095238]}, "properties": {"point_id": 1556, "row": 24, "col": 20, "demand_2027": 749.6996538776945}}, {"type": "Feature", "geometry": {"type": "Point", "coordinates": [77.56, 12.948095238095238]}, "properties": {"point_id": 1557, "row": 24, "col": 21, "demand_2027": 996.0878349755169}}, {"type": "Feature", "geometry": {"type": "Point", "coordinates": [77.5652380952381, 12.948095238095238]}, "properties": {"point_id": 1558, "row": 24, "col": 22, "demand_2027": 1005.1274295484538}}, {"type": "Feature", "geometry": {"type": "Point", "coordinates": [77.5704761904762, 12.948095238095238]}, "properties": {"point_id": 1559, "row": 24, "col": 23, "demand_2027": 926.5119078940804}}, {"type": "Feature", "geometry": {"type": "Point", "coordinates": [77.57571428571428, 12.948095238095238]}, "properties": {"point_id": 1560, "row": 24, "col": 24, "demand_2027": 949.7406070894936}}, {"type": "Feature", "geometry": {"type": "Point", "coordinates": [77.58095238095238, 12.948095238095238]}, "properties": {"point_id": 1561, "row": 24, "col": 25, "demand_2027": 1117.5611043013153}}, {"type": "Feature", "geometry": {"type": "Point", "coordinates": [77.58619047619048, 12.948095238095238]}, "properties": {"point_id": 1562, "row": 24, "col": 26, "demand_2027": 1053.0462253578921}}, {"type": "Feature", "geometry": {"type": "Point", "coordinates": [77.59142857142858, 12.948095238095238]}, "properties": {"point_id": 1563, "row": 24, "col": 27, "demand_2027": 1091.3290388736034}}, {"type": "Feature", "geometry": {"type": "Point", "coordinates": [77.59666666666666, 12.948095238095238]}, "properties": {"point_id": 1564, "row": 24, "col": 28, "demand_2027": 1155.578716310188}}, {"type": "Feature", "geometry": {"type": "Point", "coordinates": [77.60190476190476, 12.948095238095238]}, "properties": {"point_id": 1565, "row": 24, "col": 29, "demand_2027": 1340.632201090265}}, {"type": "Feature", "geometry": {"type": "Point", "coordinates": [77.60714285714286, 12.948095238095238]}, "properties": {"point_id": 1566, "row": 24, "col": 30, "demand_2027": 1263.1819798491606}}, {"type": "Feature", "geometry": {"type": "Point", "coordinates": [77.61238095238096, 12.948095238095238]}, "properties": {"point_id": 1567, "row": 24, "col": 31, "demand_2027": 1702.801586757494}}, {"type": "Feature", "geometry": {"type": "Point", "coordinates": [77.61761904761904, 12.948095238095238]}, "properties": {"point_id": 1568, "row": 24, "col": 32, "demand_2027": 1867.6225286220126}}, {"type": "Feature", "geometry": {"type": "Point", "coordinates": [77.62285714285714, 12.948095238095238]}, "properties": {"point_id": 1569, "row": 24, "col": 33, "demand_2027": 1297.8872804170858}}, {"type": "Feature", "geometry": {"type": "Point", "coordinates": [77.62809523809524, 12.948095238095238]}, "properties": {"point_id": 1570, "row": 24, "col": 34, "demand_2027": 1841.7360739855671}}, {"type": "Feature", "geometry": {"type": "Point", "coordinates": [77.63333333333334, 12.948095238095238]}, "properties": {"point_id": 1571, "row": 24, "col": 35, "demand_2027": 1833.3276977857333}}, {"type": "Feature", "geometry": {"type": "Point", "coordinates": [77.63857142857142, 12.948095238095238]}, "properties": {"point_id": 1572, "row": 24, "col": 36, "demand_2027": 2096.262546920095}}, {"type": "Feature", "geometry": {"type": "Point", "coordinates": [77.64380952380952, 12.948095238095238]}, "properties": {"point_id": 1573, "row": 24, "col": 37, "demand_2027": 2091.636530842078}}, {"type": "Feature", "geometry": {"type": "Point", "coordinates": [77.64904761904762, 12.948095238095238]}, "properties": {"point_id": 1574, "row": 24, "col": 38, "demand_2027": 1641.2313212326228}}, {"type": "Feature", "geometry": {"type": "Point", "coordinates": [77.65428571428572, 12.948095238095238]}, "properties": {"point_id": 1575, "row": 24, "col": 39, "demand_2027": 1794.3542037119378}}, {"type": "Feature", "geometry": {"type": "Point", "coordinates": [77.6595238095238, 12.948095238095238]}, "properties": {"point_id": 1576, "row": 24, "col": 40, "demand_2027": 2275.959989089561}}, {"type": "Feature", "geometry": {"type": "Point", "coordinates": [77.6647619047619, 12.948095238095238]}, "properties": {"point_id": 1577, "row": 24, "col": 41, "demand_2027": 2683.3101086001993}}, {"type": "Feature", "geometry": {"type": "Point", "coordinates": [77.67, 12.948095238095238]}, "properties": {"point_id": 1578, "row": 24, "col": 42, "demand_2027": 1559.2214418981937}}, {"type": "Feature", "geometry": {"type": "Point", "coordinates": [77.6752380952381, 12.948095238095238]}, "properties": {"point_id": 1579, "row": 24, "col": 43, "demand_2027": 2439.361313605824}}, {"type": "Feature", "geometry": {"type": "Point", "coordinates": [77.6804761904762, 12.948095238095238]}, "properties": {"point_id": 1580, "row": 24, "col": 44, "demand_2027": 2893.626550707927}}, {"type": "Feature", "geometry": {"type": "Point", "coordinates": [77.68571428571428, 12.948095238095238]}, "properties": {"point_id": 1581, "row": 24, "col": 45, "demand_2027": 2388.846729954239}}, {"type": "Feature", "geometry": {"type": "Point", "coordinates": [77.69095238095238, 12.948095238095238]}, "properties": {"point_id": 1582, "row": 24, "col": 46, "demand_2027": 2492.824951617842}}, {"type": "Feature", "geometry": {"type": "Point", "coordinates": [77.69619047619048, 12.948095238095238]}, "properties": {"point_id": 1583, "row": 24, "col": 47, "demand_2027": 2094.632734911347}}, {"type": "Feature", "geometry": {"type": "Point", "coordinates": [77.70142857142858, 12.948095238095238]}, "properties": {"point_id": 1584, "row": 24, "col": 48, "demand_2027": 2343.679024816096}}, {"type": "Feature", "geometry": {"type": "Point", "coordinates": [77.70666666666666, 12.948095238095238]}, "properties": {"point_id": 1585, "row": 24, "col": 49, "demand_2027": 1804.6065515897167}}, {"type": "Feature", "geometry": {"type": "Point", "coordinates": [77.71190476190476, 12.948095238095238]}, "properties": {"point_id": 1586, "row": 24, "col": 50, "demand_2027": 1398.0892208080043}}, {"type": "Feature", "geometry": {"type": "Point", "coordinates": [77.71714285714286, 12.948095238095238]}, "properties": {"point_id": 1587, "row": 24, "col": 51, "demand_2027": 2668.950472277238}}, {"type": "Feature", "geometry": {"type": "Point", "coordinates": [77.72238095238096, 12.948095238095238]}, "properties": {"point_id": 1588, "row": 24, "col": 52, "demand_2027": 1746.4932044156865}}, {"type": "Feature", "geometry": {"type": "Point", "coordinates": [77.72761904761904, 12.948095238095238]}, "properties": {"point_id": 1589, "row": 24, "col": 53, "demand_2027": 1834.6583337685117}}, {"type": "Feature", "geometry": {"type": "Point", "coordinates": [77.73285714285714, 12.948095238095238]}, "properties": {"point_id": 1590, "row": 24, "col": 54, "demand_2027": 1619.5930413527808}}, {"type": "Feature", "geometry": {"type": "Point", "coordinates": [77.73809523809524, 12.948095238095238]}, "properties": {"point_id": 1591, "row": 24, "col": 55, "demand_2027": 1489.0493866048332}}, {"type": "Feature", "geometry": {"type": "Point", "coordinates": [77.74333333333334, 12.948095238095238]}, "properties": {"point_id": 1592, "row": 24, "col": 56, "demand_2027": 1856.904958348508}}, {"type": "Feature", "geometry": {"type": "Point", "coordinates": [77.74857142857142, 12.948095238095238]}, "properties": {"point_id": 1593, "row": 24, "col": 57, "demand_2027": 1505.10518039158}}, {"type": "Feature", "geometry": {"type": "Point", "coordinates": [77.75380952380952, 12.948095238095238]}, "properties": {"point_id": 1594, "row": 24, "col": 58, "demand_2027": 1767.3347825367491}}, {"type": "Feature", "geometry": {"type": "Point", "coordinates": [77.75904761904762, 12.948095238095238]}, "properties": {"point_id": 1595, "row": 24, "col": 59, "demand_2027": 1606.818753730459}}, {"type": "Feature", "geometry": {"type": "Point", "coordinates": [77.76428571428572, 12.948095238095238]}, "properties": {"point_id": 1596, "row": 24, "col": 60, "demand_2027": 1425.6766491026817}}, {"type": "Feature", "geometry": {"type": "Point", "coordinates": [77.7695238095238, 12.948095238095238]}, "properties": {"point_id": 1597, "row": 24, "col": 61, "demand_2027": 1347.236121179429}}, {"type": "Feature", "geometry": {"type": "Point", "coordinates": [77.7747619047619, 12.948095238095238]}, "properties": {"point_id": 1598, "row": 24, "col": 62, "demand_2027": 1529.7105863387371}}, {"type": "Feature", "geometry": {"type": "Point", "coordinates": [77.78, 12.948095238095238]}, "properties": {"point_id": 1599, "row": 24, "col": 63, "demand_2027": 976.2582722505485}}, {"type": "Feature", "geometry": {"type": "Point", "coordinates": [77.45, 12.953015873015874]}, "properties": {"point_id": 1600, "row": 25, "col": 0, "demand_2027": 336.8764320160942}}, {"type": "Feature", "geometry": {"type": "Point", "coordinates": [77.4552380952381, 12.953015873015874]}, "properties": {"point_id": 1601, "row": 25, "col": 1, "demand_2027": 418.60781834030115}}, {"type": "Feature", "geometry": {"type": "Point", "coordinates": [77.4604761904762, 12.953015873015874]}, "properties": {"point_id": 1602, "row": 25, "col": 2, "demand_2027": 449.2793545984675}}, {"type": "Feature", "geometry": {"type": "Point", "coordinates": [77.46571428571428, 12.953015873015874]}, "properties": {"point_id": 1603, "row": 25, "col": 3, "demand_2027": 291.94007434320974}}, {"type": "Feature", "geometry": {"type": "Point", "coordinates": [77.47095238095238, 12.953015873015874]}, "properties": {"point_id": 1604, "row": 25, "col": 4, "demand_2027": 381.1360835970181}}, {"type": "Feature", "geometry": {"type": "Point", "coordinates": [77.47619047619048, 12.953015873015874]}, "properties": {"point_id": 1605, "row": 25, "col": 5, "demand_2027": 501.9469147722313}}, {"type": "Feature", "geometry": {"type": "Point", "coordinates": [77.48142857142858, 12.953015873015874]}, "properties": {"point_id": 1606, "row": 25, "col": 6, "demand_2027": 454.5968672063839}}, {"type": "Feature", "geometry": {"type": "Point", "coordinates": [77.48666666666666, 12.953015873015874]}, "properties": {"point_id": 1607, "row": 25, "col": 7, "demand_2027": 474.761136724879}}, {"type": "Feature", "geometry": {"type": "Point", "coordinates": [77.49190476190476, 12.953015873015874]}, "properties": {"point_id": 1608, "row": 25, "col": 8, "demand_2027": 450.3743032416704}}, {"type": "Feature", "geometry": {"type": "Point", "coordinates": [77.49714285714286, 12.953015873015874]}, "properties": {"point_id": 1609, "row": 25, "col": 9, "demand_2027": 455.5961903681569}}, {"type": "Feature", "geometry": {"type": "Point", "coordinates": [77.50238095238096, 12.953015873015874]}, "properties": {"point_id": 1610, "row": 25, "col": 10, "demand_2027": 541.8091634585884}}, {"type": "Feature", "geometry": {"type": "Point", "coordinates": [77.50761904761904, 12.953015873015874]}, "properties": {"point_id": 1611, "row": 25, "col": 11, "demand_2027": 494.70766675906555}}, {"type": "Feature", "geometry": {"type": "Point", "coordinates": [77.51285714285714, 12.953015873015874]}, "properties": {"point_id": 1612, "row": 25, "col": 12, "demand_2027": 520.9503734029246}}, {"type": "Feature", "geometry": {"type": "Point", "coordinates": [77.51809523809524, 12.953015873015874]}, "properties": {"point_id": 1613, "row": 25, "col": 13, "demand_2027": 576.0259712420395}}, {"type": "Feature", "geometry": {"type": "Point", "coordinates": [77.52333333333334, 12.953015873015874]}, "properties": {"point_id": 1614, "row": 25, "col": 14, "demand_2027": 553.6796281486272}}, {"type": "Feature", "geometry": {"type": "Point", "coordinates": [77.52857142857142, 12.953015873015874]}, "properties": {"point_id": 1615, "row": 25, "col": 15, "demand_2027": 662.1975638337545}}, {"type": "Feature", "geometry": {"type": "Point", "coordinates": [77.53380952380952, 12.953015873015874]}, "properties": {"point_id": 1616, "row": 25, "col": 16, "demand_2027": 960.2778523182228}}, {"type": "Feature", "geometry": {"type": "Point", "coordinates": [77.53904761904762, 12.953015873015874]}, "properties": {"point_id": 1617, "row": 25, "col": 17, "demand_2027": 492.65383871688925}}, {"type": "Feature", "geometry": {"type": "Point", "coordinates": [77.54428571428572, 12.953015873015874]}, "properties": {"point_id": 1618, "row": 25, "col": 18, "demand_2027": 752.4436893323339}}, {"type": "Feature", "geometry": {"type": "Point", "coordinates": [77.5495238095238, 12.953015873015874]}, "properties": {"point_id": 1619, "row": 25, "col": 19, "demand_2027": 675.0530052511419}}, {"type": "Feature", "geometry": {"type": "Point", "coordinates": [77.5547619047619, 12.953015873015874]}, "properties": {"point_id": 1620, "row": 25, "col": 20, "demand_2027": 864.2407073429304}}, {"type": "Feature", "geometry": {"type": "Point", "coordinates": [77.56, 12.953015873015874]}, "properties": {"point_id": 1621, "row": 25, "col": 21, "demand_2027": 878.5089195693819}}, {"type": "Feature", "geometry": {"type": "Point", "coordinates": [77.5652380952381, 12.953015873015874]}, "properties": {"point_id": 1622, "row": 25, "col": 22, "demand_2027": 1084.581196478639}}, {"type": "Feature", "geometry": {"type": "Point", "coordinates": [77.5704761904762, 12.953015873015874]}, "properties": {"point_id": 1623, "row": 25, "col": 23, "demand_2027": 1213.7768384337687}}, {"type": "Feature", "geometry": {"type": "Point", "coordinates": [77.57571428571428, 12.953015873015874]}, "properties": {"point_id": 1624, "row": 25, "col": 24, "demand_2027": 1130.1160554551884}}, {"type": "Feature", "geometry": {"type": "Point", "coordinates": [77.58095238095238, 12.953015873015874]}, "properties": {"point_id": 1625, "row": 25, "col": 25, "demand_2027": 1352.6251872104872}}, {"type": "Feature", "geometry": {"type": "Point", "coordinates": [77.58619047619048, 12.953015873015874]}, "properties": {"point_id": 1626, "row": 25, "col": 26, "demand_2027": 739.5856567463188}}, {"type": "Feature", "geometry": {"type": "Point", "coordinates": [77.59142857142858, 12.953015873015874]}, "properties": {"point_id": 1627, "row": 25, "col": 27, "demand_2027": 1589.695090263452}}, {"type": "Feature", "geometry": {"type": "Point", "coordinates": [77.59666666666666, 12.953015873015874]}, "properties": {"point_id": 1628, "row": 25, "col": 28, "demand_2027": 1429.2584860681513}}, {"type": "Feature", "geometry": {"type": "Point", "coordinates": [77.60190476190476, 12.953015873015874]}, "properties": {"point_id": 1629, "row": 25, "col": 29, "demand_2027": 1626.6925783125128}}, {"type": "Feature", "geometry": {"type": "Point", "coordinates": [77.60714285714286, 12.953015873015874]}, "properties": {"point_id": 1630, "row": 25, "col": 30, "demand_2027": 1195.901928308709}}, {"type": "Feature", "geometry": {"type": "Point", "coordinates": [77.61238095238096, 12.953015873015874]}, "properties": {"point_id": 1631, "row": 25, "col": 31, "demand_2027": 1405.3564548425497}}, {"type": "Feature", "geometry": {"type": "Point", "coordinates": [77.61761904761904, 12.953015873015874]}, "properties": {"point_id": 1632, "row": 25, "col": 32, "demand_2027": 1704.9920345401094}}, {"type": "Feature", "geometry": {"type": "Point", "coordinates": [77.62285714285714, 12.953015873015874]}, "properties": {"point_id": 1633, "row": 25, "col": 33, "demand_2027": 1845.68069648581}}, {"type": "Feature", "geometry": {"type": "Point", "coordinates": [77.62809523809524, 12.953015873015874]}, "properties": {"point_id": 1634, "row": 25, "col": 34, "demand_2027": 1812.8878147548326}}, {"type": "Feature", "geometry": {"type": "Point", "coordinates": [77.63333333333334, 12.953015873015874]}, "properties": {"point_id": 1635, "row": 25, "col": 35, "demand_2027": 2054.7865873271653}}, {"type": "Feature", "geometry": {"type": "Point", "coordinates": [77.63857142857142, 12.953015873015874]}, "properties": {"point_id": 1636, "row": 25, "col": 36, "demand_2027": 1530.4416529722068}}, {"type": "Feature", "geometry": {"type": "Point", "coordinates": [77.64380952380952, 12.953015873015874]}, "properties": {"point_id": 1637, "row": 25, "col": 37, "demand_2027": 2337.5635124280043}}, {"type": "Feature", "geometry": {"type": "Point", "coordinates": [77.64904761904762, 12.953015873015874]}, "properties": {"point_id": 1638, "row": 25, "col": 38, "demand_2027": 2107.3896035882126}}, {"type": "Feature", "geometry": {"type": "Point", "coordinates": [77.65428571428572, 12.953015873015874]}, "properties": {"point_id": 1639, "row": 25, "col": 39, "demand_2027": 2156.129276277848}}, {"type": "Feature", "geometry": {"type": "Point", "coordinates": [77.6595238095238, 12.953015873015874]}, "properties": {"point_id": 1640, "row": 25, "col": 40, "demand_2027": 1743.3905469129236}}, {"type": "Feature", "geometry": {"type": "Point", "coordinates": [77.6647619047619, 12.953015873015874]}, "properties": {"point_id": 1641, "row": 25, "col": 41, "demand_2027": 2551.673466832777}}, {"type": "Feature", "geometry": {"type": "Point", "coordinates": [77.67, 12.953015873015874]}, "properties": {"point_id": 1642, "row": 25, "col": 42, "demand_2027": 1371.610642998124}}, {"type": "Feature", "geometry": {"type": "Point", "coordinates": [77.6752380952381, 12.953015873015874]}, "properties": {"point_id": 1643, "row": 25, "col": 43, "demand_2027": 2563.02170103601}}, {"type": "Feature", "geometry": {"type": "Point", "coordinates": [77.6804761904762, 12.953015873015874]}, "properties": {"point_id": 1644, "row": 25, "col": 44, "demand_2027": 1880.0502643917648}}, {"type": "Feature", "geometry": {"type": "Point", "coordinates": [77.68571428571428, 12.953015873015874]}, "properties": {"point_id": 1645, "row": 25, "col": 45, "demand_2027": 2529.6977576654645}}, {"type": "Feature", "geometry": {"type": "Point", "coordinates": [77.69095238095238, 12.953015873015874]}, "properties": {"point_id": 1646, "row": 25, "col": 46, "demand_2027": 2391.7054814368817}}, {"type": "Feature", "geometry": {"type": "Point", "coordinates": [77.69619047619048, 12.953015873015874]}, "properties": {"point_id": 1647, "row": 25, "col": 47, "demand_2027": 2822.043617428703}}, {"type": "Feature", "geometry": {"type": "Point", "coordinates": [77.70142857142858, 12.953015873015874]}, "properties": {"point_id": 1648, "row": 25, "col": 48, "demand_2027": 2220.9727564013983}}, {"type": "Feature", "geometry": {"type": "Point", "coordinates": [77.70666666666666, 12.953015873015874]}, "properties": {"point_id": 1649, "row": 25, "col": 49, "demand_2027": 2004.1471233639488}}, {"type": "Feature", "geometry": {"type": "Point", "coordinates": [77.71190476190476, 12.953015873015874]}, "properties": {"point_id": 1650, "row": 25, "col": 50, "demand_2027": 2093.3812307761627}}, {"type": "Feature", "geometry": {"type": "Point", "coordinates": [77.71714285714286, 12.953015873015874]}, "properties": {"point_id": 1651, "row": 25, "col": 51, "demand_2027": 2491.1894035858427}}, {"type": "Feature", "geometry": {"type": "Point", "coordinates": [77.72238095238096, 12.953015873015874]}, "properties": {"point_id": 1652, "row": 25, "col": 52, "demand_2027": 2384.6236457535624}}, {"type": "Feature", "geometry": {"type": "Point", "coordinates": [77.72761904761904, 12.953015873015874]}, "properties": {"point_id": 1653, "row": 25, "col": 53, "demand_2027": 1930.3225122031909}}, {"type": "Feature", "geometry": {"type": "Point", "coordinates": [77.73285714285714, 12.953015873015874]}, "properties": {"point_id": 1654, "row": 25, "col": 54, "demand_2027": 1890.2469830744922}}, {"type": "Feature", "geometry": {"type": "Point", "coordinates": [77.73809523809524, 12.953015873015874]}, "properties": {"point_id": 1655, "row": 25, "col": 55, "demand_2027": 1431.9767764986068}}, {"type": "Feature", "geometry": {"type": "Point", "coordinates": [77.74333333333334, 12.953015873015874]}, "properties": {"point_id": 1656, "row": 25, "col": 56, "demand_2027": 2007.0438859883911}}, {"type": "Feature", "geometry": {"type": "Point", "coordinates": [77.74857142857142, 12.953015873015874]}, "properties": {"point_id": 1657, "row": 25, "col": 57, "demand_2027": 1257.6266217980535}}, {"type": "Feature", "geometry": {"type": "Point", "coordinates": [77.75380952380952, 12.953015873015874]}, "properties": {"point_id": 1658, "row": 25, "col": 58, "demand_2027": 1843.838264093677}}, {"type": "Feature", "geometry": {"type": "Point", "coordinates": [77.75904761904762, 12.953015873015874]}, "properties": {"point_id": 1659, "row": 25, "col": 59, "demand_2027": 1497.8198693697007}}, {"type": "Feature", "geometry": {"type": "Point", "coordinates": [77.76428571428572, 12.953015873015874]}, "properties": {"point_id": 1660, "row": 25, "col": 60, "demand_2027": 2004.1919531248052}}, {"type": "Feature", "geometry": {"type": "Point", "coordinates": [77.7695238095238, 12.953015873015874]}, "properties": {"point_id": 1661, "row": 25, "col": 61, "demand_2027": 1047.413496287002}}, {"type": "Feature", "geometry": {"type": "Point", "coordinates": [77.7747619047619, 12.953015873015874]}, "properties": {"point_id": 1662, "row": 25, "col": 62, "demand_2027": 1207.5429396665913}}, {"type": "Feature", "geometry": {"type": "Point", "coordinates": [77.78, 12.953015873015874]}, "properties": {"point_id": 1663, "row": 25, "col": 63, "demand_2027": 1396.427940848963}}, {"type": "Feature", "geometry": {"type": "Point", "coordinates": [77.45, 12.957936507936509]}, "properties": {"point_id": 1664, "row": 26, "col": 0, "demand_2027": 374.6548155508757}}, {"type": "Feature", "geometry": {"type": "Point", "coordinates": [77.4552380952381, 12.957936507936509]}, "properties": {"point_id": 1665, "row": 26, "col": 1, "demand_2027": 289.1598267042125}}, {"type": "Feature", "geometry": {"type": "Point", "coordinates": [77.4604761904762, 12.957936507936509]}, "properties": {"point_id": 1666, "row": 26, "col": 2, "demand_2027": 380.57058861056316}}, {"type": "Feature", "geometry": {"type": "Point", "coordinates": [77.46571428571428, 12.957936507936509]}, "properties": {"point_id": 1667, "row": 26, "col": 3, "demand_2027": 356.5005931292702}}, {"type": "Feature", "geometry": {"type": "Point", "coordinates": [77.47095238095238, 12.957936507936509]}, "properties": {"point_id": 1668, "row": 26, "col": 4, "demand_2027": 397.37375897099946}}, {"type": "Feature", "geometry": {"type": "Point", "coordinates": [77.47619047619048, 12.957936507936509]}, "properties": {"point_id": 1669, "row": 26, "col": 5, "demand_2027": 369.48132688381315}}, {"type": "Feature", "geometry": {"type": "Point", "coordinates": [77.48142857142858, 12.957936507936509]}, "properties": {"point_id": 1670, "row": 26, "col": 6, "demand_2027": 422.5814238342783}}, {"type": "Feature", "geometry": {"type": "Point", "coordinates": [77.48666666666666, 12.957936507936509]}, "properties": {"point_id": 1671, "row": 26, "col": 7, "demand_2027": 315.685861582009}}, {"type": "Feature", "geometry": {"type": "Point", "coordinates": [77.49190476190476, 12.957936507936509]}, "properties": {"point_id": 1672, "row": 26, "col": 8, "demand_2027": 455.100774247672}}, {"type": "Feature", "geometry": {"type": "Point", "coordinates": [77.49714285714286, 12.957936507936509]}, "properties": {"point_id": 1673, "row": 26, "col": 9, "demand_2027": 502.10445085329104}}, {"type": "Feature", "geometry": {"type": "Point", "coordinates": [77.50238095238096, 12.957936507936509]}, "properties": {"point_id": 1674, "row": 26, "col": 10, "demand_2027": 448.6137137879812}}, {"type": "Feature", "geometry": {"type": "Point", "coordinates": [77.50761904761904, 12.957936507936509]}, "properties": {"point_id": 1675, "row": 26, "col": 11, "demand_2027": 370.40190428740885}}, {"type": "Feature", "geometry": {"type": "Point", "coordinates": [77.51285714285714, 12.957936507936509]}, "properties": {"point_id": 1676, "row": 26, "col": 12, "demand_2027": 632.5457298753522}}, {"type": "Feature", "geometry": {"type": "Point", "coordinates": [77.51809523809524, 12.957936507936509]}, "properties": {"point_id": 1677, "row": 26, "col": 13, "demand_2027": 578.4079564411845}}, {"type": "Feature", "geometry": {"type": "Point", "coordinates": [77.52333333333334, 12.957936507936509]}, "properties": {"point_id": 1678, "row": 26, "col": 14, "demand_2027": 538.2140358244427}}, {"type": "Feature", "geometry": {"type": "Point", "coordinates": [77.52857142857142, 12.957936507936509]}, "properties": {"point_id": 1679, "row": 26, "col": 15, "demand_2027": 586.0201958593899}}, {"type": "Feature", "geometry": {"type": "Point", "coordinates": [77.53380952380952, 12.957936507936509]}, "properties": {"point_id": 1680, "row": 26, "col": 16, "demand_2027": 495.3737836742215}}, {"type": "Feature", "geometry": {"type": "Point", "coordinates": [77.53904761904762, 12.957936507936509]}, "properties": {"point_id": 1681, "row": 26, "col": 17, "demand_2027": 568.5611097117906}}, {"type": "Feature", "geometry": {"type": "Point", "coordinates": [77.54428571428572, 12.957936507936509]}, "properties": {"point_id": 1682, "row": 26, "col": 18, "demand_2027": 714.1388177020323}}, {"type": "Feature", "geometry": {"type": "Point", "coordinates": [77.5495238095238, 12.957936507936509]}, "properties": {"point_id": 1683, "row": 26, "col": 19, "demand_2027": 918.0543542252345}}, {"type": "Feature", "geometry": {"type": "Point", "coordinates": [77.5547619047619, 12.957936507936509]}, "properties": {"point_id": 1684, "row": 26, "col": 20, "demand_2027": 747.6077569679511}}, {"type": "Feature", "geometry": {"type": "Point", "coordinates": [77.56, 12.957936507936509]}, "properties": {"point_id": 1685, "row": 26, "col": 21, "demand_2027": 1018.266515823894}}, {"type": "Feature", "geometry": {"type": "Point", "coordinates": [77.5652380952381, 12.957936507936509]}, "properties": {"point_id": 1686, "row": 26, "col": 22, "demand_2027": 819.7845596683246}}, {"type": "Feature", "geometry": {"type": "Point", "coordinates": [77.5704761904762, 12.957936507936509]}, "properties": {"point_id": 1687, "row": 26, "col": 23, "demand_2027": 1071.7982384690652}}, {"type": "Feature", "geometry": {"type": "Point", "coordinates": [77.57571428571428, 12.957936507936509]}, "properties": {"point_id": 1688, "row": 26, "col": 24, "demand_2027": 1027.9533811550705}}, {"type": "Feature", "geometry": {"type": "Point", "coordinates": [77.58095238095238, 12.957936507936509]}, "properties": {"point_id": 1689, "row": 26, "col": 25, "demand_2027": 1297.433297653777}}, {"type": "Feature", "geometry": {"type": "Point", "coordinates": [77.58619047619048, 12.957936507936509]}, "properties": {"point_id": 1690, "row": 26, "col": 26, "demand_2027": 1099.740082296783}}, {"type": "Feature", "geometry": {"type": "Point", "coordinates": [77.59142857142858, 12.957936507936509]}, "properties": {"point_id": 1691, "row": 26, "col": 27, "demand_2027": 987.5322358018681}}, {"type": "Feature", "geometry": {"type": "Point", "coordinates": [77.59666666666666, 12.957936507936509]}, "properties": {"point_id": 1692, "row": 26, "col": 28, "demand_2027": 1053.1667443223064}}, {"type": "Feature", "geometry": {"type": "Point", "coordinates": [77.60190476190476, 12.957936507936509]}, "properties": {"point_id": 1693, "row": 26, "col": 29, "demand_2027": 1320.5863578814838}}, {"type": "Feature", "geometry": {"type": "Point", "coordinates": [77.60714285714286, 12.957936507936509]}, "properties": {"point_id": 1694, "row": 26, "col": 30, "demand_2027": 1141.6823509824414}}, {"type": "Feature", "geometry": {"type": "Point", "coordinates": [77.61238095238096, 12.957936507936509]}, "properties": {"point_id": 1695, "row": 26, "col": 31, "demand_2027": 1677.6691751616409}}, {"type": "Feature", "geometry": {"type": "Point", "coordinates": [77.61761904761904, 12.957936507936509]}, "properties": {"point_id": 1696, "row": 26, "col": 32, "demand_2027": 1472.8204334033237}}, {"type": "Feature", "geometry": {"type": "Point", "coordinates": [77.62285714285714, 12.957936507936509]}, "properties": {"point_id": 1697, "row": 26, "col": 33, "demand_2027": 2289.0959729045944}}, {"type": "Feature", "geometry": {"type": "Point", "coordinates": [77.62809523809524, 12.957936507936509]}, "properties": {"point_id": 1698, "row": 26, "col": 34, "demand_2027": 1232.2032202620303}}, {"type": "Feature", "geometry": {"type": "Point", "coordinates": [77.63333333333334, 12.957936507936509]}, "properties": {"point_id": 1699, "row": 26, "col": 35, "demand_2027": 1796.58131328591}}, {"type": "Feature", "geometry": {"type": "Point", "coordinates": [77.63857142857142, 12.957936507936509]}, "properties": {"point_id": 1700, "row": 26, "col": 36, "demand_2027": 1654.5982737444156}}, {"type": "Feature", "geometry": {"type": "Point", "coordinates": [77.64380952380952, 12.957936507936509]}, "properties": {"point_id": 1701, "row": 26, "col": 37, "demand_2027": 1830.75194796284}}, {"type": "Feature", "geometry": {"type": "Point", "coordinates": [77.64904761904762, 12.957936507936509]}, "properties": {"point_id": 1702, "row": 26, "col": 38, "demand_2027": 2092.913579847851}}, {"type": "Feature", "geometry": {"type": "Point", "coordinates": [77.65428571428572, 12.957936507936509]}, "properties": {"point_id": 1703, "row": 26, "col": 39, "demand_2027": 1393.486121485623}}, {"type": "Feature", "geometry": {"type": "Point", "coordinates": [77.6595238095238, 12.957936507936509]}, "properties": {"point_id": 1704, "row": 26, "col": 40, "demand_2027": 2227.1048530017038}}, {"type": "Feature", "geometry": {"type": "Point", "coordinates": [77.6647619047619, 12.957936507936509]}, "properties": {"point_id": 1705, "row": 26, "col": 41, "demand_2027": 2763.9588367097876}}, {"type": "Feature", "geometry": {"type": "Point", "coordinates": [77.67, 12.957936507936509]}, "properties": {"point_id": 1706, "row": 26, "col": 42, "demand_2027": 1959.5112650633964}}, {"type": "Feature", "geometry": {"type": "Point", "coordinates": [77.6752380952381, 12.957936507936509]}, "properties": {"point_id": 1707, "row": 26, "col": 43, "demand_2027": 2301.152334132079}}, {"type": "Feature", "geometry": {"type": "Point", "coordinates": [77.6804761904762, 12.957936507936509]}, "properties": {"point_id": 1708, "row": 26, "col": 44, "demand_2027": 2653.295765076493}}, {"type": "Feature", "geometry": {"type": "Point", "coordinates": [77.68571428571428, 12.957936507936509]}, "properties": {"point_id": 1709, "row": 26, "col": 45, "demand_2027": 2310.457312775793}}, {"type": "Feature", "geometry": {"type": "Point", "coordinates": [77.69095238095238, 12.957936507936509]}, "properties": {"point_id": 1710, "row": 26, "col": 46, "demand_2027": 1984.7027907740674}}, {"type": "Feature", "geometry": {"type": "Point", "coordinates": [77.69619047619048, 12.957936507936509]}, "properties": {"point_id": 1711, "row": 26, "col": 47, "demand_2027": 1456.5216616925136}}, {"type": "Feature", "geometry": {"type": "Point", "coordinates": [77.70142857142858, 12.957936507936509]}, "properties": {"point_id": 1712, "row": 26, "col": 48, "demand_2027": 2464.366077090853}}, {"type": "Feature", "geometry": {"type": "Point", "coordinates": [77.70666666666666, 12.957936507936509]}, "properties": {"point_id": 1713, "row": 26, "col": 49, "demand_2027": 2216.0917801108912}}, {"type": "Feature", "geometry": {"type": "Point", "coordinates": [77.71190476190476, 12.957936507936509]}, "properties": {"point_id": 1714, "row": 26, "col": 50, "demand_2027": 1908.9793145948754}}, {"type": "Feature", "geometry": {"type": "Point", "coordinates": [77.71714285714286, 12.957936507936509]}, "properties": {"point_id": 1715, "row": 26, "col": 51, "demand_2027": 2315.1024705716545}}, {"type": "Feature", "geometry": {"type": "Point", "coordinates": [77.72238095238096, 12.957936507936509]}, "properties": {"point_id": 1716, "row": 26, "col": 52, "demand_2027": 1913.3667467041996}}, {"type": "Feature", "geometry": {"type": "Point", "coordinates": [77.72761904761904, 12.957936507936509]}, "properties": {"point_id": 1717, "row": 26, "col": 53, "demand_2027": 1892.666906341905}}, {"type": "Feature", "geometry": {"type": "Point", "coordinates": [77.73285714285714, 12.957936507936509]}, "properties": {"point_id": 1718, "row": 26, "col": 54, "demand_2027": 2178.3564910661057}}, {"type": "Feature", "geometry": {"type": "Point", "coordinates": [77.73809523809524, 12.957936507936509]}, "properties": {"point_id": 1719, "row": 26, "col": 55, "demand_2027": 1478.5304867578684}}, {"type": "Feature", "geometry": {"type": "Point", "coordinates": [77.74333333333334, 12.957936507936509]}, "properties": {"point_id": 1720, "row": 26, "col": 56, "demand_2027": 1962.310973217337}}, {"type": "Feature", "geometry": {"type": "Point", "coordinates": [77.74857142857142, 12.957936507936509]}, "properties": {"point_id": 1721, "row": 26, "col": 57, "demand_2027": 1337.653684879418}}, {"type": "Feature", "geometry": {"type": "Point", "coordinates": [77.75380952380952, 12.957936507936509]}, "properties": {"point_id": 1722, "row": 26, "col": 58, "demand_2027": 1487.6366137855493}}, {"type": "Feature", "geometry": {"type": "Point", "coordinates": [77.75904761904762, 12.957936507936509]}, "properties": {"point_id": 1723, "row": 26, "col": 59, "demand_2027": 2037.7842787323925}}, {"type": "Feature", "geometry": {"type": "Point", "coordinates": [77.76428571428572, 12.957936507936509]}, "properties": {"point_id": 1724, "row": 26, "col": 60, "demand_2027": 1847.359742584606}}, {"type": "Feature", "geometry": {"type": "Point", "coordinates": [77.7695238095238, 12.957936507936509]}, "properties": {"point_id": 1725, "row": 26, "col": 61, "demand_2027": 1342.3316019830302}}, {"type": "Feature", "geometry": {"type": "Point", "coordinates": [77.7747619047619, 12.957936507936509]}, "properties": {"point_id": 1726, "row": 26, "col": 62, "demand_2027": 1064.9688770395294}}, {"type": "Feature", "geometry": {"type": "Point", "coordinates": [77.78, 12.957936507936509]}, "properties": {"point_id": 1727, "row": 26, "col": 63, "demand_2027": 1034.465483282779}}, {"type": "Feature", "geometry": {"type": "Point", "coordinates": [77.45, 12.962857142857143]}, "properties": {"point_id": 1728, "row": 27, "col": 0, "demand_2027": 314.6073375064543}}, {"type": "Feature", "geometry": {"type": "Point", "coordinates": [77.4552380952381, 12.962857142857143]}, "properties": {"point_id": 1729, "row": 27, "col": 1, "demand_2027": 329.36970661797903}}, {"type": "Feature", "geometry": {"type": "Point", "coordinates": [77.4604761904762, 12.962857142857143]}, "properties": {"point_id": 1730, "row": 27, "col": 2, "demand_2027": 337.2417557222823}}, {"type": "Feature", "geometry": {"type": "Point", "coordinates": [77.46571428571428, 12.962857142857143]}, "properties": {"point_id": 1731, "row": 27, "col": 3, "demand_2027": 351.69816019989327}}, {"type": "Feature", "geometry": {"type": "Point", "coordinates": [77.47095238095238, 12.962857142857143]}, "properties": {"point_id": 1732, "row": 27, "col": 4, "demand_2027": 360.38636991598673}}, {"type": "Feature", "geometry": {"type": "Point", "coordinates": [77.47619047619048, 12.962857142857143]}, "properties": {"point_id": 1733, "row": 27, "col": 5, "demand_2027": 293.05059954469937}}, {"type": "Feature", "geometry": {"type": "Point", "coordinates": [77.48142857142858, 12.962857142857143]}, "properties": {"point_id": 1734, "row": 27, "col": 6, "demand_2027": 361.172867577746}}, {"type": "Feature", "geometry": {"type": "Point", "coordinates": [77.48666666666666, 12.962857142857143]}, "properties": {"point_id": 1735, "row": 27, "col": 7, "demand_2027": 483.41016575691776}}, {"type": "Feature", "geometry": {"type": "Point", "coordinates": [77.49190476190476, 12.962857142857143]}, "properties": {"point_id": 1736, "row": 27, "col": 8, "demand_2027": 348.1488927390125}}, {"type": "Feature", "geometry": {"type": "Point", "coordinates": [77.49714285714286, 12.962857142857143]}, "properties": {"point_id": 1737, "row": 27, "col": 9, "demand_2027": 440.89111333966525}}, {"type": "Feature", "geometry": {"type": "Point", "coordinates": [77.50238095238096, 12.962857142857143]}, "properties": {"point_id": 1738, "row": 27, "col": 10, "demand_2027": 417.15686358973437}}, {"type": "Feature", "geometry": {"type": "Point", "coordinates": [77.50761904761904, 12.962857142857143]}, "properties": {"point_id": 1739, "row": 27, "col": 11, "demand_2027": 461.4321968247445}}, {"type": "Feature", "geometry": {"type": "Point", "coordinates": [77.51285714285714, 12.962857142857143]}, "properties": {"point_id": 1740, "row": 27, "col": 12, "demand_2027": 493.58318399513337}}, {"type": "Feature", "geometry": {"type": "Point", "coordinates": [77.51809523809524, 12.962857142857143]}, "properties": {"point_id": 1741, "row": 27, "col": 13, "demand_2027": 643.1171536139057}}, {"type": "Feature", "geometry": {"type": "Point", "coordinates": [77.52333333333334, 12.962857142857143]}, "properties": {"point_id": 1742, "row": 27, "col": 14, "demand_2027": 610.0739008787344}}, {"type": "Feature", "geometry": {"type": "Point", "coordinates": [77.52857142857142, 12.962857142857143]}, "properties": {"point_id": 1743, "row": 27, "col": 15, "demand_2027": 499.5078235424893}}, {"type": "Feature", "geometry": {"type": "Point", "coordinates": [77.53380952380952, 12.962857142857143]}, "properties": {"point_id": 1744, "row": 27, "col": 16, "demand_2027": 673.6678900995662}}, {"type": "Feature", "geometry": {"type": "Point", "coordinates": [77.53904761904762, 12.962857142857143]}, "properties": {"point_id": 1745, "row": 27, "col": 17, "demand_2027": 593.4327889793061}}, {"type": "Feature", "geometry": {"type": "Point", "coordinates": [77.54428571428572, 12.962857142857143]}, "properties": {"point_id": 1746, "row": 27, "col": 18, "demand_2027": 665.4584562322736}}, {"type": "Feature", "geometry": {"type": "Point", "coordinates": [77.5495238095238, 12.962857142857143]}, "properties": {"point_id": 1747, "row": 27, "col": 19, "demand_2027": 831.4834744006447}}, {"type": "Feature", "geometry": {"type": "Point", "coordinates": [77.5547619047619, 12.962857142857143]}, "properties": {"point_id": 1748, "row": 27, "col": 20, "demand_2027": 771.0480773446641}}, {"type": "Feature", "geometry": {"type": "Point", "coordinates": [77.56, 12.962857142857143]}, "properties": {"point_id": 1749, "row": 27, "col": 21, "demand_2027": 1071.8965614050896}}, {"type": "Feature", "geometry": {"type": "Point", "coordinates": [77.5652380952381, 12.962857142857143]}, "properties": {"point_id": 1750, "row": 27, "col": 22, "demand_2027": 808.2776938354507}}, {"type": "Feature", "geometry": {"type": "Point", "coordinates": [77.5704761904762, 12.962857142857143]}, "properties": {"point_id": 1751, "row": 27, "col": 23, "demand_2027": 967.1231934647121}}, {"type": "Feature", "geometry": {"type": "Point", "coordinates": [77.57571428571428, 12.962857142857143]}, "properties": {"point_id": 1752, "row": 27, "col": 24, "demand_2027": 1013.9556318737857}}, {"type": "Feature", "geometry": {"type": "Point", "coordinates": [77.58095238095238, 12.962857142857143]}, "properties": {"point_id": 1753, "row": 27, "col": 25, "demand_2027": 1032.5409991696579}}, {"type": "Feature", "geometry": {"type": "Point", "coordinates": [77.58619047619048, 12.962857142857143]}, "properties": {"point_id": 1754, "row": 27, "col": 26, "demand_2027": 1383.4640202833575}}, {"type": "Feature", "geometry": {"type": "Point", "coordinates": [77.59142857142858, 12.962857142857143]}, "properties": {"point_id": 1755, "row": 27, "col": 27, "demand_2027": 1365.5142728214669}}, {"type": "Feature", "geometry": {"type": "Point", "coordinates": [77.59666666666666, 12.962857142857143]}, "properties": {"point_id": 1756, "row": 27, "col": 28, "demand_2027": 1752.9663195887767}}, {"type": "Feature", "geometry": {"type": "Point", "coordinates": [77.60190476190476, 12.962857142857143]}, "properties": {"point_id": 1757, "row": 27, "col": 29, "demand_2027": 1764.6303301786784}}, {"type": "Feature", "geometry": {"type": "Point", "coordinates": [77.60714285714286, 12.962857142857143]}, "properties": {"point_id": 1758, "row": 27, "col": 30, "demand_2027": 1054.1289885916053}}, {"type": "Feature", "geometry": {"type": "Point", "coordinates": [77.61238095238096, 12.962857142857143]}, "properties": {"point_id": 1759, "row": 27, "col": 31, "demand_2027": 1531.012878108716}}, {"type": "Feature", "geometry": {"type": "Point", "coordinates": [77.61761904761904, 12.962857142857143]}, "properties": {"point_id": 1760, "row": 27, "col": 32, "demand_2027": 1264.9481552574405}}, {"type": "Feature", "geometry": {"type": "Point", "coordinates": [77.62285714285714, 12.962857142857143]}, "properties": {"point_id": 1761, "row": 27, "col": 33, "demand_2027": 1416.2091949289577}}, {"type": "Feature", "geometry": {"type": "Point", "coordinates": [77.62809523809524, 12.962857142857143]}, "properties": {"point_id": 1762, "row": 27, "col": 34, "demand_2027": 1436.7860405233741}}, {"type": "Feature", "geometry": {"type": "Point", "coordinates": [77.63333333333334, 12.962857142857143]}, "properties": {"point_id": 1763, "row": 27, "col": 35, "demand_2027": 1445.639569826997}}, {"type": "Feature", "geometry": {"type": "Point", "coordinates": [77.63857142857142, 12.962857142857143]}, "properties": {"point_id": 1764, "row": 27, "col": 36, "demand_2027": 1501.5042958449844}}, {"type": "Feature", "geometry": {"type": "Point", "coordinates": [77.64380952380952, 12.962857142857143]}, "properties": {"point_id": 1765, "row": 27, "col": 37, "demand_2027": 1781.5774187281272}}, {"type": "Feature", "geometry": {"type": "Point", "coordinates": [77.64904761904762, 12.962857142857143]}, "properties": {"point_id": 1766, "row": 27, "col": 38, "demand_2027": 1658.4232819839158}}, {"type": "Feature", "geometry": {"type": "Point", "coordinates": [77.65428571428572, 12.962857142857143]}, "properties": {"point_id": 1767, "row": 27, "col": 39, "demand_2027": 2233.5367440681835}}, {"type": "Feature", "geometry": {"type": "Point", "coordinates": [77.6595238095238, 12.962857142857143]}, "properties": {"point_id": 1768, "row": 27, "col": 40, "demand_2027": 1710.2153543265717}}, {"type": "Feature", "geometry": {"type": "Point", "coordinates": [77.6647619047619, 12.962857142857143]}, "properties": {"point_id": 1769, "row": 27, "col": 41, "demand_2027": 2973.975213365483}}, {"type": "Feature", "geometry": {"type": "Point", "coordinates": [77.67, 12.962857142857143]}, "properties": {"point_id": 1770, "row": 27, "col": 42, "demand_2027": 1980.234464918282}}, {"type": "Feature", "geometry": {"type": "Point", "coordinates": [77.6752380952381, 12.962857142857143]}, "properties": {"point_id": 1771, "row": 27, "col": 43, "demand_2027": 2218.3025447639507}}, {"type": "Feature", "geometry": {"type": "Point", "coordinates": [77.6804761904762, 12.962857142857143]}, "properties": {"point_id": 1772, "row": 27, "col": 44, "demand_2027": 1689.6990814502276}}, {"type": "Feature", "geometry": {"type": "Point", "coordinates": [77.68571428571428, 12.962857142857143]}, "properties": {"point_id": 1773, "row": 27, "col": 45, "demand_2027": 2854.6874205680997}}, {"type": "Feature", "geometry": {"type": "Point", "coordinates": [77.69095238095238, 12.962857142857143]}, "properties": {"point_id": 1774, "row": 27, "col": 46, "demand_2027": 2534.337354183764}}, {"type": "Feature", "geometry": {"type": "Point", "coordinates": [77.69619047619048, 12.962857142857143]}, "properties": {"point_id": 1775, "row": 27, "col": 47, "demand_2027": 2311.4211116624556}}, {"type": "Feature", "geometry": {"type": "Point", "coordinates": [77.70142857142858, 12.962857142857143]}, "properties": {"point_id": 1776, "row": 27, "col": 48, "demand_2027": 1762.3071725134637}}, {"type": "Feature", "geometry": {"type": "Point", "coordinates": [77.70666666666666, 12.962857142857143]}, "properties": {"point_id": 1777, "row": 27, "col": 49, "demand_2027": 2220.581645022063}}, {"type": "Feature", "geometry": {"type": "Point", "coordinates": [77.71190476190476, 12.962857142857143]}, "properties": {"point_id": 1778, "row": 27, "col": 50, "demand_2027": 1770.86646620355}}, {"type": "Feature", "geometry": {"type": "Point", "coordinates": [77.71714285714286, 12.962857142857143]}, "properties": {"point_id": 1779, "row": 27, "col": 51, "demand_2027": 2641.1125363192805}}, {"type": "Feature", "geometry": {"type": "Point", "coordinates": [77.72238095238096, 12.962857142857143]}, "properties": {"point_id": 1780, "row": 27, "col": 52, "demand_2027": 2364.574321257567}}, {"type": "Feature", "geometry": {"type": "Point", "coordinates": [77.72761904761904, 12.962857142857143]}, "properties": {"point_id": 1781, "row": 27, "col": 53, "demand_2027": 2008.9438193231172}}, {"type": "Feature", "geometry": {"type": "Point", "coordinates": [77.73285714285714, 12.962857142857143]}, "properties": {"point_id": 1782, "row": 27, "col": 54, "demand_2027": 1230.014437792319}}, {"type": "Feature", "geometry": {"type": "Point", "coordinates": [77.73809523809524, 12.962857142857143]}, "properties": {"point_id": 1783, "row": 27, "col": 55, "demand_2027": 1559.9346650079572}}, {"type": "Feature", "geometry": {"type": "Point", "coordinates": [77.74333333333334, 12.962857142857143]}, "properties": {"point_id": 1784, "row": 27, "col": 56, "demand_2027": 2054.3069182909735}}, {"type": "Feature", "geometry": {"type": "Point", "coordinates": [77.74857142857142, 12.962857142857143]}, "properties": {"point_id": 1785, "row": 27, "col": 57, "demand_2027": 1975.676835706393}}, {"type": "Feature", "geometry": {"type": "Point", "coordinates": [77.75380952380952, 12.962857142857143]}, "properties": {"point_id": 1786, "row": 27, "col": 58, "demand_2027": 1947.0715446083577}}, {"type": "Feature", "geometry": {"type": "Point", "coordinates": [77.75904761904762, 12.962857142857143]}, "properties": {"point_id": 1787, "row": 27, "col": 59, "demand_2027": 1138.197167338715}}, {"type": "Feature", "geometry": {"type": "Point", "coordinates": [77.76428571428572, 12.962857142857143]}, "properties": {"point_id": 1788, "row": 27, "col": 60, "demand_2027": 1616.7018593285798}}, {"type": "Feature", "geometry": {"type": "Point", "coordinates": [77.7695238095238, 12.962857142857143]}, "properties": {"point_id": 1789, "row": 27, "col": 61, "demand_2027": 1614.1483188401278}}, {"type": "Feature", "geometry": {"type": "Point", "coordinates": [77.7747619047619, 12.962857142857143]}, "properties": {"point_id": 1790, "row": 27, "col": 62, "demand_2027": 943.0122110752604}}, {"type": "Feature", "geometry": {"type": "Point", "coordinates": [77.78, 12.962857142857143]}, "properties": {"point_id": 1791, "row": 27, "col": 63, "demand_2027": 1155.2666102727317}}, {"type": "Feature", "geometry": {"type": "Point", "coordinates": [77.45, 12.967777777777778]}, "properties": {"point_id": 1792, "row": 28, "col": 0, "demand_2027": 308.21909801559787}}, {"type": "Feature", "geometry": {"type": "Point", "coordinates": [77.4552380952381, 12.967777777777778]}, "properties": {"point_id": 1793, "row": 28, "col": 1, "demand_2027": 300.46387240545397}}, {"type": "Feature", "geometry": {"type": "Point", "coordinates": [77.4604761904762, 12.967777777777778]}, "properties": {"point_id": 1794, "row": 28, "col": 2, "demand_2027": 231.4007530055078}}, {"type": "Feature", "geometry": {"type": "Point", "coordinates": [77.46571428571428, 12.967777777777778]}, "properties": {"point_id": 1795, "row": 28, "col": 3, "demand_2027": 323.4266821997486}}, {"type": "Feature", "geometry": {"type": "Point", "coordinates": [77.47095238095238, 12.967777777777778]}, "properties": {"point_id": 1796, "row": 28, "col": 4, "demand_2027": 329.53545147659327}}, {"type": "Feature", "geometry": {"type": "Point", "coordinates": [77.47619047619048, 12.967777777777778]}, "properties": {"point_id": 1797, "row": 28, "col": 5, "demand_2027": 348.20122597589364}}, {"type": "Feature", "geometry": {"type": "Point", "coordinates": [77.48142857142858, 12.967777777777778]}, "properties": {"point_id": 1798, "row": 28, "col": 6, "demand_2027": 349.78990349884873}}, {"type": "Feature", "geometry": {"type": "Point", "coordinates": [77.48666666666666, 12.967777777777778]}, "properties": {"point_id": 1799, "row": 28, "col": 7, "demand_2027": 372.80167474475473}}, {"type": "Feature", "geometry": {"type": "Point", "coordinates": [77.49190476190476, 12.967777777777778]}, "properties": {"point_id": 1800, "row": 28, "col": 8, "demand_2027": 408.77461379770955}}, {"type": "Feature", "geometry": {"type": "Point", "coordinates": [77.49714285714286, 12.967777777777778]}, "properties": {"point_id": 1801, "row": 28, "col": 9, "demand_2027": 467.50270468384025}}, {"type": "Feature", "geometry": {"type": "Point", "coordinates": [77.50238095238096, 12.967777777777778]}, "properties": {"point_id": 1802, "row": 28, "col": 10, "demand_2027": 407.65492832648204}}, {"type": "Feature", "geometry": {"type": "Point", "coordinates": [77.50761904761904, 12.967777777777778]}, "properties": {"point_id": 1803, "row": 28, "col": 11, "demand_2027": 448.7717796534702}}, {"type": "Feature", "geometry": {"type": "Point", "coordinates": [77.51285714285714, 12.967777777777778]}, "properties": {"point_id": 1804, "row": 28, "col": 12, "demand_2027": 563.2746164140823}}, {"type": "Feature", "geometry": {"type": "Point", "coordinates": [77.51809523809524, 12.967777777777778]}, "properties": {"point_id": 1805, "row": 28, "col": 13, "demand_2027": 364.4951818617497}}, {"type": "Feature", "geometry": {"type": "Point", "coordinates": [77.52333333333334, 12.967777777777778]}, "properties": {"point_id": 1806, "row": 28, "col": 14, "demand_2027": 660.6469215244119}}, {"type": "Feature", "geometry": {"type": "Point", "coordinates": [77.52857142857142, 12.967777777777778]}, "properties": {"point_id": 1807, "row": 28, "col": 15, "demand_2027": 587.7830218798097}}, {"type": "Feature", "geometry": {"type": "Point", "coordinates": [77.53380952380952, 12.967777777777778]}, "properties": {"point_id": 1808, "row": 28, "col": 16, "demand_2027": 630.9805697986226}}, {"type": "Feature", "geometry": {"type": "Point", "coordinates": [77.53904761904762, 12.967777777777778]}, "properties": {"point_id": 1809, "row": 28, "col": 17, "demand_2027": 824.0432264934932}}, {"type": "Feature", "geometry": {"type": "Point", "coordinates": [77.54428571428572, 12.967777777777778]}, "properties": {"point_id": 1810, "row": 28, "col": 18, "demand_2027": 497.77510350153034}}, {"type": "Feature", "geometry": {"type": "Point", "coordinates": [77.5495238095238, 12.967777777777778]}, "properties": {"point_id": 1811, "row": 28, "col": 19, "demand_2027": 521.5583568484667}}, {"type": "Feature", "geometry": {"type": "Point", "coordinates": [77.5547619047619, 12.967777777777778]}, "properties": {"point_id": 1812, "row": 28, "col": 20, "demand_2027": 910.7834877472319}}, {"type": "Feature", "geometry": {"type": "Point", "coordinates": [77.56, 12.967777777777778]}, "properties": {"point_id": 1813, "row": 28, "col": 21, "demand_2027": 917.9238218618493}}, {"type": "Feature", "geometry": {"type": "Point", "coordinates": [77.5652380952381, 12.967777777777778]}, "properties": {"point_id": 1814, "row": 28, "col": 22, "demand_2027": 998.24209531722}}, {"type": "Feature", "geometry": {"type": "Point", "coordinates": [77.5704761904762, 12.967777777777778]}, "properties": {"point_id": 1815, "row": 28, "col": 23, "demand_2027": 926.0771276625202}}, {"type": "Feature", "geometry": {"type": "Point", "coordinates": [77.57571428571428, 12.967777777777778]}, "properties": {"point_id": 1816, "row": 28, "col": 24, "demand_2027": 1248.6694218792484}}, {"type": "Feature", "geometry": {"type": "Point", "coordinates": [77.58095238095238, 12.967777777777778]}, "properties": {"point_id": 1817, "row": 28, "col": 25, "demand_2027": 1301.9542314774162}}, {"type": "Feature", "geometry": {"type": "Point", "coordinates": [77.58619047619048, 12.967777777777778]}, "properties": {"point_id": 1818, "row": 28, "col": 26, "demand_2027": 1242.2351641498647}}, {"type": "Feature", "geometry": {"type": "Point", "coordinates": [77.59142857142858, 12.967777777777778]}, "properties": {"point_id": 1819, "row": 28, "col": 27, "demand_2027": 1181.7476379484096}}, {"type": "Feature", "geometry": {"type": "Point", "coordinates": [77.59666666666666, 12.967777777777778]}, "properties": {"point_id": 1820, "row": 28, "col": 28, "demand_2027": 854.9344627674369}}, {"type": "Feature", "geometry": {"type": "Point", "coordinates": [77.60190476190476, 12.967777777777778]}, "properties": {"point_id": 1821, "row": 28, "col": 29, "demand_2027": 1473.7972718991414}}, {"type": "Feature", "geometry": {"type": "Point", "coordinates": [77.60714285714286, 12.967777777777778]}, "properties": {"point_id": 1822, "row": 28, "col": 30, "demand_2027": 1673.6009976552114}}, {"type": "Feature", "geometry": {"type": "Point", "coordinates": [77.61238095238096, 12.967777777777778]}, "properties": {"point_id": 1823, "row": 28, "col": 31, "demand_2027": 1560.5870096233}}, {"type": "Feature", "geometry": {"type": "Point", "coordinates": [77.61761904761904, 12.967777777777778]}, "properties": {"point_id": 1824, "row": 28, "col": 32, "demand_2027": 1294.3223094204382}}, {"type": "Feature", "geometry": {"type": "Point", "coordinates": [77.62285714285714, 12.967777777777778]}, "properties": {"point_id": 1825, "row": 28, "col": 33, "demand_2027": 1811.0937036979064}}, {"type": "Feature", "geometry": {"type": "Point", "coordinates": [77.62809523809524, 12.967777777777778]}, "properties": {"point_id": 1826, "row": 28, "col": 34, "demand_2027": 1783.7936967071937}}, {"type": "Feature", "geometry": {"type": "Point", "coordinates": [77.63333333333334, 12.967777777777778]}, "properties": {"point_id": 1827, "row": 28, "col": 35, "demand_2027": 2043.1555309502753}}, {"type": "Feature", "geometry": {"type": "Point", "coordinates": [77.63857142857142, 12.967777777777778]}, "properties": {"point_id": 1828, "row": 28, "col": 36, "demand_2027": 1463.2074984546848}}, {"type": "Feature", "geometry": {"type": "Point", "coordinates": [77.64380952380952, 12.967777777777778]}, "properties": {"point_id": 1829, "row": 28, "col": 37, "demand_2027": 1761.929096374557}}, {"type": "Feature", "geometry": {"type": "Point", "coordinates": [77.64904761904762, 12.967777777777778]}, "properties": {"point_id": 1830, "row": 28, "col": 38, "demand_2027": 2081.323269697161}}, {"type": "Feature", "geometry": {"type": "Point", "coordinates": [77.65428571428572, 12.967777777777778]}, "properties": {"point_id": 1831, "row": 28, "col": 39, "demand_2027": 1947.1344118481047}}, {"type": "Feature", "geometry": {"type": "Point", "coordinates": [77.6595238095238, 12.967777777777778]}, "properties": {"point_id": 1832, "row": 28, "col": 40, "demand_2027": 1683.4031358823768}}, {"type": "Feature", "geometry": {"type": "Point", "coordinates": [77.6647619047619, 12.967777777777778]}, "properties": {"point_id": 1833, "row": 28, "col": 41, "demand_2027": 2020.5953702932732}}, {"type": "Feature", "geometry": {"type": "Point", "coordinates": [77.67, 12.967777777777778]}, "properties": {"point_id": 1834, "row": 28, "col": 42, "demand_2027": 2170.3281400135083}}, {"type": "Feature", "geometry": {"type": "Point", "coordinates": [77.6752380952381, 12.967777777777778]}, "properties": {"point_id": 1835, "row": 28, "col": 43, "demand_2027": 2115.1923005395515}}, {"type": "Feature", "geometry": {"type": "Point", "coordinates": [77.6804761904762, 12.967777777777778]}, "properties": {"point_id": 1836, "row": 28, "col": 44, "demand_2027": 2132.6631644604245}}, {"type": "Feature", "geometry": {"type": "Point", "coordinates": [77.68571428571428, 12.967777777777778]}, "properties": {"point_id": 1837, "row": 28, "col": 45, "demand_2027": 2002.3731561922377}}, {"type": "Feature", "geometry": {"type": "Point", "coordinates": [77.69095238095238, 12.967777777777778]}, "properties": {"point_id": 1838, "row": 28, "col": 46, "demand_2027": 2368.0218630568565}}, {"type": "Feature", "geometry": {"type": "Point", "coordinates": [77.69619047619048, 12.967777777777778]}, "properties": {"point_id": 1839, "row": 28, "col": 47, "demand_2027": 1861.6243590685328}}, {"type": "Feature", "geometry": {"type": "Point", "coordinates": [77.70142857142858, 12.967777777777778]}, "properties": {"point_id": 1840, "row": 28, "col": 48, "demand_2027": 1943.7878766700385}}, {"type": "Feature", "geometry": {"type": "Point", "coordinates": [77.70666666666666, 12.967777777777778]}, "properties": {"point_id": 1841, "row": 28, "col": 49, "demand_2027": 2130.322157370245}}, {"type": "Feature", "geometry": {"type": "Point", "coordinates": [77.71190476190476, 12.967777777777778]}, "properties": {"point_id": 1842, "row": 28, "col": 50, "demand_2027": 2462.5183049587913}}, {"type": "Feature", "geometry": {"type": "Point", "coordinates": [77.71714285714286, 12.967777777777778]}, "properties": {"point_id": 1843, "row": 28, "col": 51, "demand_2027": 1676.4116737404247}}, {"type": "Feature", "geometry": {"type": "Point", "coordinates": [77.72238095238096, 12.967777777777778]}, "properties": {"point_id": 1844, "row": 28, "col": 52, "demand_2027": 1596.908304288718}}, {"type": "Feature", "geometry": {"type": "Point", "coordinates": [77.72761904761904, 12.967777777777778]}, "properties": {"point_id": 1845, "row": 28, "col": 53, "demand_2027": 1279.44297303493}}, {"type": "Feature", "geometry": {"type": "Point", "coordinates": [77.73285714285714, 12.967777777777778]}, "properties": {"point_id": 1846, "row": 28, "col": 54, "demand_2027": 1959.6396632303454}}, {"type": "Feature", "geometry": {"type": "Point", "coordinates": [77.73809523809524, 12.967777777777778]}, "properties": {"point_id": 1847, "row": 28, "col": 55, "demand_2027": 1497.4467862001702}}, {"type": "Feature", "geometry": {"type": "Point", "coordinates": [77.74333333333334, 12.967777777777778]}, "properties": {"point_id": 1848, "row": 28, "col": 56, "demand_2027": 1753.1028629134246}}, {"type": "Feature", "geometry": {"type": "Point", "coordinates": [77.74857142857142, 12.967777777777778]}, "properties": {"point_id": 1849, "row": 28, "col": 57, "demand_2027": 1823.7546538502552}}, {"type": "Feature", "geometry": {"type": "Point", "coordinates": [77.75380952380952, 12.967777777777778]}, "properties": {"point_id": 1850, "row": 28, "col": 58, "demand_2027": 1499.7849851370956}}, {"type": "Feature", "geometry": {"type": "Point", "coordinates": [77.75904761904762, 12.967777777777778]}, "properties": {"point_id": 1851, "row": 28, "col": 59, "demand_2027": 1579.6211198819992}}, {"type": "Feature", "geometry": {"type": "Point", "coordinates": [77.76428571428572, 12.967777777777778]}, "properties": {"point_id": 1852, "row": 28, "col": 60, "demand_2027": 1360.1989829921747}}, {"type": "Feature", "geometry": {"type": "Point", "coordinates": [77.7695238095238, 12.967777777777778]}, "properties": {"point_id": 1853, "row": 28, "col": 61, "demand_2027": 1546.533192712634}}, {"type": "Feature", "geometry": {"type": "Point", "coordinates": [77.7747619047619, 12.967777777777778]}, "properties": {"point_id": 1854, "row": 28, "col": 62, "demand_2027": 1339.185418407901}}, {"type": "Feature", "geometry": {"type": "Point", "coordinates": [77.78, 12.967777777777778]}, "properties": {"point_id": 1855, "row": 28, "col": 63, "demand_2027": 1016.278946526969}}, {"type": "Feature", "geometry": {"type": "Point", "coordinates": [77.45, 12.972698412698414]}, "properties": {"point_id": 1856, "row": 29, "col": 0, "demand_2027": 273.7157775846307}}, {"type": "Feature", "geometry": {"type": "Point", "coordinates": [77.4552380952381, 12.972698412698414]}, "properties": {"point_id": 1857, "row": 29, "col": 1, "demand_2027": 330.2480175977639}}, {"type": "Feature", "geometry": {"type": "Point", "coordinates": [77.4604761904762, 12.972698412698414]}, "properties": {"point_id": 1858, "row": 29, "col": 2, "demand_2027": 312.03631776189917}}, {"type": "Feature", "geometry": {"type": "Point", "coordinates": [77.46571428571428, 12.972698412698414]}, "properties": {"point_id": 1859, "row": 29, "col": 3, "demand_2027": 262.2679876889239}}, {"type": "Feature", "geometry": {"type": "Point", "coordinates": [77.47095238095238, 12.972698412698414]}, "properties": {"point_id": 1860, "row": 29, "col": 4, "demand_2027": 386.0768354076815}}, {"type": "Feature", "geometry": {"type": "Point", "coordinates": [77.47619047619048, 12.972698412698414]}, "properties": {"point_id": 1861, "row": 29, "col": 5, "demand_2027": 299.2614201337527}}, {"type": "Feature", "geometry": {"type": "Point", "coordinates": [77.48142857142858, 12.972698412698414]}, "properties": {"point_id": 1862, "row": 29, "col": 6, "demand_2027": 445.76100682763814}}, {"type": "Feature", "geometry": {"type": "Point", "coordinates": [77.48666666666666, 12.972698412698414]}, "properties": {"point_id": 1863, "row": 29, "col": 7, "demand_2027": 499.6993540035396}}, {"type": "Feature", "geometry": {"type": "Point", "coordinates": [77.49190476190476, 12.972698412698414]}, "properties": {"point_id": 1864, "row": 29, "col": 8, "demand_2027": 384.8977539387461}}, {"type": "Feature", "geometry": {"type": "Point", "coordinates": [77.49714285714286, 12.972698412698414]}, "properties": {"point_id": 1865, "row": 29, "col": 9, "demand_2027": 441.3828765864741}}, {"type": "Feature", "geometry": {"type": "Point", "coordinates": [77.50238095238096, 12.972698412698414]}, "properties": {"point_id": 1866, "row": 29, "col": 10, "demand_2027": 433.03914928321814}}, {"type": "Feature", "geometry": {"type": "Point", "coordinates": [77.50761904761904, 12.972698412698414]}, "properties": {"point_id": 1867, "row": 29, "col": 11, "demand_2027": 529.3454780160469}}, {"type": "Feature", "geometry": {"type": "Point", "coordinates": [77.51285714285714, 12.972698412698414]}, "properties": {"point_id": 1868, "row": 29, "col": 12, "demand_2027": 445.2122577234597}}, {"type": "Feature", "geometry": {"type": "Point", "coordinates": [77.51809523809524, 12.972698412698414]}, "properties": {"point_id": 1869, "row": 29, "col": 13, "demand_2027": 546.3613591913846}}, {"type": "Feature", "geometry": {"type": "Point", "coordinates": [77.52333333333334, 12.972698412698414]}, "properties": {"point_id": 1870, "row": 29, "col": 14, "demand_2027": 638.3629630505576}}, {"type": "Feature", "geometry": {"type": "Point", "coordinates": [77.52857142857142, 12.972698412698414]}, "properties": {"point_id": 1871, "row": 29, "col": 15, "demand_2027": 556.6867398235546}}, {"type": "Feature", "geometry": {"type": "Point", "coordinates": [77.53380952380952, 12.972698412698414]}, "properties": {"point_id": 1872, "row": 29, "col": 16, "demand_2027": 579.809220945511}}, {"type": "Feature", "geometry": {"type": "Point", "coordinates": [77.53904761904762, 12.972698412698414]}, "properties": {"point_id": 1873, "row": 29, "col": 17, "demand_2027": 567.5615398124545}}, {"type": "Feature", "geometry": {"type": "Point", "coordinates": [77.54428571428572, 12.972698412698414]}, "properties": {"point_id": 1874, "row": 29, "col": 18, "demand_2027": 642.573765266383}}, {"type": "Feature", "geometry": {"type": "Point", "coordinates": [77.5495238095238, 12.972698412698414]}, "properties": {"point_id": 1875, "row": 29, "col": 19, "demand_2027": 540.4810160658561}}, {"type": "Feature", "geometry": {"type": "Point", "coordinates": [77.5547619047619, 12.972698412698414]}, "properties": {"point_id": 1876, "row": 29, "col": 20, "demand_2027": 937.3906769511011}}, {"type": "Feature", "geometry": {"type": "Point", "coordinates": [77.56, 12.972698412698414]}, "properties": {"point_id": 1877, "row": 29, "col": 21, "demand_2027": 1138.3761679283418}}, {"type": "Feature", "geometry": {"type": "Point", "coordinates": [77.5652380952381, 12.972698412698414]}, "properties": {"point_id": 1878, "row": 29, "col": 22, "demand_2027": 1227.8604139540498}}, {"type": "Feature", "geometry": {"type": "Point", "coordinates": [77.5704761904762, 12.972698412698414]}, "properties": {"point_id": 1879, "row": 29, "col": 23, "demand_2027": 767.3626701169152}}, {"type": "Feature", "geometry": {"type": "Point", "coordinates": [77.57571428571428, 12.972698412698414]}, "properties": {"point_id": 1880, "row": 29, "col": 24, "demand_2027": 1206.8112171994615}}, {"type": "Feature", "geometry": {"type": "Point", "coordinates": [77.58095238095238, 12.972698412698414]}, "properties": {"point_id": 1881, "row": 29, "col": 25, "demand_2027": 1452.187892859994}}, {"type": "Feature", "geometry": {"type": "Point", "coordinates": [77.58619047619048, 12.972698412698414]}, "properties": {"point_id": 1882, "row": 29, "col": 26, "demand_2027": 1120.1161887483195}}, {"type": "Feature", "geometry": {"type": "Point", "coordinates": [77.59142857142858, 12.972698412698414]}, "properties": {"point_id": 1883, "row": 29, "col": 27, "demand_2027": 1236.4639800038165}}, {"type": "Feature", "geometry": {"type": "Point", "coordinates": [77.59666666666666, 12.972698412698414]}, "properties": {"point_id": 1884, "row": 29, "col": 28, "demand_2027": 859.0353722738713}}, {"type": "Feature", "geometry": {"type": "Point", "coordinates": [77.60190476190476, 12.972698412698414]}, "properties": {"point_id": 1885, "row": 29, "col": 29, "demand_2027": 1458.4971072946626}}, {"type": "Feature", "geometry": {"type": "Point", "coordinates": [77.60714285714286, 12.972698412698414]}, "properties": {"point_id": 1886, "row": 29, "col": 30, "demand_2027": 1154.1035662699028}}, {"type": "Feature", "geometry": {"type": "Point", "coordinates": [77.61238095238096, 12.972698412698414]}, "properties": {"point_id": 1887, "row": 29, "col": 31, "demand_2027": 1530.675492175827}}, {"type": "Feature", "geometry": {"type": "Point", "coordinates": [77.61761904761904, 12.972698412698414]}, "properties": {"point_id": 1888, "row": 29, "col": 32, "demand_2027": 1095.8118009377285}}, {"type": "Feature", "geometry": {"type": "Point", "coordinates": [77.62285714285714, 12.972698412698414]}, "properties": {"point_id": 1889, "row": 29, "col": 33, "demand_2027": 1607.164448327655}}, {"type": "Feature", "geometry": {"type": "Point", "coordinates": [77.62809523809524, 12.972698412698414]}, "properties": {"point_id": 1890, "row": 29, "col": 34, "demand_2027": 1713.064904479482}}, {"type": "Feature", "geometry": {"type": "Point", "coordinates": [77.63333333333334, 12.972698412698414]}, "properties": {"point_id": 1891, "row": 29, "col": 35, "demand_2027": 1389.7900939016163}}, {"type": "Feature", "geometry": {"type": "Point", "coordinates": [77.63857142857142, 12.972698412698414]}, "properties": {"point_id": 1892, "row": 29, "col": 36, "demand_2027": 1361.8950163274626}}, {"type": "Feature", "geometry": {"type": "Point", "coordinates": [77.64380952380952, 12.972698412698414]}, "properties": {"point_id": 1893, "row": 29, "col": 37, "demand_2027": 1126.4916837310327}}, {"type": "Feature", "geometry": {"type": "Point", "coordinates": [77.64904761904762, 12.972698412698414]}, "properties": {"point_id": 1894, "row": 29, "col": 38, "demand_2027": 1511.569127745461}}, {"type": "Feature", "geometry": {"type": "Point", "coordinates": [77.65428571428572, 12.972698412698414]}, "properties": {"point_id": 1895, "row": 29, "col": 39, "demand_2027": 1599.7255947989966}}, {"type": "Feature", "geometry": {"type": "Point", "coordinates": [77.6595238095238, 12.972698412698414]}, "properties": {"point_id": 1896, "row": 29, "col": 40, "demand_2027": 1322.2379373408226}}, {"type": "Feature", "geometry": {"type": "Point", "coordinates": [77.6647619047619, 12.972698412698414]}, "properties": {"point_id": 1897, "row": 29, "col": 41, "demand_2027": 1985.2818553296552}}, {"type": "Feature", "geometry": {"type": "Point", "coordinates": [77.67, 12.972698412698414]}, "properties": {"point_id": 1898, "row": 29, "col": 42, "demand_2027": 1724.4513505895648}}, {"type": "Feature", "geometry": {"type": "Point", "coordinates": [77.6752380952381, 12.972698412698414]}, "properties": {"point_id": 1899, "row": 29, "col": 43, "demand_2027": 1593.3867279736407}}, {"type": "Feature", "geometry": {"type": "Point", "coordinates": [77.6804761904762, 12.972698412698414]}, "properties": {"point_id": 1900, "row": 29, "col": 44, "demand_2027": 1835.3265312312135}}, {"type": "Feature", "geometry": {"type": "Point", "coordinates": [77.68571428571428, 12.972698412698414]}, "properties": {"point_id": 1901, "row": 29, "col": 45, "demand_2027": 2401.6186538976503}}, {"type": "Feature", "geometry": {"type": "Point", "coordinates": [77.69095238095238, 12.972698412698414]}, "properties": {"point_id": 1902, "row": 29, "col": 46, "demand_2027": 2303.339883273487}}, {"type": "Feature", "geometry": {"type": "Point", "coordinates": [77.69619047619048, 12.972698412698414]}, "properties": {"point_id": 1903, "row": 29, "col": 47, "demand_2027": 1984.7189279576144}}, {"type": "Feature", "geometry": {"type": "Point", "coordinates": [77.70142857142858, 12.972698412698414]}, "properties": {"point_id": 1904, "row": 29, "col": 48, "demand_2027": 2350.863871039115}}, {"type": "Feature", "geometry": {"type": "Point", "coordinates": [77.70666666666666, 12.972698412698414]}, "properties": {"point_id": 1905, "row": 29, "col": 49, "demand_2027": 1727.7515491722775}}, {"type": "Feature", "geometry": {"type": "Point", "coordinates": [77.71190476190476, 12.972698412698414]}, "properties": {"point_id": 1906, "row": 29, "col": 50, "demand_2027": 2017.6143495038525}}, {"type": "Feature", "geometry": {"type": "Point", "coordinates": [77.71714285714286, 12.972698412698414]}, "properties": {"point_id": 1907, "row": 29, "col": 51, "demand_2027": 2125.361842906016}}, {"type": "Feature", "geometry": {"type": "Point", "coordinates": [77.72238095238096, 12.972698412698414]}, "properties": {"point_id": 1908, "row": 29, "col": 52, "demand_2027": 1772.6953252939093}}, {"type": "Feature", "geometry": {"type": "Point", "coordinates": [77.72761904761904, 12.972698412698414]}, "properties": {"point_id": 1909, "row": 29, "col": 53, "demand_2027": 2064.51150971996}}, {"type": "Feature", "geometry": {"type": "Point", "coordinates": [77.73285714285714, 12.972698412698414]}, "properties": {"point_id": 1910, "row": 29, "col": 54, "demand_2027": 1554.5253583395279}}, {"type": "Feature", "geometry": {"type": "Point", "coordinates": [77.73809523809524, 12.972698412698414]}, "properties": {"point_id": 1911, "row": 29, "col": 55, "demand_2027": 1827.3168853707014}}, {"type": "Feature", "geometry": {"type": "Point", "coordinates": [77.74333333333334, 12.972698412698414]}, "properties": {"point_id": 1912, "row": 29, "col": 56, "demand_2027": 1874.0103324978982}}, {"type": "Feature", "geometry": {"type": "Point", "coordinates": [77.74857142857142, 12.972698412698414]}, "properties": {"point_id": 1913, "row": 29, "col": 57, "demand_2027": 934.373353128609}}, {"type": "Feature", "geometry": {"type": "Point", "coordinates": [77.75380952380952, 12.972698412698414]}, "properties": {"point_id": 1914, "row": 29, "col": 58, "demand_2027": 1853.712147159812}}, {"type": "Feature", "geometry": {"type": "Point", "coordinates": [77.75904761904762, 12.972698412698414]}, "properties": {"point_id": 1915, "row": 29, "col": 59, "demand_2027": 790.7116254352828}}, {"type": "Feature", "geometry": {"type": "Point", "coordinates": [77.76428571428572, 12.972698412698414]}, "properties": {"point_id": 1916, "row": 29, "col": 60, "demand_2027": 1296.1530729852902}}, {"type": "Feature", "geometry": {"type": "Point", "coordinates": [77.7695238095238, 12.972698412698414]}, "properties": {"point_id": 1917, "row": 29, "col": 61, "demand_2027": 1542.7274774831683}}, {"type": "Feature", "geometry": {"type": "Point", "coordinates": [77.7747619047619, 12.972698412698414]}, "properties": {"point_id": 1918, "row": 29, "col": 62, "demand_2027": 1126.1660497132623}}, {"type": "Feature", "geometry": {"type": "Point", "coordinates": [77.78, 12.972698412698414]}, "properties": {"point_id": 1919, "row": 29, "col": 63, "demand_2027": 893.3100532179731}}, {"type": "Feature", "geometry": {"type": "Point", "coordinates": [77.45, 12.977619047619047]}, "properties": {"point_id": 1920, "row": 30, "col": 0, "demand_2027": 248.74243360786903}}, {"type": "Feature", "geometry": {"type": "Point", "coordinates": [77.4552380952381, 12.977619047619047]}, "properties": {"point_id": 1921, "row": 30, "col": 1, "demand_2027": 325.9468792842283}}, {"type": "Feature", "geometry": {"type": "Point", "coordinates": [77.4604761904762, 12.977619047619047]}, "properties": {"point_id": 1922, "row": 30, "col": 2, "demand_2027": 199.55104293488967}}, {"type": "Feature", "geometry": {"type": "Point", "coordinates": [77.46571428571428, 12.977619047619047]}, "properties": {"point_id": 1923, "row": 30, "col": 3, "demand_2027": 363.4386126368521}}, {"type": "Feature", "geometry": {"type": "Point", "coordinates": [77.47095238095238, 12.977619047619047]}, "properties": {"point_id": 1924, "row": 30, "col": 4, "demand_2027": 318.16743058988897}}, {"type": "Feature", "geometry": {"type": "Point", "coordinates": [77.47619047619048, 12.977619047619047]}, "properties": {"point_id": 1925, "row": 30, "col": 5, "demand_2027": 292.1769122285096}}, {"type": "Feature", "geometry": {"type": "Point", "coordinates": [77.48142857142858, 12.977619047619047]}, "properties": {"point_id": 1926, "row": 30, "col": 6, "demand_2027": 318.66511218442014}}, {"type": "Feature", "geometry": {"type": "Point", "coordinates": [77.48666666666666, 12.977619047619047]}, "properties": {"point_id": 1927, "row": 30, "col": 7, "demand_2027": 295.2540976355051}}, {"type": "Feature", "geometry": {"type": "Point", "coordinates": [77.49190476190476, 12.977619047619047]}, "properties": {"point_id": 1928, "row": 30, "col": 8, "demand_2027": 420.5105270115294}}, {"type": "Feature", "geometry": {"type": "Point", "coordinates": [77.49714285714286, 12.977619047619047]}, "properties": {"point_id": 1929, "row": 30, "col": 9, "demand_2027": 446.0866493970277}}, {"type": "Feature", "geometry": {"type": "Point", "coordinates": [77.50238095238096, 12.977619047619047]}, "properties": {"point_id": 1930, "row": 30, "col": 10, "demand_2027": 313.9236221463422}}, {"type": "Feature", "geometry": {"type": "Point", "coordinates": [77.50761904761904, 12.977619047619047]}, "properties": {"point_id": 1931, "row": 30, "col": 11, "demand_2027": 427.19777995592295}}, {"type": "Feature", "geometry": {"type": "Point", "coordinates": [77.51285714285714, 12.977619047619047]}, "properties": {"point_id": 1932, "row": 30, "col": 12, "demand_2027": 452.21987728398636}}, {"type": "Feature", "geometry": {"type": "Point", "coordinates": [77.51809523809524, 12.977619047619047]}, "properties": {"point_id": 1933, "row": 30, "col": 13, "demand_2027": 607.2310884156836}}, {"type": "Feature", "geometry": {"type": "Point", "coordinates": [77.52333333333334, 12.977619047619047]}, "properties": {"point_id": 1934, "row": 30, "col": 14, "demand_2027": 447.091484783818}}, {"type": "Feature", "geometry": {"type": "Point", "coordinates": [77.52857142857142, 12.977619047619047]}, "properties": {"point_id": 1935, "row": 30, "col": 15, "demand_2027": 771.3554738549825}}, {"type": "Feature", "geometry": {"type": "Point", "coordinates": [77.53380952380952, 12.977619047619047]}, "properties": {"point_id": 1936, "row": 30, "col": 16, "demand_2027": 684.8143135456447}}, {"type": "Feature", "geometry": {"type": "Point", "coordinates": [77.53904761904762, 12.977619047619047]}, "properties": {"point_id": 1937, "row": 30, "col": 17, "demand_2027": 575.3220335791204}}, {"type": "Feature", "geometry": {"type": "Point", "coordinates": [77.54428571428572, 12.977619047619047]}, "properties": {"point_id": 1938, "row": 30, "col": 18, "demand_2027": 671.0676285829742}}, {"type": "Feature", "geometry": {"type": "Point", "coordinates": [77.5495238095238, 12.977619047619047]}, "properties": {"point_id": 1939, "row": 30, "col": 19, "demand_2027": 715.5203948140881}}, {"type": "Feature", "geometry": {"type": "Point", "coordinates": [77.5547619047619, 12.977619047619047]}, "properties": {"point_id": 1940, "row": 30, "col": 20, "demand_2027": 680.1179177699438}}, {"type": "Feature", "geometry": {"type": "Point", "coordinates": [77.56, 12.977619047619047]}, "properties": {"point_id": 1941, "row": 30, "col": 21, "demand_2027": 910.4551435328731}}, {"type": "Feature", "geometry": {"type": "Point", "coordinates": [77.5652380952381, 12.977619047619047]}, "properties": {"point_id": 1942, "row": 30, "col": 22, "demand_2027": 827.6713421324235}}, {"type": "Feature", "geometry": {"type": "Point", "coordinates": [77.5704761904762, 12.977619047619047]}, "properties": {"point_id": 1943, "row": 30, "col": 23, "demand_2027": 677.2923595702302}}, {"type": "Feature", "geometry": {"type": "Point", "coordinates": [77.57571428571428, 12.977619047619047]}, "properties": {"point_id": 1944, "row": 30, "col": 24, "demand_2027": 1076.8021087115137}}, {"type": "Feature", "geometry": {"type": "Point", "coordinates": [77.58095238095238, 12.977619047619047]}, "properties": {"point_id": 1945, "row": 30, "col": 25, "demand_2027": 833.2339616511679}}, {"type": "Feature", "geometry": {"type": "Point", "coordinates": [77.58619047619048, 12.977619047619047]}, "properties": {"point_id": 1946, "row": 30, "col": 26, "demand_2027": 1011.5292944237683}}, {"type": "Feature", "geometry": {"type": "Point", "coordinates": [77.59142857142858, 12.977619047619047]}, "properties": {"point_id": 1947, "row": 30, "col": 27, "demand_2027": 1081.0405587148189}}, {"type": "Feature", "geometry": {"type": "Point", "coordinates": [77.59666666666666, 12.977619047619047]}, "properties": {"point_id": 1948, "row": 30, "col": 28, "demand_2027": 1135.1748361360626}}, {"type": "Feature", "geometry": {"type": "Point", "coordinates": [77.60190476190476, 12.977619047619047]}, "properties": {"point_id": 1949, "row": 30, "col": 29, "demand_2027": 1699.9898857866515}}, {"type": "Feature", "geometry": {"type": "Point", "coordinates": [77.60714285714286, 12.977619047619047]}, "properties": {"point_id": 1950, "row": 30, "col": 30, "demand_2027": 1446.4471191155785}}, {"type": "Feature", "geometry": {"type": "Point", "coordinates": [77.61238095238096, 12.977619047619047]}, "properties": {"point_id": 1951, "row": 30, "col": 31, "demand_2027": 1437.5486670290904}}, {"type": "Feature", "geometry": {"type": "Point", "coordinates": [77.61761904761904, 12.977619047619047]}, "properties": {"point_id": 1952, "row": 30, "col": 32, "demand_2027": 1050.2096902169303}}, {"type": "Feature", "geometry": {"type": "Point", "coordinates": [77.62285714285714, 12.977619047619047]}, "properties": {"point_id": 1953, "row": 30, "col": 33, "demand_2027": 1328.2912147829575}}, {"type": "Feature", "geometry": {"type": "Point", "coordinates": [77.62809523809524, 12.977619047619047]}, "properties": {"point_id": 1954, "row": 30, "col": 34, "demand_2027": 1534.7276084776588}}, {"type": "Feature", "geometry": {"type": "Point", "coordinates": [77.63333333333334, 12.977619047619047]}, "properties": {"point_id": 1955, "row": 30, "col": 35, "demand_2027": 1317.016356077992}}, {"type": "Feature", "geometry": {"type": "Point", "coordinates": [77.63857142857142, 12.977619047619047]}, "properties": {"point_id": 1956, "row": 30, "col": 36, "demand_2027": 1808.4717754524943}}, {"type": "Feature", "geometry": {"type": "Point", "coordinates": [77.64380952380952, 12.977619047619047]}, "properties": {"point_id": 1957, "row": 30, "col": 37, "demand_2027": 1280.4517551753727}}, {"type": "Feature", "geometry": {"type": "Point", "coordinates": [77.64904761904762, 12.977619047619047]}, "properties": {"point_id": 1958, "row": 30, "col": 38, "demand_2027": 1498.4671196718423}}, {"type": "Feature", "geometry": {"type": "Point", "coordinates": [77.65428571428572, 12.977619047619047]}, "properties": {"point_id": 1959, "row": 30, "col": 39, "demand_2027": 1590.2278693344667}}, {"type": "Feature", "geometry": {"type": "Point", "coordinates": [77.6595238095238, 12.977619047619047]}, "properties": {"point_id": 1960, "row": 30, "col": 40, "demand_2027": 1789.1387793151594}}, {"type": "Feature", "geometry": {"type": "Point", "coordinates": [77.6647619047619, 12.977619047619047]}, "properties": {"point_id": 1961, "row": 30, "col": 41, "demand_2027": 1527.162164924705}}, {"type": "Feature", "geometry": {"type": "Point", "coordinates": [77.67, 12.977619047619047]}, "properties": {"point_id": 1962, "row": 30, "col": 42, "demand_2027": 1767.9379379903166}}, {"type": "Feature", "geometry": {"type": "Point", "coordinates": [77.6752380952381, 12.977619047619047]}, "properties": {"point_id": 1963, "row": 30, "col": 43, "demand_2027": 1801.229926435996}}, {"type": "Feature", "geometry": {"type": "Point", "coordinates": [77.6804761904762, 12.977619047619047]}, "properties": {"point_id": 1964, "row": 30, "col": 44, "demand_2027": 1614.0290902575277}}, {"type": "Feature", "geometry": {"type": "Point", "coordinates": [77.68571428571428, 12.977619047619047]}, "properties": {"point_id": 1965, "row": 30, "col": 45, "demand_2027": 2000.4464631266385}}, {"type": "Feature", "geometry": {"type": "Point", "coordinates": [77.69095238095238, 12.977619047619047]}, "properties": {"point_id": 1966, "row": 30, "col": 46, "demand_2027": 2094.92093580985}}, {"type": "Feature", "geometry": {"type": "Point", "coordinates": [77.69619047619048, 12.977619047619047]}, "properties": {"point_id": 1967, "row": 30, "col": 47, "demand_2027": 1866.5139219275788}}, {"type": "Feature", "geometry": {"type": "Point", "coordinates": [77.70142857142858, 12.977619047619047]}, "properties": {"point_id": 1968, "row": 30, "col": 48, "demand_2027": 1899.6850003523423}}, {"type": "Feature", "geometry": {"type": "Point", "coordinates": [77.70666666666666, 12.977619047619047]}, "properties": {"point_id": 1969, "row": 30, "col": 49, "demand_2027": 2196.1286095181586}}, {"type": "Feature", "geometry": {"type": "Point", "coordinates": [77.71190476190476, 12.977619047619047]}, "properties": {"point_id": 1970, "row": 30, "col": 50, "demand_2027": 1798.264192826755}}, {"type": "Feature", "geometry": {"type": "Point", "coordinates": [77.71714285714286, 12.977619047619047]}, "properties": {"point_id": 1971, "row": 30, "col": 51, "demand_2027": 1810.227180536882}}, {"type": "Feature", "geometry": {"type": "Point", "coordinates": [77.72238095238096, 12.977619047619047]}, "properties": {"point_id": 1972, "row": 30, "col": 52, "demand_2027": 1901.2230750550655}}, {"type": "Feature", "geometry": {"type": "Point", "coordinates": [77.72761904761904, 12.977619047619047]}, "properties": {"point_id": 1973, "row": 30, "col": 53, "demand_2027": 2341.2424868878925}}, {"type": "Feature", "geometry": {"type": "Point", "coordinates": [77.73285714285714, 12.977619047619047]}, "properties": {"point_id": 1974, "row": 30, "col": 54, "demand_2027": 1415.9811556016753}}, {"type": "Feature", "geometry": {"type": "Point", "coordinates": [77.73809523809524, 12.977619047619047]}, "properties": {"point_id": 1975, "row": 30, "col": 55, "demand_2027": 1872.6123534366743}}, {"type": "Feature", "geometry": {"type": "Point", "coordinates": [77.74333333333334, 12.977619047619047]}, "properties": {"point_id": 1976, "row": 30, "col": 56, "demand_2027": 1335.7137326248665}}, {"type": "Feature", "geometry": {"type": "Point", "coordinates": [77.74857142857142, 12.977619047619047]}, "properties": {"point_id": 1977, "row": 30, "col": 57, "demand_2027": 1649.2738015812984}}, {"type": "Feature", "geometry": {"type": "Point", "coordinates": [77.75380952380952, 12.977619047619047]}, "properties": {"point_id": 1978, "row": 30, "col": 58, "demand_2027": 1966.5627113487155}}, {"type": "Feature", "geometry": {"type": "Point", "coordinates": [77.75904761904762, 12.977619047619047]}, "properties": {"point_id": 1979, "row": 30, "col": 59, "demand_2027": 1589.0164876574313}}, {"type": "Feature", "geometry": {"type": "Point", "coordinates": [77.76428571428572, 12.977619047619047]}, "properties": {"point_id": 1980, "row": 30, "col": 60, "demand_2027": 1484.826714879929}}, {"type": "Feature", "geometry": {"type": "Point", "coordinates": [77.7695238095238, 12.977619047619047]}, "properties": {"point_id": 1981, "row": 30, "col": 61, "demand_2027": 1222.6741153745172}}, {"type": "Feature", "geometry": {"type": "Point", "coordinates": [77.7747619047619, 12.977619047619047]}, "properties": {"point_id": 1982, "row": 30, "col": 62, "demand_2027": 1261.7383610778172}}, {"type": "Feature", "geometry": {"type": "Point", "coordinates": [77.78, 12.977619047619047]}, "properties": {"point_id": 1983, "row": 30, "col": 63, "demand_2027": 1092.7656323121862}}, {"type": "Feature", "geometry": {"type": "Point", "coordinates": [77.45, 12.982539682539683]}, "properties": {"point_id": 1984, "row": 31, "col": 0, "demand_2027": 238.3845016977892}}, {"type": "Feature", "geometry": {"type": "Point", "coordinates": [77.4552380952381, 12.982539682539683]}, "properties": {"point_id": 1985, "row": 31, "col": 1, "demand_2027": 264.327730184041}}, {"type": "Feature", "geometry": {"type": "Point", "coordinates": [77.4604761904762, 12.982539682539683]}, "properties": {"point_id": 1986, "row": 31, "col": 2, "demand_2027": 300.4854662175816}}, {"type": "Feature", "geometry": {"type": "Point", "coordinates": [77.46571428571428, 12.982539682539683]}, "properties": {"point_id": 1987, "row": 31, "col": 3, "demand_2027": 253.87167870314477}}, {"type": "Feature", "geometry": {"type": "Point", "coordinates": [77.47095238095238, 12.982539682539683]}, "properties": {"point_id": 1988, "row": 31, "col": 4, "demand_2027": 286.49180489237665}}, {"type": "Feature", "geometry": {"type": "Point", "coordinates": [77.47619047619048, 12.982539682539683]}, "properties": {"point_id": 1989, "row": 31, "col": 5, "demand_2027": 262.7354834586382}}, {"type": "Feature", "geometry": {"type": "Point", "coordinates": [77.48142857142858, 12.982539682539683]}, "properties": {"point_id": 1990, "row": 31, "col": 6, "demand_2027": 379.22215784668566}}, {"type": "Feature", "geometry": {"type": "Point", "coordinates": [77.48666666666666, 12.982539682539683]}, "properties": {"point_id": 1991, "row": 31, "col": 7, "demand_2027": 408.1905856462138}}, {"type": "Feature", "geometry": {"type": "Point", "coordinates": [77.49190476190476, 12.982539682539683]}, "properties": {"point_id": 1992, "row": 31, "col": 8, "demand_2027": 388.7804516474635}}, {"type": "Feature", "geometry": {"type": "Point", "coordinates": [77.49714285714286, 12.982539682539683]}, "properties": {"point_id": 1993, "row": 31, "col": 9, "demand_2027": 455.9926063037399}}, {"type": "Feature", "geometry": {"type": "Point", "coordinates": [77.50238095238096, 12.982539682539683]}, "properties": {"point_id": 1994, "row": 31, "col": 10, "demand_2027": 428.7889191487544}}, {"type": "Feature", "geometry": {"type": "Point", "coordinates": [77.50761904761904, 12.982539682539683]}, "properties": {"point_id": 1995, "row": 31, "col": 11, "demand_2027": 468.5946575030743}}, {"type": "Feature", "geometry": {"type": "Point", "coordinates": [77.51285714285714, 12.982539682539683]}, "properties": {"point_id": 1996, "row": 31, "col": 12, "demand_2027": 495.52825416792433}}, {"type": "Feature", "geometry": {"type": "Point", "coordinates": [77.51809523809524, 12.982539682539683]}, "properties": {"point_id": 1997, "row": 31, "col": 13, "demand_2027": 517.7867977576087}}, {"type": "Feature", "geometry": {"type": "Point", "coordinates": [77.52333333333334, 12.982539682539683]}, "properties": {"point_id": 1998, "row": 31, "col": 14, "demand_2027": 481.0854627459221}}, {"type": "Feature", "geometry": {"type": "Point", "coordinates": [77.52857142857142, 12.982539682539683]}, "properties": {"point_id": 1999, "row": 31, "col": 15, "demand_2027": 804.1046156183507}}, {"type": "Feature", "geometry": {"type": "Point", "coordinates": [77.53380952380952, 12.982539682539683]}, "properties": {"point_id": 2000, "row": 31, "col": 16, "demand_2027": 608.9273366792305}}, {"type": "Feature", "geometry": {"type": "Point", "coordinates": [77.53904761904762, 12.982539682539683]}, "properties": {"point_id": 2001, "row": 31, "col": 17, "demand_2027": 616.6123024029093}}, {"type": "Feature", "geometry": {"type": "Point", "coordinates": [77.54428571428572, 12.982539682539683]}, "properties": {"point_id": 2002, "row": 31, "col": 18, "demand_2027": 864.2120606907398}}, {"type": "Feature", "geometry": {"type": "Point", "coordinates": [77.5495238095238, 12.982539682539683]}, "properties": {"point_id": 2003, "row": 31, "col": 19, "demand_2027": 869.9247842775678}}, {"type": "Feature", "geometry": {"type": "Point", "coordinates": [77.5547619047619, 12.982539682539683]}, "properties": {"point_id": 2004, "row": 31, "col": 20, "demand_2027": 702.7995483868352}}, {"type": "Feature", "geometry": {"type": "Point", "coordinates": [77.56, 12.982539682539683]}, "properties": {"point_id": 2005, "row": 31, "col": 21, "demand_2027": 1070.2485170411885}}, {"type": "Feature", "geometry": {"type": "Point", "coordinates": [77.5652380952381, 12.982539682539683]}, "properties": {"point_id": 2006, "row": 31, "col": 22, "demand_2027": 998.8310801518627}}, {"type": "Feature", "geometry": {"type": "Point", "coordinates": [77.5704761904762, 12.982539682539683]}, "properties": {"point_id": 2007, "row": 31, "col": 23, "demand_2027": 908.7373921468911}}, {"type": "Feature", "geometry": {"type": "Point", "coordinates": [77.57571428571428, 12.982539682539683]}, "properties": {"point_id": 2008, "row": 31, "col": 24, "demand_2027": 1316.3883945952}}, {"type": "Feature", "geometry": {"type": "Point", "coordinates": [77.58095238095238, 12.982539682539683]}, "properties": {"point_id": 2009, "row": 31, "col": 25, "demand_2027": 1263.2245247075878}}, {"type": "Feature", "geometry": {"type": "Point", "coordinates": [77.58619047619048, 12.982539682539683]}, "properties": {"point_id": 2010, "row": 31, "col": 26, "demand_2027": 944.5921765750621}}, {"type": "Feature", "geometry": {"type": "Point", "coordinates": [77.59142857142858, 12.982539682539683]}, "properties": {"point_id": 2011, "row": 31, "col": 27, "demand_2027": 1583.8530879033847}}, {"type": "Feature", "geometry": {"type": "Point", "coordinates": [77.59666666666666, 12.982539682539683]}, "properties": {"point_id": 2012, "row": 31, "col": 28, "demand_2027": 1380.509748483059}}, {"type": "Feature", "geometry": {"type": "Point", "coordinates": [77.60190476190476, 12.982539682539683]}, "properties": {"point_id": 2013, "row": 31, "col": 29, "demand_2027": 1351.2504202668943}}, {"type": "Feature", "geometry": {"type": "Point", "coordinates": [77.60714285714286, 12.982539682539683]}, "properties": {"point_id": 2014, "row": 31, "col": 30, "demand_2027": 1646.105325341304}}, {"type": "Feature", "geometry": {"type": "Point", "coordinates": [77.61238095238096, 12.982539682539683]}, "properties": {"point_id": 2015, "row": 31, "col": 31, "demand_2027": 1402.849556785981}}, {"type": "Feature", "geometry": {"type": "Point", "coordinates": [77.61761904761904, 12.982539682539683]}, "properties": {"point_id": 2016, "row": 31, "col": 32, "demand_2027": 1425.11789446237}}, {"type": "Feature", "geometry": {"type": "Point", "coordinates": [77.62285714285714, 12.982539682539683]}, "properties": {"point_id": 2017, "row": 31, "col": 33, "demand_2027": 1258.5054896897893}}, {"type": "Feature", "geometry": {"type": "Point", "coordinates": [77.62809523809524, 12.982539682539683]}, "properties": {"point_id": 2018, "row": 31, "col": 34, "demand_2027": 1560.0777148050954}}, {"type": "Feature", "geometry": {"type": "Point", "coordinates": [77.63333333333334, 12.982539682539683]}, "properties": {"point_id": 2019, "row": 31, "col": 35, "demand_2027": 1599.2758356025606}}, {"type": "Feature", "geometry": {"type": "Point", "coordinates": [77.63857142857142, 12.982539682539683]}, "properties": {"point_id": 2020, "row": 31, "col": 36, "demand_2027": 1468.2435293036228}}, {"type": "Feature", "geometry": {"type": "Point", "coordinates": [77.64380952380952, 12.982539682539683]}, "properties": {"point_id": 2021, "row": 31, "col": 37, "demand_2027": 1265.135404639127}}, {"type": "Feature", "geometry": {"type": "Point", "coordinates": [77.64904761904762, 12.982539682539683]}, "properties": {"point_id": 2022, "row": 31, "col": 38, "demand_2027": 1415.0015883458393}}, {"type": "Feature", "geometry": {"type": "Point", "coordinates": [77.65428571428572, 12.982539682539683]}, "properties": {"point_id": 2023, "row": 31, "col": 39, "demand_2027": 1540.656963554126}}, {"type": "Feature", "geometry": {"type": "Point", "coordinates": [77.6595238095238, 12.982539682539683]}, "properties": {"point_id": 2024, "row": 31, "col": 40, "demand_2027": 1294.666735958395}}, {"type": "Feature", "geometry": {"type": "Point", "coordinates": [77.6647619047619, 12.982539682539683]}, "properties": {"point_id": 2025, "row": 31, "col": 41, "demand_2027": 1301.0774613203407}}, {"type": "Feature", "geometry": {"type": "Point", "coordinates": [77.67, 12.982539682539683]}, "properties": {"point_id": 2026, "row": 31, "col": 42, "demand_2027": 1795.279290141411}}, {"type": "Feature", "geometry": {"type": "Point", "coordinates": [77.6752380952381, 12.982539682539683]}, "properties": {"point_id": 2027, "row": 31, "col": 43, "demand_2027": 1034.80955689979}}, {"type": "Feature", "geometry": {"type": "Point", "coordinates": [77.6804761904762, 12.982539682539683]}, "properties": {"point_id": 2028, "row": 31, "col": 44, "demand_2027": 1759.1628476314518}}, {"type": "Feature", "geometry": {"type": "Point", "coordinates": [77.68571428571428, 12.982539682539683]}, "properties": {"point_id": 2029, "row": 31, "col": 45, "demand_2027": 1518.0465364892152}}, {"type": "Feature", "geometry": {"type": "Point", "coordinates": [77.69095238095238, 12.982539682539683]}, "properties": {"point_id": 2030, "row": 31, "col": 46, "demand_2027": 2184.301834145175}}, {"type": "Feature", "geometry": {"type": "Point", "coordinates": [77.69619047619048, 12.982539682539683]}, "properties": {"point_id": 2031, "row": 31, "col": 47, "demand_2027": 1651.1651044781102}}, {"type": "Feature", "geometry": {"type": "Point", "coordinates": [77.70142857142858, 12.982539682539683]}, "properties": {"point_id": 2032, "row": 31, "col": 48, "demand_2027": 1997.0501826518691}}, {"type": "Feature", "geometry": {"type": "Point", "coordinates": [77.70666666666666, 12.982539682539683]}, "properties": {"point_id": 2033, "row": 31, "col": 49, "demand_2027": 1718.9210305221648}}, {"type": "Feature", "geometry": {"type": "Point", "coordinates": [77.71190476190476, 12.982539682539683]}, "properties": {"point_id": 2034, "row": 31, "col": 50, "demand_2027": 1873.2577651429071}}, {"type": "Feature", "geometry": {"type": "Point", "coordinates": [77.71714285714286, 12.982539682539683]}, "properties": {"point_id": 2035, "row": 31, "col": 51, "demand_2027": 2051.638028360718}}, {"type": "Feature", "geometry": {"type": "Point", "coordinates": [77.72238095238096, 12.982539682539683]}, "properties": {"point_id": 2036, "row": 31, "col": 52, "demand_2027": 1719.8465071444336}}, {"type": "Feature", "geometry": {"type": "Point", "coordinates": [77.72761904761904, 12.982539682539683]}, "properties": {"point_id": 2037, "row": 31, "col": 53, "demand_2027": 2033.3490904979308}}, {"type": "Feature", "geometry": {"type": "Point", "coordinates": [77.73285714285714, 12.982539682539683]}, "properties": {"point_id": 2038, "row": 31, "col": 54, "demand_2027": 1450.2243676132923}}, {"type": "Feature", "geometry": {"type": "Point", "coordinates": [77.73809523809524, 12.982539682539683]}, "properties": {"point_id": 2039, "row": 31, "col": 55, "demand_2027": 1717.870292585978}}, {"type": "Feature", "geometry": {"type": "Point", "coordinates": [77.74333333333334, 12.982539682539683]}, "properties": {"point_id": 2040, "row": 31, "col": 56, "demand_2027": 1807.7193564758572}}, {"type": "Feature", "geometry": {"type": "Point", "coordinates": [77.74857142857142, 12.982539682539683]}, "properties": {"point_id": 2041, "row": 31, "col": 57, "demand_2027": 1711.0218960301354}}, {"type": "Feature", "geometry": {"type": "Point", "coordinates": [77.75380952380952, 12.982539682539683]}, "properties": {"point_id": 2042, "row": 31, "col": 58, "demand_2027": 2018.897942520249}}, {"type": "Feature", "geometry": {"type": "Point", "coordinates": [77.75904761904762, 12.982539682539683]}, "properties": {"point_id": 2043, "row": 31, "col": 59, "demand_2027": 1314.7623317146392}}, {"type": "Feature", "geometry": {"type": "Point", "coordinates": [77.76428571428572, 12.982539682539683]}, "properties": {"point_id": 2044, "row": 31, "col": 60, "demand_2027": 1109.5613534672316}}, {"type": "Feature", "geometry": {"type": "Point", "coordinates": [77.7695238095238, 12.982539682539683]}, "properties": {"point_id": 2045, "row": 31, "col": 61, "demand_2027": 1044.4798307929377}}, {"type": "Feature", "geometry": {"type": "Point", "coordinates": [77.7747619047619, 12.982539682539683]}, "properties": {"point_id": 2046, "row": 31, "col": 62, "demand_2027": 1317.3826027971581}}, {"type": "Feature", "geometry": {"type": "Point", "coordinates": [77.78, 12.982539682539683]}, "properties": {"point_id": 2047, "row": 31, "col": 63, "demand_2027": 1173.3454798853295}}, {"type": "Feature", "geometry": {"type": "Point", "coordinates": [77.45, 12.987460317460318]}, "properties": {"point_id": 2048, "row": 32, "col": 0, "demand_2027": 275.7636409838509}}, {"type": "Feature", "geometry": {"type": "Point", "coordinates": [77.4552380952381, 12.987460317460318]}, "properties": {"point_id": 2049, "row": 32, "col": 1, "demand_2027": 229.49421682123983}}, {"type": "Feature", "geometry": {"type": "Point", "coordinates": [77.4604761904762, 12.987460317460318]}, "properties": {"point_id": 2050, "row": 32, "col": 2, "demand_2027": 337.24392212464045}}, {"type": "Feature", "geometry": {"type": "Point", "coordinates": [77.46571428571428, 12.987460317460318]}, "properties": {"point_id": 2051, "row": 32, "col": 3, "demand_2027": 226.17930058226844}}, {"type": "Feature", "geometry": {"type": "Point", "coordinates": [77.47095238095238, 12.987460317460318]}, "properties": {"point_id": 2052, "row": 32, "col": 4, "demand_2027": 358.1230520630399}}, {"type": "Feature", "geometry": {"type": "Point", "coordinates": [77.47619047619048, 12.987460317460318]}, "properties": {"point_id": 2053, "row": 32, "col": 5, "demand_2027": 477.40993381241447}}, {"type": "Feature", "geometry": {"type": "Point", "coordinates": [77.48142857142858, 12.987460317460318]}, "properties": {"point_id": 2054, "row": 32, "col": 6, "demand_2027": 352.93541272771273}}, {"type": "Feature", "geometry": {"type": "Point", "coordinates": [77.48666666666666, 12.987460317460318]}, "properties": {"point_id": 2055, "row": 32, "col": 7, "demand_2027": 366.31170450517476}}, {"type": "Feature", "geometry": {"type": "Point", "coordinates": [77.49190476190476, 12.987460317460318]}, "properties": {"point_id": 2056, "row": 32, "col": 8, "demand_2027": 351.0217334907543}}, {"type": "Feature", "geometry": {"type": "Point", "coordinates": [77.49714285714286, 12.987460317460318]}, "properties": {"point_id": 2057, "row": 32, "col": 9, "demand_2027": 277.5732539493476}}, {"type": "Feature", "geometry": {"type": "Point", "coordinates": [77.50238095238096, 12.987460317460318]}, "properties": {"point_id": 2058, "row": 32, "col": 10, "demand_2027": 383.1094027470822}}, {"type": "Feature", "geometry": {"type": "Point", "coordinates": [77.50761904761904, 12.987460317460318]}, "properties": {"point_id": 2059, "row": 32, "col": 11, "demand_2027": 356.6320711181898}}, {"type": "Feature", "geometry": {"type": "Point", "coordinates": [77.51285714285714, 12.987460317460318]}, "properties": {"point_id": 2060, "row": 32, "col": 12, "demand_2027": 351.5867590863681}}, {"type": "Feature", "geometry": {"type": "Point", "coordinates": [77.51809523809524, 12.987460317460318]}, "properties": {"point_id": 2061, "row": 32, "col": 13, "demand_2027": 632.0252589204867}}, {"type": "Feature", "geometry": {"type": "Point", "coordinates": [77.52333333333334, 12.987460317460318]}, "properties": {"point_id": 2062, "row": 32, "col": 14, "demand_2027": 580.2421957505694}}, {"type": "Feature", "geometry": {"type": "Point", "coordinates": [77.52857142857142, 12.987460317460318]}, "properties": {"point_id": 2063, "row": 32, "col": 15, "demand_2027": 644.8202424043812}}, {"type": "Feature", "geometry": {"type": "Point", "coordinates": [77.53380952380952, 12.987460317460318]}, "properties": {"point_id": 2064, "row": 32, "col": 16, "demand_2027": 645.5609894521926}}, {"type": "Feature", "geometry": {"type": "Point", "coordinates": [77.53904761904762, 12.987460317460318]}, "properties": {"point_id": 2065, "row": 32, "col": 17, "demand_2027": 678.8477638055671}}, {"type": "Feature", "geometry": {"type": "Point", "coordinates": [77.54428571428572, 12.987460317460318]}, "properties": {"point_id": 2066, "row": 32, "col": 18, "demand_2027": 826.2048770011774}}, {"type": "Feature", "geometry": {"type": "Point", "coordinates": [77.5495238095238, 12.987460317460318]}, "properties": {"point_id": 2067, "row": 32, "col": 19, "demand_2027": 823.2061423626616}}, {"type": "Feature", "geometry": {"type": "Point", "coordinates": [77.5547619047619, 12.987460317460318]}, "properties": {"point_id": 2068, "row": 32, "col": 20, "demand_2027": 961.5062634089486}}, {"type": "Feature", "geometry": {"type": "Point", "coordinates": [77.56, 12.987460317460318]}, "properties": {"point_id": 2069, "row": 32, "col": 21, "demand_2027": 908.0714451509645}}, {"type": "Feature", "geometry": {"type": "Point", "coordinates": [77.5652380952381, 12.987460317460318]}, "properties": {"point_id": 2070, "row": 32, "col": 22, "demand_2027": 919.2687844219349}}, {"type": "Feature", "geometry": {"type": "Point", "coordinates": [77.5704761904762, 12.987460317460318]}, "properties": {"point_id": 2071, "row": 32, "col": 23, "demand_2027": 781.6774334853287}}, {"type": "Feature", "geometry": {"type": "Point", "coordinates": [77.57571428571428, 12.987460317460318]}, "properties": {"point_id": 2072, "row": 32, "col": 24, "demand_2027": 744.7659387957141}}, {"type": "Feature", "geometry": {"type": "Point", "coordinates": [77.58095238095238, 12.987460317460318]}, "properties": {"point_id": 2073, "row": 32, "col": 25, "demand_2027": 1171.9661756455653}}, {"type": "Feature", "geometry": {"type": "Point", "coordinates": [77.58619047619048, 12.987460317460318]}, "properties": {"point_id": 2074, "row": 32, "col": 26, "demand_2027": 1216.2175767322751}}, {"type": "Feature", "geometry": {"type": "Point", "coordinates": [77.59142857142858, 12.987460317460318]}, "properties": {"point_id": 2075, "row": 32, "col": 27, "demand_2027": 929.2682625776707}}, {"type": "Feature", "geometry": {"type": "Point", "coordinates": [77.59666666666666, 12.987460317460318]}, "properties": {"point_id": 2076, "row": 32, "col": 28, "demand_2027": 1201.2960774622152}}, {"type": "Feature", "geometry": {"type": "Point", "coordinates": [77.60190476190476, 12.987460317460318]}, "properties": {"point_id": 2077, "row": 32, "col": 29, "demand_2027": 1282.6968711675802}}, {"type": "Feature", "geometry": {"type": "Point", "coordinates": [77.60714285714286, 12.987460317460318]}, "properties": {"point_id": 2078, "row": 32, "col": 30, "demand_2027": 885.1419432692094}}, {"type": "Feature", "geometry": {"type": "Point", "coordinates": [77.61238095238096, 12.987460317460318]}, "properties": {"point_id": 2079, "row": 32, "col": 31, "demand_2027": 1200.6215379915013}}, {"type": "Feature", "geometry": {"type": "Point", "coordinates": [77.61761904761904, 12.987460317460318]}, "properties": {"point_id": 2080, "row": 32, "col": 32, "demand_2027": 1448.1840255457246}}, {"type": "Feature", "geometry": {"type": "Point", "coordinates": [77.62285714285714, 12.987460317460318]}, "properties": {"point_id": 2081, "row": 32, "col": 33, "demand_2027": 1508.3409962137275}}, {"type": "Feature", "geometry": {"type": "Point", "coordinates": [77.62809523809524, 12.987460317460318]}, "properties": {"point_id": 2082, "row": 32, "col": 34, "demand_2027": 1119.4491058120204}}, {"type": "Feature", "geometry": {"type": "Point", "coordinates": [77.63333333333334, 12.987460317460318]}, "properties": {"point_id": 2083, "row": 32, "col": 35, "demand_2027": 1435.3966078899025}}, {"type": "Feature", "geometry": {"type": "Point", "coordinates": [77.63857142857142, 12.987460317460318]}, "properties": {"point_id": 2084, "row": 32, "col": 36, "demand_2027": 1600.9490811817614}}, {"type": "Feature", "geometry": {"type": "Point", "coordinates": [77.64380952380952, 12.987460317460318]}, "properties": {"point_id": 2085, "row": 32, "col": 37, "demand_2027": 1603.911078428817}}, {"type": "Feature", "geometry": {"type": "Point", "coordinates": [77.64904761904762, 12.987460317460318]}, "properties": {"point_id": 2086, "row": 32, "col": 38, "demand_2027": 1384.0803122338727}}, {"type": "Feature", "geometry": {"type": "Point", "coordinates": [77.65428571428572, 12.987460317460318]}, "properties": {"point_id": 2087, "row": 32, "col": 39, "demand_2027": 1415.9769034115427}}, {"type": "Feature", "geometry": {"type": "Point", "coordinates": [77.6595238095238, 12.987460317460318]}, "properties": {"point_id": 2088, "row": 32, "col": 40, "demand_2027": 1361.0886767593404}}, {"type": "Feature", "geometry": {"type": "Point", "coordinates": [77.6647619047619, 12.987460317460318]}, "properties": {"point_id": 2089, "row": 32, "col": 41, "demand_2027": 1618.6166613370533}}, {"type": "Feature", "geometry": {"type": "Point", "coordinates": [77.67, 12.987460317460318]}, "properties": {"point_id": 2090, "row": 32, "col": 42, "demand_2027": 1579.2983937919846}}, {"type": "Feature", "geometry": {"type": "Point", "coordinates": [77.6752380952381, 12.987460317460318]}, "properties": {"point_id": 2091, "row": 32, "col": 43, "demand_2027": 1808.0183572946623}}, {"type": "Feature", "geometry": {"type": "Point", "coordinates": [77.6804761904762, 12.987460317460318]}, "properties": {"point_id": 2092, "row": 32, "col": 44, "demand_2027": 1687.8574384885842}}, {"type": "Feature", "geometry": {"type": "Point", "coordinates": [77.68571428571428, 12.987460317460318]}, "properties": {"point_id": 2093, "row": 32, "col": 45, "demand_2027": 1827.7102104463459}}, {"type": "Feature", "geometry": {"type": "Point", "coordinates": [77.69095238095238, 12.987460317460318]}, "properties": {"point_id": 2094, "row": 32, "col": 46, "demand_2027": 1692.354050825478}}, {"type": "Feature", "geometry": {"type": "Point", "coordinates": [77.69619047619048, 12.987460317460318]}, "properties": {"point_id": 2095, "row": 32, "col": 47, "demand_2027": 1985.5342616618937}}, {"type": "Feature", "geometry": {"type": "Point", "coordinates": [77.70142857142858, 12.987460317460318]}, "properties": {"point_id": 2096, "row": 32, "col": 48, "demand_2027": 1941.474508708146}}, {"type": "Feature", "geometry": {"type": "Point", "coordinates": [77.70666666666666, 12.987460317460318]}, "properties": {"point_id": 2097, "row": 32, "col": 49, "demand_2027": 1470.5167186889637}}, {"type": "Feature", "geometry": {"type": "Point", "coordinates": [77.71190476190476, 12.987460317460318]}, "properties": {"point_id": 2098, "row": 32, "col": 50, "demand_2027": 1238.174709120542}}, {"type": "Feature", "geometry": {"type": "Point", "coordinates": [77.71714285714286, 12.987460317460318]}, "properties": {"point_id": 2099, "row": 32, "col": 51, "demand_2027": 2093.5495968556756}}, {"type": "Feature", "geometry": {"type": "Point", "coordinates": [77.72238095238096, 12.987460317460318]}, "properties": {"point_id": 2100, "row": 32, "col": 52, "demand_2027": 1874.6793654936278}}, {"type": "Feature", "geometry": {"type": "Point", "coordinates": [77.72761904761904, 12.987460317460318]}, "properties": {"point_id": 2101, "row": 32, "col": 53, "demand_2027": 1223.2978573763567}}, {"type": "Feature", "geometry": {"type": "Point", "coordinates": [77.73285714285714, 12.987460317460318]}, "properties": {"point_id": 2102, "row": 32, "col": 54, "demand_2027": 1417.0383835294806}}, {"type": "Feature", "geometry": {"type": "Point", "coordinates": [77.73809523809524, 12.987460317460318]}, "properties": {"point_id": 2103, "row": 32, "col": 55, "demand_2027": 1741.2038901129738}}, {"type": "Feature", "geometry": {"type": "Point", "coordinates": [77.74333333333334, 12.987460317460318]}, "properties": {"point_id": 2104, "row": 32, "col": 56, "demand_2027": 1470.8139822924802}}, {"type": "Feature", "geometry": {"type": "Point", "coordinates": [77.74857142857142, 12.987460317460318]}, "properties": {"point_id": 2105, "row": 32, "col": 57, "demand_2027": 1424.437152332067}}, {"type": "Feature", "geometry": {"type": "Point", "coordinates": [77.75380952380952, 12.987460317460318]}, "properties": {"point_id": 2106, "row": 32, "col": 58, "demand_2027": 1723.7595307326344}}, {"type": "Feature", "geometry": {"type": "Point", "coordinates": [77.75904761904762, 12.987460317460318]}, "properties": {"point_id": 2107, "row": 32, "col": 59, "demand_2027": 1142.1325781849841}}, {"type": "Feature", "geometry": {"type": "Point", "coordinates": [77.76428571428572, 12.987460317460318]}, "properties": {"point_id": 2108, "row": 32, "col": 60, "demand_2027": 1120.487885728344}}, {"type": "Feature", "geometry": {"type": "Point", "coordinates": [77.7695238095238, 12.987460317460318]}, "properties": {"point_id": 2109, "row": 32, "col": 61, "demand_2027": 1237.6302537407485}}, {"type": "Feature", "geometry": {"type": "Point", "coordinates": [77.7747619047619, 12.987460317460318]}, "properties": {"point_id": 2110, "row": 32, "col": 62, "demand_2027": 1183.5323187472095}}, {"type": "Feature", "geometry": {"type": "Point", "coordinates": [77.78, 12.987460317460318]}, "properties": {"point_id": 2111, "row": 32, "col": 63, "demand_2027": 1121.60187479982}}, {"type": "Feature", "geometry": {"type": "Point", "coordinates": [77.45, 12.992380952380953]}, "properties": {"point_id": 2112, "row": 33, "col": 0, "demand_2027": 297.9712316860154}}, {"type": "Feature", "geometry": {"type": "Point", "coordinates": [77.4552380952381, 12.992380952380953]}, "properties": {"point_id": 2113, "row": 33, "col": 1, "demand_2027": 261.599598805405}}, {"type": "Feature", "geometry": {"type": "Point", "coordinates": [77.4604761904762, 12.992380952380953]}, "properties": {"point_id": 2114, "row": 33, "col": 2, "demand_2027": 302.2804208047615}}, {"type": "Feature", "geometry": {"type": "Point", "coordinates": [77.46571428571428, 12.992380952380953]}, "properties": {"point_id": 2115, "row": 33, "col": 3, "demand_2027": 280.7126299025416}}, {"type": "Feature", "geometry": {"type": "Point", "coordinates": [77.47095238095238, 12.992380952380953]}, "properties": {"point_id": 2116, "row": 33, "col": 4, "demand_2027": 267.36938378516254}}, {"type": "Feature", "geometry": {"type": "Point", "coordinates": [77.47619047619048, 12.992380952380953]}, "properties": {"point_id": 2117, "row": 33, "col": 5, "demand_2027": 306.11645093810256}}, {"type": "Feature", "geometry": {"type": "Point", "coordinates": [77.48142857142858, 12.992380952380953]}, "properties": {"point_id": 2118, "row": 33, "col": 6, "demand_2027": 344.6773463178087}}, {"type": "Feature", "geometry": {"type": "Point", "coordinates": [77.48666666666666, 12.992380952380953]}, "properties": {"point_id": 2119, "row": 33, "col": 7, "demand_2027": 376.6398278448024}}, {"type": "Feature", "geometry": {"type": "Point", "coordinates": [77.49190476190476, 12.992380952380953]}, "properties": {"point_id": 2120, "row": 33, "col": 8, "demand_2027": 393.3800815110292}}, {"type": "Feature", "geometry": {"type": "Point", "coordinates": [77.49714285714286, 12.992380952380953]}, "properties": {"point_id": 2121, "row": 33, "col": 9, "demand_2027": 398.2345075925007}}, {"type": "Feature", "geometry": {"type": "Point", "coordinates": [77.50238095238096, 12.992380952380953]}, "properties": {"point_id": 2122, "row": 33, "col": 10, "demand_2027": 360.61777659682605}}, {"type": "Feature", "geometry": {"type": "Point", "coordinates": [77.50761904761904, 12.992380952380953]}, "properties": {"point_id": 2123, "row": 33, "col": 11, "demand_2027": 457.2645916366501}}, {"type": "Feature", "geometry": {"type": "Point", "coordinates": [77.51285714285714, 12.992380952380953]}, "properties": {"point_id": 2124, "row": 33, "col": 12, "demand_2027": 486.3111745327261}}, {"type": "Feature", "geometry": {"type": "Point", "coordinates": [77.51809523809524, 12.992380952380953]}, "properties": {"point_id": 2125, "row": 33, "col": 13, "demand_2027": 503.46040404451105}}, {"type": "Feature", "geometry": {"type": "Point", "coordinates": [77.52333333333334, 12.992380952380953]}, "properties": {"point_id": 2126, "row": 33, "col": 14, "demand_2027": 731.2510709410836}}, {"type": "Feature", "geometry": {"type": "Point", "coordinates": [77.52857142857142, 12.992380952380953]}, "properties": {"point_id": 2127, "row": 33, "col": 15, "demand_2027": 559.6935368103765}}, {"type": "Feature", "geometry": {"type": "Point", "coordinates": [77.53380952380952, 12.992380952380953]}, "properties": {"point_id": 2128, "row": 33, "col": 16, "demand_2027": 734.1505578090193}}, {"type": "Feature", "geometry": {"type": "Point", "coordinates": [77.53904761904762, 12.992380952380953]}, "properties": {"point_id": 2129, "row": 33, "col": 17, "demand_2027": 764.283405278955}}, {"type": "Feature", "geometry": {"type": "Point", "coordinates": [77.54428571428572, 12.992380952380953]}, "properties": {"point_id": 2130, "row": 33, "col": 18, "demand_2027": 770.0331529796899}}, {"type": "Feature", "geometry": {"type": "Point", "coordinates": [77.5495238095238, 12.992380952380953]}, "properties": {"point_id": 2131, "row": 33, "col": 19, "demand_2027": 1106.8989525314364}}, {"type": "Feature", "geometry": {"type": "Point", "coordinates": [77.5547619047619, 12.992380952380953]}, "properties": {"point_id": 2132, "row": 33, "col": 20, "demand_2027": 859.7893649984782}}, {"type": "Feature", "geometry": {"type": "Point", "coordinates": [77.56, 12.992380952380953]}, "properties": {"point_id": 2133, "row": 33, "col": 21, "demand_2027": 973.7810915452907}}, {"type": "Feature", "geometry": {"type": "Point", "coordinates": [77.5652380952381, 12.992380952380953]}, "properties": {"point_id": 2134, "row": 33, "col": 22, "demand_2027": 888.0427698882983}}, {"type": "Feature", "geometry": {"type": "Point", "coordinates": [77.5704761904762, 12.992380952380953]}, "properties": {"point_id": 2135, "row": 33, "col": 23, "demand_2027": 1045.083126369145}}, {"type": "Feature", "geometry": {"type": "Point", "coordinates": [77.57571428571428, 12.992380952380953]}, "properties": {"point_id": 2136, "row": 33, "col": 24, "demand_2027": 1153.932133943872}}, {"type": "Feature", "geometry": {"type": "Point", "coordinates": [77.58095238095238, 12.992380952380953]}, "properties": {"point_id": 2137, "row": 33, "col": 25, "demand_2027": 1369.402455469906}}, {"type": "Feature", "geometry": {"type": "Point", "coordinates": [77.58619047619048, 12.992380952380953]}, "properties": {"point_id": 2138, "row": 33, "col": 26, "demand_2027": 1279.5626753141144}}, {"type": "Feature", "geometry": {"type": "Point", "coordinates": [77.59142857142858, 12.992380952380953]}, "properties": {"point_id": 2139, "row": 33, "col": 27, "demand_2027": 1454.4255749571578}}, {"type": "Feature", "geometry": {"type": "Point", "coordinates": [77.59666666666666, 12.992380952380953]}, "properties": {"point_id": 2140, "row": 33, "col": 28, "demand_2027": 1206.1661711025374}}, {"type": "Feature", "geometry": {"type": "Point", "coordinates": [77.60190476190476, 12.992380952380953]}, "properties": {"point_id": 2141, "row": 33, "col": 29, "demand_2027": 1239.3779912909188}}, {"type": "Feature", "geometry": {"type": "Point", "coordinates": [77.60714285714286, 12.992380952380953]}, "properties": {"point_id": 2142, "row": 33, "col": 30, "demand_2027": 1879.1605921816893}}, {"type": "Feature", "geometry": {"type": "Point", "coordinates": [77.61238095238096, 12.992380952380953]}, "properties": {"point_id": 2143, "row": 33, "col": 31, "demand_2027": 1357.756270087855}}, {"type": "Feature", "geometry": {"type": "Point", "coordinates": [77.61761904761904, 12.992380952380953]}, "properties": {"point_id": 2144, "row": 33, "col": 32, "demand_2027": 1159.9982941481308}}, {"type": "Feature", "geometry": {"type": "Point", "coordinates": [77.62285714285714, 12.992380952380953]}, "properties": {"point_id": 2145, "row": 33, "col": 33, "demand_2027": 1264.9577690567091}}, {"type": "Feature", "geometry": {"type": "Point", "coordinates": [77.62809523809524, 12.992380952380953]}, "properties": {"point_id": 2146, "row": 33, "col": 34, "demand_2027": 1174.6027862481883}}, {"type": "Feature", "geometry": {"type": "Point", "coordinates": [77.63333333333334, 12.992380952380953]}, "properties": {"point_id": 2147, "row": 33, "col": 35, "demand_2027": 1608.7528567957715}}, {"type": "Feature", "geometry": {"type": "Point", "coordinates": [77.63857142857142, 12.992380952380953]}, "properties": {"point_id": 2148, "row": 33, "col": 36, "demand_2027": 1325.951704554752}}, {"type": "Feature", "geometry": {"type": "Point", "coordinates": [77.64380952380952, 12.992380952380953]}, "properties": {"point_id": 2149, "row": 33, "col": 37, "demand_2027": 1391.4514094952096}}, {"type": "Feature", "geometry": {"type": "Point", "coordinates": [77.64904761904762, 12.992380952380953]}, "properties": {"point_id": 2150, "row": 33, "col": 38, "demand_2027": 1355.7167080569684}}, {"type": "Feature", "geometry": {"type": "Point", "coordinates": [77.65428571428572, 12.992380952380953]}, "properties": {"point_id": 2151, "row": 33, "col": 39, "demand_2027": 1518.4972305709937}}, {"type": "Feature", "geometry": {"type": "Point", "coordinates": [77.6595238095238, 12.992380952380953]}, "properties": {"point_id": 2152, "row": 33, "col": 40, "demand_2027": 1262.0187123686358}}, {"type": "Feature", "geometry": {"type": "Point", "coordinates": [77.6647619047619, 12.992380952380953]}, "properties": {"point_id": 2153, "row": 33, "col": 41, "demand_2027": 1162.1449572525064}}, {"type": "Feature", "geometry": {"type": "Point", "coordinates": [77.67, 12.992380952380953]}, "properties": {"point_id": 2154, "row": 33, "col": 42, "demand_2027": 1490.1893878411483}}, {"type": "Feature", "geometry": {"type": "Point", "coordinates": [77.6752380952381, 12.992380952380953]}, "properties": {"point_id": 2155, "row": 33, "col": 43, "demand_2027": 1635.1828071249147}}, {"type": "Feature", "geometry": {"type": "Point", "coordinates": [77.6804761904762, 12.992380952380953]}, "properties": {"point_id": 2156, "row": 33, "col": 44, "demand_2027": 1659.301673148615}}, {"type": "Feature", "geometry": {"type": "Point", "coordinates": [77.68571428571428, 12.992380952380953]}, "properties": {"point_id": 2157, "row": 33, "col": 45, "demand_2027": 1310.8275601522491}}, {"type": "Feature", "geometry": {"type": "Point", "coordinates": [77.69095238095238, 12.992380952380953]}, "properties": {"point_id": 2158, "row": 33, "col": 46, "demand_2027": 1712.1845204907092}}, {"type": "Feature", "geometry": {"type": "Point", "coordinates": [77.69619047619048, 12.992380952380953]}, "properties": {"point_id": 2159, "row": 33, "col": 47, "demand_2027": 1442.1177272577322}}, {"type": "Feature", "geometry": {"type": "Point", "coordinates": [77.70142857142858, 12.992380952380953]}, "properties": {"point_id": 2160, "row": 33, "col": 48, "demand_2027": 1443.561734985869}}, {"type": "Feature", "geometry": {"type": "Point", "coordinates": [77.70666666666666, 12.992380952380953]}, "properties": {"point_id": 2161, "row": 33, "col": 49, "demand_2027": 1314.6103585378373}}, {"type": "Feature", "geometry": {"type": "Point", "coordinates": [77.71190476190476, 12.992380952380953]}, "properties": {"point_id": 2162, "row": 33, "col": 50, "demand_2027": 1998.0882604177843}}, {"type": "Feature", "geometry": {"type": "Point", "coordinates": [77.71714285714286, 12.992380952380953]}, "properties": {"point_id": 2163, "row": 33, "col": 51, "demand_2027": 1749.2995125630162}}, {"type": "Feature", "geometry": {"type": "Point", "coordinates": [77.72238095238096, 12.992380952380953]}, "properties": {"point_id": 2164, "row": 33, "col": 52, "demand_2027": 1759.1197629817732}}, {"type": "Feature", "geometry": {"type": "Point", "coordinates": [77.72761904761904, 12.992380952380953]}, "properties": {"point_id": 2165, "row": 33, "col": 53, "demand_2027": 1911.7220068800214}}, {"type": "Feature", "geometry": {"type": "Point", "coordinates": [77.73285714285714, 12.992380952380953]}, "properties": {"point_id": 2166, "row": 33, "col": 54, "demand_2027": 2369.0424299728224}}, {"type": "Feature", "geometry": {"type": "Point", "coordinates": [77.73809523809524, 12.992380952380953]}, "properties": {"point_id": 2167, "row": 33, "col": 55, "demand_2027": 1077.9046205564384}}, {"type": "Feature", "geometry": {"type": "Point", "coordinates": [77.74333333333334, 12.992380952380953]}, "properties": {"point_id": 2168, "row": 33, "col": 56, "demand_2027": 1375.3250748417893}}, {"type": "Feature", "geometry": {"type": "Point", "coordinates": [77.74857142857142, 12.992380952380953]}, "properties": {"point_id": 2169, "row": 33, "col": 57, "demand_2027": 1294.640627538109}}, {"type": "Feature", "geometry": {"type": "Point", "coordinates": [77.75380952380952, 12.992380952380953]}, "properties": {"point_id": 2170, "row": 33, "col": 58, "demand_2027": 1190.2856976326366}}, {"type": "Feature", "geometry": {"type": "Point", "coordinates": [77.75904761904762, 12.992380952380953]}, "properties": {"point_id": 2171, "row": 33, "col": 59, "demand_2027": 1155.1197858007454}}, {"type": "Feature", "geometry": {"type": "Point", "coordinates": [77.76428571428572, 12.992380952380953]}, "properties": {"point_id": 2172, "row": 33, "col": 60, "demand_2027": 1208.5821856589355}}, {"type": "Feature", "geometry": {"type": "Point", "coordinates": [77.7695238095238, 12.992380952380953]}, "properties": {"point_id": 2173, "row": 33, "col": 61, "demand_2027": 893.8074320107934}}, {"type": "Feature", "geometry": {"type": "Point", "coordinates": [77.7747619047619, 12.992380952380953]}, "properties": {"point_id": 2174, "row": 33, "col": 62, "demand_2027": 1123.3639019064503}}, {"type": "Feature", "geometry": {"type": "Point", "coordinates": [77.78, 12.992380952380953]}, "properties": {"point_id": 2175, "row": 33, "col": 63, "demand_2027": 1015.2609031854827}}, {"type": "Feature", "geometry": {"type": "Point", "coordinates": [77.45, 12.997301587301587]}, "properties": {"point_id": 2176, "row": 34, "col": 0, "demand_2027": 278.6874229883459}}, {"type": "Feature", "geometry": {"type": "Point", "coordinates": [77.4552380952381, 12.997301587301587]}, "properties": {"point_id": 2177, "row": 34, "col": 1, "demand_2027": 298.8709215449913}}, {"type": "Feature", "geometry": {"type": "Point", "coordinates": [77.4604761904762, 12.997301587301587]}, "properties": {"point_id": 2178, "row": 34, "col": 2, "demand_2027": 283.77947094083396}}, {"type": "Feature", "geometry": {"type": "Point", "coordinates": [77.46571428571428, 12.997301587301587]}, "properties": {"point_id": 2179, "row": 34, "col": 3, "demand_2027": 255.87626695606517}}, {"type": "Feature", "geometry": {"type": "Point", "coordinates": [77.47095238095238, 12.997301587301587]}, "properties": {"point_id": 2180, "row": 34, "col": 4, "demand_2027": 398.18820833322945}}, {"type": "Feature", "geometry": {"type": "Point", "coordinates": [77.47619047619048, 12.997301587301587]}, "properties": {"point_id": 2181, "row": 34, "col": 5, "demand_2027": 321.32022431240324}}, {"type": "Feature", "geometry": {"type": "Point", "coordinates": [77.48142857142858, 12.997301587301587]}, "properties": {"point_id": 2182, "row": 34, "col": 6, "demand_2027": 237.29372679501063}}, {"type": "Feature", "geometry": {"type": "Point", "coordinates": [77.48666666666666, 12.997301587301587]}, "properties": {"point_id": 2183, "row": 34, "col": 7, "demand_2027": 251.56178549268003}}, {"type": "Feature", "geometry": {"type": "Point", "coordinates": [77.49190476190476, 12.997301587301587]}, "properties": {"point_id": 2184, "row": 34, "col": 8, "demand_2027": 269.52734240930783}}, {"type": "Feature", "geometry": {"type": "Point", "coordinates": [77.49714285714286, 12.997301587301587]}, "properties": {"point_id": 2185, "row": 34, "col": 9, "demand_2027": 371.0770489945471}}, {"type": "Feature", "geometry": {"type": "Point", "coordinates": [77.50238095238096, 12.997301587301587]}, "properties": {"point_id": 2186, "row": 34, "col": 10, "demand_2027": 401.5076780832724}}, {"type": "Feature", "geometry": {"type": "Point", "coordinates": [77.50761904761904, 12.997301587301587]}, "properties": {"point_id": 2187, "row": 34, "col": 11, "demand_2027": 408.595066379347}}, {"type": "Feature", "geometry": {"type": "Point", "coordinates": [77.51285714285714, 12.997301587301587]}, "properties": {"point_id": 2188, "row": 34, "col": 12, "demand_2027": 590.8485772224357}}, {"type": "Feature", "geometry": {"type": "Point", "coordinates": [77.51809523809524, 12.997301587301587]}, "properties": {"point_id": 2189, "row": 34, "col": 13, "demand_2027": 526.6138455744608}}, {"type": "Feature", "geometry": {"type": "Point", "coordinates": [77.52333333333334, 12.997301587301587]}, "properties": {"point_id": 2190, "row": 34, "col": 14, "demand_2027": 609.2419366928875}}, {"type": "Feature", "geometry": {"type": "Point", "coordinates": [77.52857142857142, 12.997301587301587]}, "properties": {"point_id": 2191, "row": 34, "col": 15, "demand_2027": 507.18797745697685}}, {"type": "Feature", "geometry": {"type": "Point", "coordinates": [77.53380952380952, 12.997301587301587]}, "properties": {"point_id": 2192, "row": 34, "col": 16, "demand_2027": 533.9736180785081}}, {"type": "Feature", "geometry": {"type": "Point", "coordinates": [77.53904761904762, 12.997301587301587]}, "properties": {"point_id": 2193, "row": 34, "col": 17, "demand_2027": 715.4298108316767}}, {"type": "Feature", "geometry": {"type": "Point", "coordinates": [77.54428571428572, 12.997301587301587]}, "properties": {"point_id": 2194, "row": 34, "col": 18, "demand_2027": 713.7483846080211}}, {"type": "Feature", "geometry": {"type": "Point", "coordinates": [77.5495238095238, 12.997301587301587]}, "properties": {"point_id": 2195, "row": 34, "col": 19, "demand_2027": 599.4612968811193}}, {"type": "Feature", "geometry": {"type": "Point", "coordinates": [77.5547619047619, 12.997301587301587]}, "properties": {"point_id": 2196, "row": 34, "col": 20, "demand_2027": 880.6699109092542}}, {"type": "Feature", "geometry": {"type": "Point", "coordinates": [77.56, 12.997301587301587]}, "properties": {"point_id": 2197, "row": 34, "col": 21, "demand_2027": 971.2661969747238}}, {"type": "Feature", "geometry": {"type": "Point", "coordinates": [77.5652380952381, 12.997301587301587]}, "properties": {"point_id": 2198, "row": 34, "col": 22, "demand_2027": 963.2178856613052}}, {"type": "Feature", "geometry": {"type": "Point", "coordinates": [77.5704761904762, 12.997301587301587]}, "properties": {"point_id": 2199, "row": 34, "col": 23, "demand_2027": 914.4800041426679}}, {"type": "Feature", "geometry": {"type": "Point", "coordinates": [77.57571428571428, 12.997301587301587]}, "properties": {"point_id": 2200, "row": 34, "col": 24, "demand_2027": 1011.7470300226495}}, {"type": "Feature", "geometry": {"type": "Point", "coordinates": [77.58095238095238, 12.997301587301587]}, "properties": {"point_id": 2201, "row": 34, "col": 25, "demand_2027": 1186.7760065105304}}, {"type": "Feature", "geometry": {"type": "Point", "coordinates": [77.58619047619048, 12.997301587301587]}, "properties": {"point_id": 2202, "row": 34, "col": 26, "demand_2027": 1242.1862210371823}}, {"type": "Feature", "geometry": {"type": "Point", "coordinates": [77.59142857142858, 12.997301587301587]}, "properties": {"point_id": 2203, "row": 34, "col": 27, "demand_2027": 1371.94996688859}}, {"type": "Feature", "geometry": {"type": "Point", "coordinates": [77.59666666666666, 12.997301587301587]}, "properties": {"point_id": 2204, "row": 34, "col": 28, "demand_2027": 1480.735003942176}}, {"type": "Feature", "geometry": {"type": "Point", "coordinates": [77.60190476190476, 12.997301587301587]}, "properties": {"point_id": 2205, "row": 34, "col": 29, "demand_2027": 1225.957697703417}}, {"type": "Feature", "geometry": {"type": "Point", "coordinates": [77.60714285714286, 12.997301587301587]}, "properties": {"point_id": 2206, "row": 34, "col": 30, "demand_2027": 1273.3763672119965}}, {"type": "Feature", "geometry": {"type": "Point", "coordinates": [77.61238095238096, 12.997301587301587]}, "properties": {"point_id": 2207, "row": 34, "col": 31, "demand_2027": 1374.896175613761}}, {"type": "Feature", "geometry": {"type": "Point", "coordinates": [77.61761904761904, 12.997301587301587]}, "properties": {"point_id": 2208, "row": 34, "col": 32, "demand_2027": 1399.3599749709397}}, {"type": "Feature", "geometry": {"type": "Point", "coordinates": [77.62285714285714, 12.997301587301587]}, "properties": {"point_id": 2209, "row": 34, "col": 33, "demand_2027": 1318.0677493311741}}, {"type": "Feature", "geometry": {"type": "Point", "coordinates": [77.62809523809524, 12.997301587301587]}, "properties": {"point_id": 2210, "row": 34, "col": 34, "demand_2027": 1467.7407416735057}}, {"type": "Feature", "geometry": {"type": "Point", "coordinates": [77.63333333333334, 12.997301587301587]}, "properties": {"point_id": 2211, "row": 34, "col": 35, "demand_2027": 1462.0931278068867}}, {"type": "Feature", "geometry": {"type": "Point", "coordinates": [77.63857142857142, 12.997301587301587]}, "properties": {"point_id": 2212, "row": 34, "col": 36, "demand_2027": 1515.7125145626346}}, {"type": "Feature", "geometry": {"type": "Point", "coordinates": [77.64380952380952, 12.997301587301587]}, "properties": {"point_id": 2213, "row": 34, "col": 37, "demand_2027": 1641.8929816545226}}, {"type": "Feature", "geometry": {"type": "Point", "coordinates": [77.64904761904762, 12.997301587301587]}, "properties": {"point_id": 2214, "row": 34, "col": 38, "demand_2027": 1077.5345406936208}}, {"type": "Feature", "geometry": {"type": "Point", "coordinates": [77.65428571428572, 12.997301587301587]}, "properties": {"point_id": 2215, "row": 34, "col": 39, "demand_2027": 1239.449512686492}}, {"type": "Feature", "geometry": {"type": "Point", "coordinates": [77.6595238095238, 12.997301587301587]}, "properties": {"point_id": 2216, "row": 34, "col": 40, "demand_2027": 1267.1124446941674}}, {"type": "Feature", "geometry": {"type": "Point", "coordinates": [77.6647619047619, 12.997301587301587]}, "properties": {"point_id": 2217, "row": 34, "col": 41, "demand_2027": 1258.4310612791194}}, {"type": "Feature", "geometry": {"type": "Point", "coordinates": [77.67, 12.997301587301587]}, "properties": {"point_id": 2218, "row": 34, "col": 42, "demand_2027": 1210.0950621715112}}, {"type": "Feature", "geometry": {"type": "Point", "coordinates": [77.6752380952381, 12.997301587301587]}, "properties": {"point_id": 2219, "row": 34, "col": 43, "demand_2027": 1007.1408160753347}}, {"type": "Feature", "geometry": {"type": "Point", "coordinates": [77.6804761904762, 12.997301587301587]}, "properties": {"point_id": 2220, "row": 34, "col": 44, "demand_2027": 1397.3158474880204}}, {"type": "Feature", "geometry": {"type": "Point", "coordinates": [77.68571428571428, 12.997301587301587]}, "properties": {"point_id": 2221, "row": 34, "col": 45, "demand_2027": 1146.6445000742096}}, {"type": "Feature", "geometry": {"type": "Point", "coordinates": [77.69095238095238, 12.997301587301587]}, "properties": {"point_id": 2222, "row": 34, "col": 46, "demand_2027": 1381.6285864438162}}, {"type": "Feature", "geometry": {"type": "Point", "coordinates": [77.69619047619048, 12.997301587301587]}, "properties": {"point_id": 2223, "row": 34, "col": 47, "demand_2027": 1218.7408201135474}}, {"type": "Feature", "geometry": {"type": "Point", "coordinates": [77.70142857142858, 12.997301587301587]}, "properties": {"point_id": 2224, "row": 34, "col": 48, "demand_2027": 1218.0600796464234}}, {"type": "Feature", "geometry": {"type": "Point", "coordinates": [77.70666666666666, 12.997301587301587]}, "properties": {"point_id": 2225, "row": 34, "col": 49, "demand_2027": 1578.442074279913}}, {"type": "Feature", "geometry": {"type": "Point", "coordinates": [77.71190476190476, 12.997301587301587]}, "properties": {"point_id": 2226, "row": 34, "col": 50, "demand_2027": 1514.0800773356216}}, {"type": "Feature", "geometry": {"type": "Point", "coordinates": [77.71714285714286, 12.997301587301587]}, "properties": {"point_id": 2227, "row": 34, "col": 51, "demand_2027": 1653.1904270062912}}, {"type": "Feature", "geometry": {"type": "Point", "coordinates": [77.72238095238096, 12.997301587301587]}, "properties": {"point_id": 2228, "row": 34, "col": 52, "demand_2027": 1968.0342887997049}}, {"type": "Feature", "geometry": {"type": "Point", "coordinates": [77.72761904761904, 12.997301587301587]}, "properties": {"point_id": 2229, "row": 34, "col": 53, "demand_2027": 1458.41305455812}}, {"type": "Feature", "geometry": {"type": "Point", "coordinates": [77.73285714285714, 12.997301587301587]}, "properties": {"point_id": 2230, "row": 34, "col": 54, "demand_2027": 1482.913024682955}}, {"type": "Feature", "geometry": {"type": "Point", "coordinates": [77.73809523809524, 12.997301587301587]}, "properties": {"point_id": 2231, "row": 34, "col": 55, "demand_2027": 1160.0506004099639}}, {"type": "Feature", "geometry": {"type": "Point", "coordinates": [77.74333333333334, 12.997301587301587]}, "properties": {"point_id": 2232, "row": 34, "col": 56, "demand_2027": 1105.0370415205332}}, {"type": "Feature", "geometry": {"type": "Point", "coordinates": [77.74857142857142, 12.997301587301587]}, "properties": {"point_id": 2233, "row": 34, "col": 57, "demand_2027": 1716.4877671381607}}, {"type": "Feature", "geometry": {"type": "Point", "coordinates": [77.75380952380952, 12.997301587301587]}, "properties": {"point_id": 2234, "row": 34, "col": 58, "demand_2027": 1096.543246828299}}, {"type": "Feature", "geometry": {"type": "Point", "coordinates": [77.75904761904762, 12.997301587301587]}, "properties": {"point_id": 2235, "row": 34, "col": 59, "demand_2027": 1003.5856819440668}}, {"type": "Feature", "geometry": {"type": "Point", "coordinates": [77.76428571428572, 12.997301587301587]}, "properties": {"point_id": 2236, "row": 34, "col": 60, "demand_2027": 1137.651188779812}}, {"type": "Feature", "geometry": {"type": "Point", "coordinates": [77.7695238095238, 12.997301587301587]}, "properties": {"point_id": 2237, "row": 34, "col": 61, "demand_2027": 1037.9797669192717}}, {"type": "Feature", "geometry": {"type": "Point", "coordinates": [77.7747619047619, 12.997301587301587]}, "properties": {"point_id": 2238, "row": 34, "col": 62, "demand_2027": 886.936390402019}}, {"type": "Feature", "geometry": {"type": "Point", "coordinates": [77.78, 12.997301587301587]}, "properties": {"point_id": 2239, "row": 34, "col": 63, "demand_2027": 911.0090674320071}}, {"type": "Feature", "geometry": {"type": "Point", "coordinates": [77.45, 13.002222222222223]}, "properties": {"point_id": 2240, "row": 35, "col": 0, "demand_2027": 310.200697631701}}, {"type": "Feature", "geometry": {"type": "Point", "coordinates": [77.4552380952381, 13.002222222222223]}, "properties": {"point_id": 2241, "row": 35, "col": 1, "demand_2027": 234.7957488201223}}, {"type": "Feature", "geometry": {"type": "Point", "coordinates": [77.4604761904762, 13.002222222222223]}, "properties": {"point_id": 2242, "row": 35, "col": 2, "demand_2027": 210.85740377230357}}, {"type": "Feature", "geometry": {"type": "Point", "coordinates": [77.46571428571428, 13.002222222222223]}, "properties": {"point_id": 2243, "row": 35, "col": 3, "demand_2027": 330.3971977732615}}, {"type": "Feature", "geometry": {"type": "Point", "coordinates": [77.47095238095238, 13.002222222222223]}, "properties": {"point_id": 2244, "row": 35, "col": 4, "demand_2027": 315.61109659531695}}, {"type": "Feature", "geometry": {"type": "Point", "coordinates": [77.47619047619048, 13.002222222222223]}, "properties": {"point_id": 2245, "row": 35, "col": 5, "demand_2027": 269.36953008968817}}, {"type": "Feature", "geometry": {"type": "Point", "coordinates": [77.48142857142858, 13.002222222222223]}, "properties": {"point_id": 2246, "row": 35, "col": 6, "demand_2027": 226.47174818247697}}, {"type": "Feature", "geometry": {"type": "Point", "coordinates": [77.48666666666666, 13.002222222222223]}, "properties": {"point_id": 2247, "row": 35, "col": 7, "demand_2027": 281.22144335807417}}, {"type": "Feature", "geometry": {"type": "Point", "coordinates": [77.49190476190476, 13.002222222222223]}, "properties": {"point_id": 2248, "row": 35, "col": 8, "demand_2027": 336.59188348270965}}, {"type": "Feature", "geometry": {"type": "Point", "coordinates": [77.49714285714286, 13.002222222222223]}, "properties": {"point_id": 2249, "row": 35, "col": 9, "demand_2027": 461.36632604006365}}, {"type": "Feature", "geometry": {"type": "Point", "coordinates": [77.50238095238096, 13.002222222222223]}, "properties": {"point_id": 2250, "row": 35, "col": 10, "demand_2027": 312.0861007258244}}, {"type": "Feature", "geometry": {"type": "Point", "coordinates": [77.50761904761904, 13.002222222222223]}, "properties": {"point_id": 2251, "row": 35, "col": 11, "demand_2027": 427.3584910352366}}, {"type": "Feature", "geometry": {"type": "Point", "coordinates": [77.51285714285714, 13.002222222222223]}, "properties": {"point_id": 2252, "row": 35, "col": 12, "demand_2027": 510.7301467800314}}, {"type": "Feature", "geometry": {"type": "Point", "coordinates": [77.51809523809524, 13.002222222222223]}, "properties": {"point_id": 2253, "row": 35, "col": 13, "demand_2027": 293.214762606981}}, {"type": "Feature", "geometry": {"type": "Point", "coordinates": [77.52333333333334, 13.002222222222223]}, "properties": {"point_id": 2254, "row": 35, "col": 14, "demand_2027": 601.6178440294572}}, {"type": "Feature", "geometry": {"type": "Point", "coordinates": [77.52857142857142, 13.002222222222223]}, "properties": {"point_id": 2255, "row": 35, "col": 15, "demand_2027": 467.29001634772965}}, {"type": "Feature", "geometry": {"type": "Point", "coordinates": [77.53380952380952, 13.002222222222223]}, "properties": {"point_id": 2256, "row": 35, "col": 16, "demand_2027": 691.9887144599254}}, {"type": "Feature", "geometry": {"type": "Point", "coordinates": [77.53904761904762, 13.002222222222223]}, "properties": {"point_id": 2257, "row": 35, "col": 17, "demand_2027": 734.378002563989}}, {"type": "Feature", "geometry": {"type": "Point", "coordinates": [77.54428571428572, 13.002222222222223]}, "properties": {"point_id": 2258, "row": 35, "col": 18, "demand_2027": 903.6194403846823}}, {"type": "Feature", "geometry": {"type": "Point", "coordinates": [77.5495238095238, 13.002222222222223]}, "properties": {"point_id": 2259, "row": 35, "col": 19, "demand_2027": 903.6688616228556}}, {"type": "Feature", "geometry": {"type": "Point", "coordinates": [77.5547619047619, 13.002222222222223]}, "properties": {"point_id": 2260, "row": 35, "col": 20, "demand_2027": 585.4561619606675}}, {"type": "Feature", "geometry": {"type": "Point", "coordinates": [77.56, 13.002222222222223]}, "properties": {"point_id": 2261, "row": 35, "col": 21, "demand_2027": 807.0240983648216}}, {"type": "Feature", "geometry": {"type": "Point", "coordinates": [77.5652380952381, 13.002222222222223]}, "properties": {"point_id": 2262, "row": 35, "col": 22, "demand_2027": 1069.67714125637}}, {"type": "Feature", "geometry": {"type": "Point", "coordinates": [77.5704761904762, 13.002222222222223]}, "properties": {"point_id": 2263, "row": 35, "col": 23, "demand_2027": 1108.4945939493225}}, {"type": "Feature", "geometry": {"type": "Point", "coordinates": [77.57571428571428, 13.002222222222223]}, "properties": {"point_id": 2264, "row": 35, "col": 24, "demand_2027": 1288.6728794538515}}, {"type": "Feature", "geometry": {"type": "Point", "coordinates": [77.58095238095238, 13.002222222222223]}, "properties": {"point_id": 2265, "row": 35, "col": 25, "demand_2027": 1414.6015148042848}}, {"type": "Feature", "geometry": {"type": "Point", "coordinates": [77.58619047619048, 13.002222222222223]}, "properties": {"point_id": 2266, "row": 35, "col": 26, "demand_2027": 1356.3519694263875}}, {"type": "Feature", "geometry": {"type": "Point", "coordinates": [77.59142857142858, 13.002222222222223]}, "properties": {"point_id": 2267, "row": 35, "col": 27, "demand_2027": 1253.5081961590363}}, {"type": "Feature", "geometry": {"type": "Point", "coordinates": [77.59666666666666, 13.002222222222223]}, "properties": {"point_id": 2268, "row": 35, "col": 28, "demand_2027": 923.0892609940033}}, {"type": "Feature", "geometry": {"type": "Point", "coordinates": [77.60190476190476, 13.002222222222223]}, "properties": {"point_id": 2269, "row": 35, "col": 29, "demand_2027": 1239.152583995819}}, {"type": "Feature", "geometry": {"type": "Point", "coordinates": [77.60714285714286, 13.002222222222223]}, "properties": {"point_id": 2270, "row": 35, "col": 30, "demand_2027": 1428.0975916547345}}, {"type": "Feature", "geometry": {"type": "Point", "coordinates": [77.61238095238096, 13.002222222222223]}, "properties": {"point_id": 2271, "row": 35, "col": 31, "demand_2027": 1070.1465809631843}}, {"type": "Feature", "geometry": {"type": "Point", "coordinates": [77.61761904761904, 13.002222222222223]}, "properties": {"point_id": 2272, "row": 35, "col": 32, "demand_2027": 1538.2380052570663}}, {"type": "Feature", "geometry": {"type": "Point", "coordinates": [77.62285714285714, 13.002222222222223]}, "properties": {"point_id": 2273, "row": 35, "col": 33, "demand_2027": 1575.0630287897648}}, {"type": "Feature", "geometry": {"type": "Point", "coordinates": [77.62809523809524, 13.002222222222223]}, "properties": {"point_id": 2274, "row": 35, "col": 34, "demand_2027": 1286.0919630521169}}, {"type": "Feature", "geometry": {"type": "Point", "coordinates": [77.63333333333334, 13.002222222222223]}, "properties": {"point_id": 2275, "row": 35, "col": 35, "demand_2027": 679.7657329276309}}, {"type": "Feature", "geometry": {"type": "Point", "coordinates": [77.63857142857142, 13.002222222222223]}, "properties": {"point_id": 2276, "row": 35, "col": 36, "demand_2027": 984.8255425289169}}, {"type": "Feature", "geometry": {"type": "Point", "coordinates": [77.64380952380952, 13.002222222222223]}, "properties": {"point_id": 2277, "row": 35, "col": 37, "demand_2027": 1576.0376191688972}}, {"type": "Feature", "geometry": {"type": "Point", "coordinates": [77.64904761904762, 13.002222222222223]}, "properties": {"point_id": 2278, "row": 35, "col": 38, "demand_2027": 1127.860826040999}}, {"type": "Feature", "geometry": {"type": "Point", "coordinates": [77.65428571428572, 13.002222222222223]}, "properties": {"point_id": 2279, "row": 35, "col": 39, "demand_2027": 814.0567212373625}}, {"type": "Feature", "geometry": {"type": "Point", "coordinates": [77.6595238095238, 13.002222222222223]}, "properties": {"point_id": 2280, "row": 35, "col": 40, "demand_2027": 1399.1023055527837}}, {"type": "Feature", "geometry": {"type": "Point", "coordinates": [77.6647619047619, 13.002222222222223]}, "properties": {"point_id": 2281, "row": 35, "col": 41, "demand_2027": 1251.1714834464776}}, {"type": "Feature", "geometry": {"type": "Point", "coordinates": [77.67, 13.002222222222223]}, "properties": {"point_id": 2282, "row": 35, "col": 42, "demand_2027": 1489.402743340114}}, {"type": "Feature", "geometry": {"type": "Point", "coordinates": [77.6752380952381, 13.002222222222223]}, "properties": {"point_id": 2283, "row": 35, "col": 43, "demand_2027": 1264.061401791394}}, {"type": "Feature", "geometry": {"type": "Point", "coordinates": [77.6804761904762, 13.002222222222223]}, "properties": {"point_id": 2284, "row": 35, "col": 44, "demand_2027": 1352.3997348137518}}, {"type": "Feature", "geometry": {"type": "Point", "coordinates": [77.68571428571428, 13.002222222222223]}, "properties": {"point_id": 2285, "row": 35, "col": 45, "demand_2027": 1372.4320627773525}}, {"type": "Feature", "geometry": {"type": "Point", "coordinates": [77.69095238095238, 13.002222222222223]}, "properties": {"point_id": 2286, "row": 35, "col": 46, "demand_2027": 1562.3310396556155}}, {"type": "Feature", "geometry": {"type": "Point", "coordinates": [77.69619047619048, 13.002222222222223]}, "properties": {"point_id": 2287, "row": 35, "col": 47, "demand_2027": 1725.1701264614398}}, {"type": "Feature", "geometry": {"type": "Point", "coordinates": [77.70142857142858, 13.002222222222223]}, "properties": {"point_id": 2288, "row": 35, "col": 48, "demand_2027": 1552.40588276836}}, {"type": "Feature", "geometry": {"type": "Point", "coordinates": [77.70666666666666, 13.002222222222223]}, "properties": {"point_id": 2289, "row": 35, "col": 49, "demand_2027": 1043.9805368795978}}, {"type": "Feature", "geometry": {"type": "Point", "coordinates": [77.71190476190476, 13.002222222222223]}, "properties": {"point_id": 2290, "row": 35, "col": 50, "demand_2027": 1535.054300442267}}, {"type": "Feature", "geometry": {"type": "Point", "coordinates": [77.71714285714286, 13.002222222222223]}, "properties": {"point_id": 2291, "row": 35, "col": 51, "demand_2027": 1580.3228691208787}}, {"type": "Feature", "geometry": {"type": "Point", "coordinates": [77.72238095238096, 13.002222222222223]}, "properties": {"point_id": 2292, "row": 35, "col": 52, "demand_2027": 1616.7343288045447}}, {"type": "Feature", "geometry": {"type": "Point", "coordinates": [77.72761904761904, 13.002222222222223]}, "properties": {"point_id": 2293, "row": 35, "col": 53, "demand_2027": 1269.6122177837883}}, {"type": "Feature", "geometry": {"type": "Point", "coordinates": [77.73285714285714, 13.002222222222223]}, "properties": {"point_id": 2294, "row": 35, "col": 54, "demand_2027": 1715.1135268562493}}, {"type": "Feature", "geometry": {"type": "Point", "coordinates": [77.73809523809524, 13.002222222222223]}, "properties": {"point_id": 2295, "row": 35, "col": 55, "demand_2027": 1500.0036366774843}}, {"type": "Feature", "geometry": {"type": "Point", "coordinates": [77.74333333333334, 13.002222222222223]}, "properties": {"point_id": 2296, "row": 35, "col": 56, "demand_2027": 1755.146864417582}}, {"type": "Feature", "geometry": {"type": "Point", "coordinates": [77.74857142857142, 13.002222222222223]}, "properties": {"point_id": 2297, "row": 35, "col": 57, "demand_2027": 1132.9962332597054}}, {"type": "Feature", "geometry": {"type": "Point", "coordinates": [77.75380952380952, 13.002222222222223]}, "properties": {"point_id": 2298, "row": 35, "col": 58, "demand_2027": 1114.5907545608009}}, {"type": "Feature", "geometry": {"type": "Point", "coordinates": [77.75904761904762, 13.002222222222223]}, "properties": {"point_id": 2299, "row": 35, "col": 59, "demand_2027": 1072.619097018751}}, {"type": "Feature", "geometry": {"type": "Point", "coordinates": [77.76428571428572, 13.002222222222223]}, "properties": {"point_id": 2300, "row": 35, "col": 60, "demand_2027": 1070.9539986420803}}, {"type": "Feature", "geometry": {"type": "Point", "coordinates": [77.7695238095238, 13.002222222222223]}, "properties": {"point_id": 2301, "row": 35, "col": 61, "demand_2027": 879.9526554367293}}, {"type": "Feature", "geometry": {"type": "Point", "coordinates": [77.7747619047619, 13.002222222222223]}, "properties": {"point_id": 2302, "row": 35, "col": 62, "demand_2027": 569.292154867058}}, {"type": "Feature", "geometry": {"type": "Point", "coordinates": [77.78, 13.002222222222223]}, "properties": {"point_id": 2303, "row": 35, "col": 63, "demand_2027": 845.8655057041977}}, {"type": "Feature", "geometry": {"type": "Point", "coordinates": [77.45, 13.007142857142858]}, "properties": {"point_id": 2304, "row": 36, "col": 0, "demand_2027": 267.74498936176843}}, {"type": "Feature", "geometry": {"type": "Point", "coordinates": [77.4552380952381, 13.007142857142858]}, "properties": {"point_id": 2305, "row": 36, "col": 1, "demand_2027": 230.29355446676016}}, {"type": "Feature", "geometry": {"type": "Point", "coordinates": [77.4604761904762, 13.007142857142858]}, "properties": {"point_id": 2306, "row": 36, "col": 2, "demand_2027": 344.9347024831063}}, {"type": "Feature", "geometry": {"type": "Point", "coordinates": [77.46571428571428, 13.007142857142858]}, "properties": {"point_id": 2307, "row": 36, "col": 3, "demand_2027": 262.2093229871611}}, {"type": "Feature", "geometry": {"type": "Point", "coordinates": [77.47095238095238, 13.007142857142858]}, "properties": {"point_id": 2308, "row": 36, "col": 4, "demand_2027": 326.2809256440063}}, {"type": "Feature", "geometry": {"type": "Point", "coordinates": [77.47619047619048, 13.007142857142858]}, "properties": {"point_id": 2309, "row": 36, "col": 5, "demand_2027": 300.1233453053713}}, {"type": "Feature", "geometry": {"type": "Point", "coordinates": [77.48142857142858, 13.007142857142858]}, "properties": {"point_id": 2310, "row": 36, "col": 6, "demand_2027": 345.5119841078204}}, {"type": "Feature", "geometry": {"type": "Point", "coordinates": [77.48666666666666, 13.007142857142858]}, "properties": {"point_id": 2311, "row": 36, "col": 7, "demand_2027": 323.5551710772807}}, {"type": "Feature", "geometry": {"type": "Point", "coordinates": [77.49190476190476, 13.007142857142858]}, "properties": {"point_id": 2312, "row": 36, "col": 8, "demand_2027": 412.59845601057907}}, {"type": "Feature", "geometry": {"type": "Point", "coordinates": [77.49714285714286, 13.007142857142858]}, "properties": {"point_id": 2313, "row": 36, "col": 9, "demand_2027": 374.556698484805}}, {"type": "Feature", "geometry": {"type": "Point", "coordinates": [77.50238095238096, 13.007142857142858]}, "properties": {"point_id": 2314, "row": 36, "col": 10, "demand_2027": 416.14805090810665}}, {"type": "Feature", "geometry": {"type": "Point", "coordinates": [77.50761904761904, 13.007142857142858]}, "properties": {"point_id": 2315, "row": 36, "col": 11, "demand_2027": 448.4904415782799}}, {"type": "Feature", "geometry": {"type": "Point", "coordinates": [77.51285714285714, 13.007142857142858]}, "properties": {"point_id": 2316, "row": 36, "col": 12, "demand_2027": 431.5315703951095}}, {"type": "Feature", "geometry": {"type": "Point", "coordinates": [77.51809523809524, 13.007142857142858]}, "properties": {"point_id": 2317, "row": 36, "col": 13, "demand_2027": 516.5800228476586}}, {"type": "Feature", "geometry": {"type": "Point", "coordinates": [77.52333333333334, 13.007142857142858]}, "properties": {"point_id": 2318, "row": 36, "col": 14, "demand_2027": 703.4895566328835}}, {"type": "Feature", "geometry": {"type": "Point", "coordinates": [77.52857142857142, 13.007142857142858]}, "properties": {"point_id": 2319, "row": 36, "col": 15, "demand_2027": 542.8281625069533}}, {"type": "Feature", "geometry": {"type": "Point", "coordinates": [77.53380952380952, 13.007142857142858]}, "properties": {"point_id": 2320, "row": 36, "col": 16, "demand_2027": 670.1907176347445}}, {"type": "Feature", "geometry": {"type": "Point", "coordinates": [77.53904761904762, 13.007142857142858]}, "properties": {"point_id": 2321, "row": 36, "col": 17, "demand_2027": 825.3257139476264}}, {"type": "Feature", "geometry": {"type": "Point", "coordinates": [77.54428571428572, 13.007142857142858]}, "properties": {"point_id": 2322, "row": 36, "col": 18, "demand_2027": 861.7299371138271}}, {"type": "Feature", "geometry": {"type": "Point", "coordinates": [77.5495238095238, 13.007142857142858]}, "properties": {"point_id": 2323, "row": 36, "col": 19, "demand_2027": 847.060417134793}}, {"type": "Feature", "geometry": {"type": "Point", "coordinates": [77.5547619047619, 13.007142857142858]}, "properties": {"point_id": 2324, "row": 36, "col": 20, "demand_2027": 551.5643855103906}}, {"type": "Feature", "geometry": {"type": "Point", "coordinates": [77.56, 13.007142857142858]}, "properties": {"point_id": 2325, "row": 36, "col": 21, "demand_2027": 1053.6997475694643}}, {"type": "Feature", "geometry": {"type": "Point", "coordinates": [77.5652380952381, 13.007142857142858]}, "properties": {"point_id": 2326, "row": 36, "col": 22, "demand_2027": 629.9816593262102}}, {"type": "Feature", "geometry": {"type": "Point", "coordinates": [77.5704761904762, 13.007142857142858]}, "properties": {"point_id": 2327, "row": 36, "col": 23, "demand_2027": 1335.8374845795845}}, {"type": "Feature", "geometry": {"type": "Point", "coordinates": [77.57571428571428, 13.007142857142858]}, "properties": {"point_id": 2328, "row": 36, "col": 24, "demand_2027": 1176.917923876996}}, {"type": "Feature", "geometry": {"type": "Point", "coordinates": [77.58095238095238, 13.007142857142858]}, "properties": {"point_id": 2329, "row": 36, "col": 25, "demand_2027": 1397.8888882072094}}, {"type": "Feature", "geometry": {"type": "Point", "coordinates": [77.58619047619048, 13.007142857142858]}, "properties": {"point_id": 2330, "row": 36, "col": 26, "demand_2027": 1096.4058284989737}}, {"type": "Feature", "geometry": {"type": "Point", "coordinates": [77.59142857142858, 13.007142857142858]}, "properties": {"point_id": 2331, "row": 36, "col": 27, "demand_2027": 936.2588492650085}}, {"type": "Feature", "geometry": {"type": "Point", "coordinates": [77.59666666666666, 13.007142857142858]}, "properties": {"point_id": 2332, "row": 36, "col": 28, "demand_2027": 1423.9053832027068}}, {"type": "Feature", "geometry": {"type": "Point", "coordinates": [77.60190476190476, 13.007142857142858]}, "properties": {"point_id": 2333, "row": 36, "col": 29, "demand_2027": 1375.680350748898}}, {"type": "Feature", "geometry": {"type": "Point", "coordinates": [77.60714285714286, 13.007142857142858]}, "properties": {"point_id": 2334, "row": 36, "col": 30, "demand_2027": 1249.8281436257914}}, {"type": "Feature", "geometry": {"type": "Point", "coordinates": [77.61238095238096, 13.007142857142858]}, "properties": {"point_id": 2335, "row": 36, "col": 31, "demand_2027": 1331.603353318811}}, {"type": "Feature", "geometry": {"type": "Point", "coordinates": [77.61761904761904, 13.007142857142858]}, "properties": {"point_id": 2336, "row": 36, "col": 32, "demand_2027": 1764.8365215000285}}, {"type": "Feature", "geometry": {"type": "Point", "coordinates": [77.62285714285714, 13.007142857142858]}, "properties": {"point_id": 2337, "row": 36, "col": 33, "demand_2027": 1463.449494562709}}, {"type": "Feature", "geometry": {"type": "Point", "coordinates": [77.62809523809524, 13.007142857142858]}, "properties": {"point_id": 2338, "row": 36, "col": 34, "demand_2027": 1428.4376420377585}}, {"type": "Feature", "geometry": {"type": "Point", "coordinates": [77.63333333333334, 13.007142857142858]}, "properties": {"point_id": 2339, "row": 36, "col": 35, "demand_2027": 1429.7915510562157}}, {"type": "Feature", "geometry": {"type": "Point", "coordinates": [77.63857142857142, 13.007142857142858]}, "properties": {"point_id": 2340, "row": 36, "col": 36, "demand_2027": 1468.8807064583336}}, {"type": "Feature", "geometry": {"type": "Point", "coordinates": [77.64380952380952, 13.007142857142858]}, "properties": {"point_id": 2341, "row": 36, "col": 37, "demand_2027": 1179.9770503334464}}, {"type": "Feature", "geometry": {"type": "Point", "coordinates": [77.64904761904762, 13.007142857142858]}, "properties": {"point_id": 2342, "row": 36, "col": 38, "demand_2027": 743.4660691341618}}, {"type": "Feature", "geometry": {"type": "Point", "coordinates": [77.65428571428572, 13.007142857142858]}, "properties": {"point_id": 2343, "row": 36, "col": 39, "demand_2027": 1125.368093484107}}, {"type": "Feature", "geometry": {"type": "Point", "coordinates": [77.6595238095238, 13.007142857142858]}, "properties": {"point_id": 2344, "row": 36, "col": 40, "demand_2027": 1305.1687392750864}}, {"type": "Feature", "geometry": {"type": "Point", "coordinates": [77.6647619047619, 13.007142857142858]}, "properties": {"point_id": 2345, "row": 36, "col": 41, "demand_2027": 975.7372658681705}}, {"type": "Feature", "geometry": {"type": "Point", "coordinates": [77.67, 13.007142857142858]}, "properties": {"point_id": 2346, "row": 36, "col": 42, "demand_2027": 1154.475319068059}}, {"type": "Feature", "geometry": {"type": "Point", "coordinates": [77.6752380952381, 13.007142857142858]}, "properties": {"point_id": 2347, "row": 36, "col": 43, "demand_2027": 1061.2145510315825}}, {"type": "Feature", "geometry": {"type": "Point", "coordinates": [77.6804761904762, 13.007142857142858]}, "properties": {"point_id": 2348, "row": 36, "col": 44, "demand_2027": 1427.2023127159268}}, {"type": "Feature", "geometry": {"type": "Point", "coordinates": [77.68571428571428, 13.007142857142858]}, "properties": {"point_id": 2349, "row": 36, "col": 45, "demand_2027": 1313.6020981861561}}, {"type": "Feature", "geometry": {"type": "Point", "coordinates": [77.69095238095238, 13.007142857142858]}, "properties": {"point_id": 2350, "row": 36, "col": 46, "demand_2027": 1306.5171810180002}}, {"type": "Feature", "geometry": {"type": "Point", "coordinates": [77.69619047619048, 13.007142857142858]}, "properties": {"point_id": 2351, "row": 36, "col": 47, "demand_2027": 1331.5367735127425}}, {"type": "Feature", "geometry": {"type": "Point", "coordinates": [77.70142857142858, 13.007142857142858]}, "properties": {"point_id": 2352, "row": 36, "col": 48, "demand_2027": 1238.546458615415}}, {"type": "Feature", "geometry": {"type": "Point", "coordinates": [77.70666666666666, 13.007142857142858]}, "properties": {"point_id": 2353, "row": 36, "col": 49, "demand_2027": 1290.6213951084342}}, {"type": "Feature", "geometry": {"type": "Point", "coordinates": [77.71190476190476, 13.007142857142858]}, "properties": {"point_id": 2354, "row": 36, "col": 50, "demand_2027": 1021.4032873351479}}, {"type": "Feature", "geometry": {"type": "Point", "coordinates": [77.71714285714286, 13.007142857142858]}, "properties": {"point_id": 2355, "row": 36, "col": 51, "demand_2027": 871.5168339752398}}, {"type": "Feature", "geometry": {"type": "Point", "coordinates": [77.72238095238096, 13.007142857142858]}, "properties": {"point_id": 2356, "row": 36, "col": 52, "demand_2027": 1259.0235125439958}}, {"type": "Feature", "geometry": {"type": "Point", "coordinates": [77.72761904761904, 13.007142857142858]}, "properties": {"point_id": 2357, "row": 36, "col": 53, "demand_2027": 1370.8046358365411}}, {"type": "Feature", "geometry": {"type": "Point", "coordinates": [77.73285714285714, 13.007142857142858]}, "properties": {"point_id": 2358, "row": 36, "col": 54, "demand_2027": 1464.864097184944}}, {"type": "Feature", "geometry": {"type": "Point", "coordinates": [77.73809523809524, 13.007142857142858]}, "properties": {"point_id": 2359, "row": 36, "col": 55, "demand_2027": 1439.7305372868173}}, {"type": "Feature", "geometry": {"type": "Point", "coordinates": [77.74333333333334, 13.007142857142858]}, "properties": {"point_id": 2360, "row": 36, "col": 56, "demand_2027": 1503.304436842555}}, {"type": "Feature", "geometry": {"type": "Point", "coordinates": [77.74857142857142, 13.007142857142858]}, "properties": {"point_id": 2361, "row": 36, "col": 57, "demand_2027": 965.1833557689911}}, {"type": "Feature", "geometry": {"type": "Point", "coordinates": [77.75380952380952, 13.007142857142858]}, "properties": {"point_id": 2362, "row": 36, "col": 58, "demand_2027": 989.1849271116816}}, {"type": "Feature", "geometry": {"type": "Point", "coordinates": [77.75904761904762, 13.007142857142858]}, "properties": {"point_id": 2363, "row": 36, "col": 59, "demand_2027": 1122.8468553184298}}, {"type": "Feature", "geometry": {"type": "Point", "coordinates": [77.76428571428572, 13.007142857142858]}, "properties": {"point_id": 2364, "row": 36, "col": 60, "demand_2027": 1339.0353185429758}}, {"type": "Feature", "geometry": {"type": "Point", "coordinates": [77.7695238095238, 13.007142857142858]}, "properties": {"point_id": 2365, "row": 36, "col": 61, "demand_2027": 1151.4604060014121}}, {"type": "Feature", "geometry": {"type": "Point", "coordinates": [77.7747619047619, 13.007142857142858]}, "properties": {"point_id": 2366, "row": 36, "col": 62, "demand_2027": 1050.1471331138416}}, {"type": "Feature", "geometry": {"type": "Point", "coordinates": [77.78, 13.007142857142858]}, "properties": {"point_id": 2367, "row": 36, "col": 63, "demand_2027": 780.6140624365473}}, {"type": "Feature", "geometry": {"type": "Point", "coordinates": [77.45, 13.012063492063492]}, "properties": {"point_id": 2368, "row": 37, "col": 0, "demand_2027": 214.7228101382178}}, {"type": "Feature", "geometry": {"type": "Point", "coordinates": [77.4552380952381, 13.012063492063492]}, "properties": {"point_id": 2369, "row": 37, "col": 1, "demand_2027": 281.3292515238009}}, {"type": "Feature", "geometry": {"type": "Point", "coordinates": [77.4604761904762, 13.012063492063492]}, "properties": {"point_id": 2370, "row": 37, "col": 2, "demand_2027": 209.51377306592346}}, {"type": "Feature", "geometry": {"type": "Point", "coordinates": [77.46571428571428, 13.012063492063492]}, "properties": {"point_id": 2371, "row": 37, "col": 3, "demand_2027": 261.8107183244614}}, {"type": "Feature", "geometry": {"type": "Point", "coordinates": [77.47095238095238, 13.012063492063492]}, "properties": {"point_id": 2372, "row": 37, "col": 4, "demand_2027": 274.03331846221766}}, {"type": "Feature", "geometry": {"type": "Point", "coordinates": [77.47619047619048, 13.012063492063492]}, "properties": {"point_id": 2373, "row": 37, "col": 5, "demand_2027": 343.5270571698151}}, {"type": "Feature", "geometry": {"type": "Point", "coordinates": [77.48142857142858, 13.012063492063492]}, "properties": {"point_id": 2374, "row": 37, "col": 6, "demand_2027": 287.18927218849853}}, {"type": "Feature", "geometry": {"type": "Point", "coordinates": [77.48666666666666, 13.012063492063492]}, "properties": {"point_id": 2375, "row": 37, "col": 7, "demand_2027": 213.16598552467138}}, {"type": "Feature", "geometry": {"type": "Point", "coordinates": [77.49190476190476, 13.012063492063492]}, "properties": {"point_id": 2376, "row": 37, "col": 8, "demand_2027": 384.7012607127534}}, {"type": "Feature", "geometry": {"type": "Point", "coordinates": [77.49714285714286, 13.012063492063492]}, "properties": {"point_id": 2377, "row": 37, "col": 9, "demand_2027": 328.8867200141435}}, {"type": "Feature", "geometry": {"type": "Point", "coordinates": [77.50238095238096, 13.012063492063492]}, "properties": {"point_id": 2378, "row": 37, "col": 10, "demand_2027": 365.8440620025119}}, {"type": "Feature", "geometry": {"type": "Point", "coordinates": [77.50761904761904, 13.012063492063492]}, "properties": {"point_id": 2379, "row": 37, "col": 11, "demand_2027": 397.8764556279918}}, {"type": "Feature", "geometry": {"type": "Point", "coordinates": [77.51285714285714, 13.012063492063492]}, "properties": {"point_id": 2380, "row": 37, "col": 12, "demand_2027": 405.97292003678075}}, {"type": "Feature", "geometry": {"type": "Point", "coordinates": [77.51809523809524, 13.012063492063492]}, "properties": {"point_id": 2381, "row": 37, "col": 13, "demand_2027": 540.0681719843274}}, {"type": "Feature", "geometry": {"type": "Point", "coordinates": [77.52333333333334, 13.012063492063492]}, "properties": {"point_id": 2382, "row": 37, "col": 14, "demand_2027": 391.99443059737234}}, {"type": "Feature", "geometry": {"type": "Point", "coordinates": [77.52857142857142, 13.012063492063492]}, "properties": {"point_id": 2383, "row": 37, "col": 15, "demand_2027": 525.4836848469902}}, {"type": "Feature", "geometry": {"type": "Point", "coordinates": [77.53380952380952, 13.012063492063492]}, "properties": {"point_id": 2384, "row": 37, "col": 16, "demand_2027": 700.7092037094433}}, {"type": "Feature", "geometry": {"type": "Point", "coordinates": [77.53904761904762, 13.012063492063492]}, "properties": {"point_id": 2385, "row": 37, "col": 17, "demand_2027": 603.0694172676228}}, {"type": "Feature", "geometry": {"type": "Point", "coordinates": [77.54428571428572, 13.012063492063492]}, "properties": {"point_id": 2386, "row": 37, "col": 18, "demand_2027": 532.9860854288843}}, {"type": "Feature", "geometry": {"type": "Point", "coordinates": [77.5495238095238, 13.012063492063492]}, "properties": {"point_id": 2387, "row": 37, "col": 19, "demand_2027": 918.7536760761709}}, {"type": "Feature", "geometry": {"type": "Point", "coordinates": [77.5547619047619, 13.012063492063492]}, "properties": {"point_id": 2388, "row": 37, "col": 20, "demand_2027": 1066.6255508681957}}, {"type": "Feature", "geometry": {"type": "Point", "coordinates": [77.56, 13.012063492063492]}, "properties": {"point_id": 2389, "row": 37, "col": 21, "demand_2027": 965.138672951241}}, {"type": "Feature", "geometry": {"type": "Point", "coordinates": [77.5652380952381, 13.012063492063492]}, "properties": {"point_id": 2390, "row": 37, "col": 22, "demand_2027": 684.1265859648805}}, {"type": "Feature", "geometry": {"type": "Point", "coordinates": [77.5704761904762, 13.012063492063492]}, "properties": {"point_id": 2391, "row": 37, "col": 23, "demand_2027": 1223.9457459299829}}, {"type": "Feature", "geometry": {"type": "Point", "coordinates": [77.57571428571428, 13.012063492063492]}, "properties": {"point_id": 2392, "row": 37, "col": 24, "demand_2027": 870.0362427854096}}, {"type": "Feature", "geometry": {"type": "Point", "coordinates": [77.58095238095238, 13.012063492063492]}, "properties": {"point_id": 2393, "row": 37, "col": 25, "demand_2027": 1225.1576176485262}}, {"type": "Feature", "geometry": {"type": "Point", "coordinates": [77.58619047619048, 13.012063492063492]}, "properties": {"point_id": 2394, "row": 37, "col": 26, "demand_2027": 1113.013200974584}}, {"type": "Feature", "geometry": {"type": "Point", "coordinates": [77.59142857142858, 13.012063492063492]}, "properties": {"point_id": 2395, "row": 37, "col": 27, "demand_2027": 1037.6499225196999}}, {"type": "Feature", "geometry": {"type": "Point", "coordinates": [77.59666666666666, 13.012063492063492]}, "properties": {"point_id": 2396, "row": 37, "col": 28, "demand_2027": 1200.8530923117123}}, {"type": "Feature", "geometry": {"type": "Point", "coordinates": [77.60190476190476, 13.012063492063492]}, "properties": {"point_id": 2397, "row": 37, "col": 29, "demand_2027": 1213.3086697733038}}, {"type": "Feature", "geometry": {"type": "Point", "coordinates": [77.60714285714286, 13.012063492063492]}, "properties": {"point_id": 2398, "row": 37, "col": 30, "demand_2027": 1253.307015151638}}, {"type": "Feature", "geometry": {"type": "Point", "coordinates": [77.61238095238096, 13.012063492063492]}, "properties": {"point_id": 2399, "row": 37, "col": 31, "demand_2027": 1407.4345899238942}}, {"type": "Feature", "geometry": {"type": "Point", "coordinates": [77.61761904761904, 13.012063492063492]}, "properties": {"point_id": 2400, "row": 37, "col": 32, "demand_2027": 1157.8330917676092}}, {"type": "Feature", "geometry": {"type": "Point", "coordinates": [77.62285714285714, 13.012063492063492]}, "properties": {"point_id": 2401, "row": 37, "col": 33, "demand_2027": 1472.2992699107485}}, {"type": "Feature", "geometry": {"type": "Point", "coordinates": [77.62809523809524, 13.012063492063492]}, "properties": {"point_id": 2402, "row": 37, "col": 34, "demand_2027": 1232.5633082642576}}, {"type": "Feature", "geometry": {"type": "Point", "coordinates": [77.63333333333334, 13.012063492063492]}, "properties": {"point_id": 2403, "row": 37, "col": 35, "demand_2027": 1067.1747112417652}}, {"type": "Feature", "geometry": {"type": "Point", "coordinates": [77.63857142857142, 13.012063492063492]}, "properties": {"point_id": 2404, "row": 37, "col": 36, "demand_2027": 1052.0534682053512}}, {"type": "Feature", "geometry": {"type": "Point", "coordinates": [77.64380952380952, 13.012063492063492]}, "properties": {"point_id": 2405, "row": 37, "col": 37, "demand_2027": 823.5864250001247}}, {"type": "Feature", "geometry": {"type": "Point", "coordinates": [77.64904761904762, 13.012063492063492]}, "properties": {"point_id": 2406, "row": 37, "col": 38, "demand_2027": 1049.5579525551339}}, {"type": "Feature", "geometry": {"type": "Point", "coordinates": [77.65428571428572, 13.012063492063492]}, "properties": {"point_id": 2407, "row": 37, "col": 39, "demand_2027": 1015.3664956680652}}, {"type": "Feature", "geometry": {"type": "Point", "coordinates": [77.6595238095238, 13.012063492063492]}, "properties": {"point_id": 2408, "row": 37, "col": 40, "demand_2027": 646.6388620868246}}, {"type": "Feature", "geometry": {"type": "Point", "coordinates": [77.6647619047619, 13.012063492063492]}, "properties": {"point_id": 2409, "row": 37, "col": 41, "demand_2027": 990.3616577603152}}, {"type": "Feature", "geometry": {"type": "Point", "coordinates": [77.67, 13.012063492063492]}, "properties": {"point_id": 2410, "row": 37, "col": 42, "demand_2027": 883.9488641060865}}, {"type": "Feature", "geometry": {"type": "Point", "coordinates": [77.6752380952381, 13.012063492063492]}, "properties": {"point_id": 2411, "row": 37, "col": 43, "demand_2027": 1378.0247604735973}}, {"type": "Feature", "geometry": {"type": "Point", "coordinates": [77.6804761904762, 13.012063492063492]}, "properties": {"point_id": 2412, "row": 37, "col": 44, "demand_2027": 718.0808054558121}}, {"type": "Feature", "geometry": {"type": "Point", "coordinates": [77.68571428571428, 13.012063492063492]}, "properties": {"point_id": 2413, "row": 37, "col": 45, "demand_2027": 832.5218890874405}}, {"type": "Feature", "geometry": {"type": "Point", "coordinates": [77.69095238095238, 13.012063492063492]}, "properties": {"point_id": 2414, "row": 37, "col": 46, "demand_2027": 1280.16730505171}}, {"type": "Feature", "geometry": {"type": "Point", "coordinates": [77.69619047619048, 13.012063492063492]}, "properties": {"point_id": 2415, "row": 37, "col": 47, "demand_2027": 1293.0645979526132}}, {"type": "Feature", "geometry": {"type": "Point", "coordinates": [77.70142857142858, 13.012063492063492]}, "properties": {"point_id": 2416, "row": 37, "col": 48, "demand_2027": 991.9123537057641}}, {"type": "Feature", "geometry": {"type": "Point", "coordinates": [77.70666666666666, 13.012063492063492]}, "properties": {"point_id": 2417, "row": 37, "col": 49, "demand_2027": 1016.2261061347407}}, {"type": "Feature", "geometry": {"type": "Point", "coordinates": [77.71190476190476, 13.012063492063492]}, "properties": {"point_id": 2418, "row": 37, "col": 50, "demand_2027": 1222.1325231943879}}, {"type": "Feature", "geometry": {"type": "Point", "coordinates": [77.71714285714286, 13.012063492063492]}, "properties": {"point_id": 2419, "row": 37, "col": 51, "demand_2027": 706.3502873095796}}, {"type": "Feature", "geometry": {"type": "Point", "coordinates": [77.72238095238096, 13.012063492063492]}, "properties": {"point_id": 2420, "row": 37, "col": 52, "demand_2027": 847.8587406816476}}, {"type": "Feature", "geometry": {"type": "Point", "coordinates": [77.72761904761904, 13.012063492063492]}, "properties": {"point_id": 2421, "row": 37, "col": 53, "demand_2027": 1040.0099729161316}}, {"type": "Feature", "geometry": {"type": "Point", "coordinates": [77.73285714285714, 13.012063492063492]}, "properties": {"point_id": 2422, "row": 37, "col": 54, "demand_2027": 1429.9765446139704}}, {"type": "Feature", "geometry": {"type": "Point", "coordinates": [77.73809523809524, 13.012063492063492]}, "properties": {"point_id": 2423, "row": 37, "col": 55, "demand_2027": 1065.8182724360736}}, {"type": "Feature", "geometry": {"type": "Point", "coordinates": [77.74333333333334, 13.012063492063492]}, "properties": {"point_id": 2424, "row": 37, "col": 56, "demand_2027": 1067.4097768755817}}, {"type": "Feature", "geometry": {"type": "Point", "coordinates": [77.74857142857142, 13.012063492063492]}, "properties": {"point_id": 2425, "row": 37, "col": 57, "demand_2027": 1226.7194658745939}}, {"type": "Feature", "geometry": {"type": "Point", "coordinates": [77.75380952380952, 13.012063492063492]}, "properties": {"point_id": 2426, "row": 37, "col": 58, "demand_2027": 1362.2368478833914}}, {"type": "Feature", "geometry": {"type": "Point", "coordinates": [77.75904761904762, 13.012063492063492]}, "properties": {"point_id": 2427, "row": 37, "col": 59, "demand_2027": 851.6027034353651}}, {"type": "Feature", "geometry": {"type": "Point", "coordinates": [77.76428571428572, 13.012063492063492]}, "properties": {"point_id": 2428, "row": 37, "col": 60, "demand_2027": 930.7299690600142}}, {"type": "Feature", "geometry": {"type": "Point", "coordinates": [77.7695238095238, 13.012063492063492]}, "properties": {"point_id": 2429, "row": 37, "col": 61, "demand_2027": 1137.4082367410308}}, {"type": "Feature", "geometry": {"type": "Point", "coordinates": [77.7747619047619, 13.012063492063492]}, "properties": {"point_id": 2430, "row": 37, "col": 62, "demand_2027": 663.0630330783582}}, {"type": "Feature", "geometry": {"type": "Point", "coordinates": [77.78, 13.012063492063492]}, "properties": {"point_id": 2431, "row": 37, "col": 63, "demand_2027": 855.848765570083}}, {"type": "Feature", "geometry": {"type": "Point", "coordinates": [77.45, 13.016984126984127]}, "properties": {"point_id": 2432, "row": 38, "col": 0, "demand_2027": 212.94668421308648}}, {"type": "Feature", "geometry": {"type": "Point", "coordinates": [77.4552380952381, 13.016984126984127]}, "properties": {"point_id": 2433, "row": 38, "col": 1, "demand_2027": 246.83316426741567}}, {"type": "Feature", "geometry": {"type": "Point", "coordinates": [77.4604761904762, 13.016984126984127]}, "properties": {"point_id": 2434, "row": 38, "col": 2, "demand_2027": 236.13690267100122}}, {"type": "Feature", "geometry": {"type": "Point", "coordinates": [77.46571428571428, 13.016984126984127]}, "properties": {"point_id": 2435, "row": 38, "col": 3, "demand_2027": 238.62425863019442}}, {"type": "Feature", "geometry": {"type": "Point", "coordinates": [77.47095238095238, 13.016984126984127]}, "properties": {"point_id": 2436, "row": 38, "col": 4, "demand_2027": 223.13443375878362}}, {"type": "Feature", "geometry": {"type": "Point", "coordinates": [77.47619047619048, 13.016984126984127]}, "properties": {"point_id": 2437, "row": 38, "col": 5, "demand_2027": 277.0049593017019}}, {"type": "Feature", "geometry": {"type": "Point", "coordinates": [77.48142857142858, 13.016984126984127]}, "properties": {"point_id": 2438, "row": 38, "col": 6, "demand_2027": 337.8136408977922}}, {"type": "Feature", "geometry": {"type": "Point", "coordinates": [77.48666666666666, 13.016984126984127]}, "properties": {"point_id": 2439, "row": 38, "col": 7, "demand_2027": 309.30519055274647}}, {"type": "Feature", "geometry": {"type": "Point", "coordinates": [77.49190476190476, 13.016984126984127]}, "properties": {"point_id": 2440, "row": 38, "col": 8, "demand_2027": 347.7386004517459}}, {"type": "Feature", "geometry": {"type": "Point", "coordinates": [77.49714285714286, 13.016984126984127]}, "properties": {"point_id": 2441, "row": 38, "col": 9, "demand_2027": 368.198872607193}}, {"type": "Feature", "geometry": {"type": "Point", "coordinates": [77.50238095238096, 13.016984126984127]}, "properties": {"point_id": 2442, "row": 38, "col": 10, "demand_2027": 302.1066895250306}}, {"type": "Feature", "geometry": {"type": "Point", "coordinates": [77.50761904761904, 13.016984126984127]}, "properties": {"point_id": 2443, "row": 38, "col": 11, "demand_2027": 449.3477798969914}}, {"type": "Feature", "geometry": {"type": "Point", "coordinates": [77.51285714285714, 13.016984126984127]}, "properties": {"point_id": 2444, "row": 38, "col": 12, "demand_2027": 480.6608624507033}}, {"type": "Feature", "geometry": {"type": "Point", "coordinates": [77.51809523809524, 13.016984126984127]}, "properties": {"point_id": 2445, "row": 38, "col": 13, "demand_2027": 652.0260134086368}}, {"type": "Feature", "geometry": {"type": "Point", "coordinates": [77.52333333333334, 13.016984126984127]}, "properties": {"point_id": 2446, "row": 38, "col": 14, "demand_2027": 499.4304756416364}}, {"type": "Feature", "geometry": {"type": "Point", "coordinates": [77.52857142857142, 13.016984126984127]}, "properties": {"point_id": 2447, "row": 38, "col": 15, "demand_2027": 522.931215887066}}, {"type": "Feature", "geometry": {"type": "Point", "coordinates": [77.53380952380952, 13.016984126984127]}, "properties": {"point_id": 2448, "row": 38, "col": 16, "demand_2027": 701.7787197431833}}, {"type": "Feature", "geometry": {"type": "Point", "coordinates": [77.53904761904762, 13.016984126984127]}, "properties": {"point_id": 2449, "row": 38, "col": 17, "demand_2027": 761.4353980833847}}, {"type": "Feature", "geometry": {"type": "Point", "coordinates": [77.54428571428572, 13.016984126984127]}, "properties": {"point_id": 2450, "row": 38, "col": 18, "demand_2027": 706.7137356328685}}, {"type": "Feature", "geometry": {"type": "Point", "coordinates": [77.5495238095238, 13.016984126984127]}, "properties": {"point_id": 2451, "row": 38, "col": 19, "demand_2027": 760.8338751028965}}, {"type": "Feature", "geometry": {"type": "Point", "coordinates": [77.5547619047619, 13.016984126984127]}, "properties": {"point_id": 2452, "row": 38, "col": 20, "demand_2027": 968.014066458858}}, {"type": "Feature", "geometry": {"type": "Point", "coordinates": [77.56, 13.016984126984127]}, "properties": {"point_id": 2453, "row": 38, "col": 21, "demand_2027": 865.2320972077057}}, {"type": "Feature", "geometry": {"type": "Point", "coordinates": [77.5652380952381, 13.016984126984127]}, "properties": {"point_id": 2454, "row": 38, "col": 22, "demand_2027": 980.5682550400484}}, {"type": "Feature", "geometry": {"type": "Point", "coordinates": [77.5704761904762, 13.016984126984127]}, "properties": {"point_id": 2455, "row": 38, "col": 23, "demand_2027": 1081.1662895520958}}, {"type": "Feature", "geometry": {"type": "Point", "coordinates": [77.57571428571428, 13.016984126984127]}, "properties": {"point_id": 2456, "row": 38, "col": 24, "demand_2027": 1384.321925747838}}, {"type": "Feature", "geometry": {"type": "Point", "coordinates": [77.58095238095238, 13.016984126984127]}, "properties": {"point_id": 2457, "row": 38, "col": 25, "demand_2027": 1161.415205333646}}, {"type": "Feature", "geometry": {"type": "Point", "coordinates": [77.58619047619048, 13.016984126984127]}, "properties": {"point_id": 2458, "row": 38, "col": 26, "demand_2027": 881.7914041165387}}, {"type": "Feature", "geometry": {"type": "Point", "coordinates": [77.59142857142858, 13.016984126984127]}, "properties": {"point_id": 2459, "row": 38, "col": 27, "demand_2027": 853.4646090495127}}, {"type": "Feature", "geometry": {"type": "Point", "coordinates": [77.59666666666666, 13.016984126984127]}, "properties": {"point_id": 2460, "row": 38, "col": 28, "demand_2027": 1152.0367762684932}}, {"type": "Feature", "geometry": {"type": "Point", "coordinates": [77.60190476190476, 13.016984126984127]}, "properties": {"point_id": 2461, "row": 38, "col": 29, "demand_2027": 1124.4464306921618}}, {"type": "Feature", "geometry": {"type": "Point", "coordinates": [77.60714285714286, 13.016984126984127]}, "properties": {"point_id": 2462, "row": 38, "col": 30, "demand_2027": 1323.9209271500338}}, {"type": "Feature", "geometry": {"type": "Point", "coordinates": [77.61238095238096, 13.016984126984127]}, "properties": {"point_id": 2463, "row": 38, "col": 31, "demand_2027": 1039.7666111788428}}, {"type": "Feature", "geometry": {"type": "Point", "coordinates": [77.61761904761904, 13.016984126984127]}, "properties": {"point_id": 2464, "row": 38, "col": 32, "demand_2027": 1113.591734056684}}, {"type": "Feature", "geometry": {"type": "Point", "coordinates": [77.62285714285714, 13.016984126984127]}, "properties": {"point_id": 2465, "row": 38, "col": 33, "demand_2027": 983.8354331950367}}, {"type": "Feature", "geometry": {"type": "Point", "coordinates": [77.62809523809524, 13.016984126984127]}, "properties": {"point_id": 2466, "row": 38, "col": 34, "demand_2027": 1147.760185098307}}, {"type": "Feature", "geometry": {"type": "Point", "coordinates": [77.63333333333334, 13.016984126984127]}, "properties": {"point_id": 2467, "row": 38, "col": 35, "demand_2027": 1365.4870204891506}}, {"type": "Feature", "geometry": {"type": "Point", "coordinates": [77.63857142857142, 13.016984126984127]}, "properties": {"point_id": 2468, "row": 38, "col": 36, "demand_2027": 1217.466311089229}}, {"type": "Feature", "geometry": {"type": "Point", "coordinates": [77.64380952380952, 13.016984126984127]}, "properties": {"point_id": 2469, "row": 38, "col": 37, "demand_2027": 1066.5838241495774}}, {"type": "Feature", "geometry": {"type": "Point", "coordinates": [77.64904761904762, 13.016984126984127]}, "properties": {"point_id": 2470, "row": 38, "col": 38, "demand_2027": 952.5806589096358}}, {"type": "Feature", "geometry": {"type": "Point", "coordinates": [77.65428571428572, 13.016984126984127]}, "properties": {"point_id": 2471, "row": 38, "col": 39, "demand_2027": 893.9529313216998}}, {"type": "Feature", "geometry": {"type": "Point", "coordinates": [77.6595238095238, 13.016984126984127]}, "properties": {"point_id": 2472, "row": 38, "col": 40, "demand_2027": 988.1055300479062}}, {"type": "Feature", "geometry": {"type": "Point", "coordinates": [77.6647619047619, 13.016984126984127]}, "properties": {"point_id": 2473, "row": 38, "col": 41, "demand_2027": 1094.469199142094}}, {"type": "Feature", "geometry": {"type": "Point", "coordinates": [77.67, 13.016984126984127]}, "properties": {"point_id": 2474, "row": 38, "col": 42, "demand_2027": 822.4376082830909}}, {"type": "Feature", "geometry": {"type": "Point", "coordinates": [77.6752380952381, 13.016984126984127]}, "properties": {"point_id": 2475, "row": 38, "col": 43, "demand_2027": 936.8590288490083}}, {"type": "Feature", "geometry": {"type": "Point", "coordinates": [77.6804761904762, 13.016984126984127]}, "properties": {"point_id": 2476, "row": 38, "col": 44, "demand_2027": 661.5969499396966}}, {"type": "Feature", "geometry": {"type": "Point", "coordinates": [77.68571428571428, 13.016984126984127]}, "properties": {"point_id": 2477, "row": 38, "col": 45, "demand_2027": 991.0548995326635}}, {"type": "Feature", "geometry": {"type": "Point", "coordinates": [77.69095238095238, 13.016984126984127]}, "properties": {"point_id": 2478, "row": 38, "col": 46, "demand_2027": 1096.1196840437754}}, {"type": "Feature", "geometry": {"type": "Point", "coordinates": [77.69619047619048, 13.016984126984127]}, "properties": {"point_id": 2479, "row": 38, "col": 47, "demand_2027": 956.2019173399618}}, {"type": "Feature", "geometry": {"type": "Point", "coordinates": [77.70142857142858, 13.016984126984127]}, "properties": {"point_id": 2480, "row": 38, "col": 48, "demand_2027": 1283.0503524772444}}, {"type": "Feature", "geometry": {"type": "Point", "coordinates": [77.70666666666666, 13.016984126984127]}, "properties": {"point_id": 2481, "row": 38, "col": 49, "demand_2027": 852.4221124625521}}, {"type": "Feature", "geometry": {"type": "Point", "coordinates": [77.71190476190476, 13.016984126984127]}, "properties": {"point_id": 2482, "row": 38, "col": 50, "demand_2027": 1110.3493272473804}}, {"type": "Feature", "geometry": {"type": "Point", "coordinates": [77.71714285714286, 13.016984126984127]}, "properties": {"point_id": 2483, "row": 38, "col": 51, "demand_2027": 1067.2371759084185}}, {"type": "Feature", "geometry": {"type": "Point", "coordinates": [77.72238095238096, 13.016984126984127]}, "properties": {"point_id": 2484, "row": 38, "col": 52, "demand_2027": 979.8757098960061}}, {"type": "Feature", "geometry": {"type": "Point", "coordinates": [77.72761904761904, 13.016984126984127]}, "properties": {"point_id": 2485, "row": 38, "col": 53, "demand_2027": 1013.7634851093446}}, {"type": "Feature", "geometry": {"type": "Point", "coordinates": [77.73285714285714, 13.016984126984127]}, "properties": {"point_id": 2486, "row": 38, "col": 54, "demand_2027": 987.5298471157231}}, {"type": "Feature", "geometry": {"type": "Point", "coordinates": [77.73809523809524, 13.016984126984127]}, "properties": {"point_id": 2487, "row": 38, "col": 55, "demand_2027": 1118.2434962654877}}, {"type": "Feature", "geometry": {"type": "Point", "coordinates": [77.74333333333334, 13.016984126984127]}, "properties": {"point_id": 2488, "row": 38, "col": 56, "demand_2027": 1220.1401065282407}}, {"type": "Feature", "geometry": {"type": "Point", "coordinates": [77.74857142857142, 13.016984126984127]}, "properties": {"point_id": 2489, "row": 38, "col": 57, "demand_2027": 991.357268507617}}, {"type": "Feature", "geometry": {"type": "Point", "coordinates": [77.75380952380952, 13.016984126984127]}, "properties": {"point_id": 2490, "row": 38, "col": 58, "demand_2027": 1044.837104529246}}, {"type": "Feature", "geometry": {"type": "Point", "coordinates": [77.75904761904762, 13.016984126984127]}, "properties": {"point_id": 2491, "row": 38, "col": 59, "demand_2027": 719.4890469649953}}, {"type": "Feature", "geometry": {"type": "Point", "coordinates": [77.76428571428572, 13.016984126984127]}, "properties": {"point_id": 2492, "row": 38, "col": 60, "demand_2027": 953.4455482097288}}, {"type": "Feature", "geometry": {"type": "Point", "coordinates": [77.7695238095238, 13.016984126984127]}, "properties": {"point_id": 2493, "row": 38, "col": 61, "demand_2027": 687.9467811570037}}, {"type": "Feature", "geometry": {"type": "Point", "coordinates": [77.7747619047619, 13.016984126984127]}, "properties": {"point_id": 2494, "row": 38, "col": 62, "demand_2027": 931.1689243783817}}, {"type": "Feature", "geometry": {"type": "Point", "coordinates": [77.78, 13.016984126984127]}, "properties": {"point_id": 2495, "row": 38, "col": 63, "demand_2027": 1041.7492085530534}}, {"type": "Feature", "geometry": {"type": "Point", "coordinates": [77.45, 13.021904761904763]}, "properties": {"point_id": 2496, "row": 39, "col": 0, "demand_2027": 240.67226603685808}}, {"type": "Feature", "geometry": {"type": "Point", "coordinates": [77.4552380952381, 13.021904761904763]}, "properties": {"point_id": 2497, "row": 39, "col": 1, "demand_2027": 167.87567831962215}}, {"type": "Feature", "geometry": {"type": "Point", "coordinates": [77.4604761904762, 13.021904761904763]}, "properties": {"point_id": 2498, "row": 39, "col": 2, "demand_2027": 227.69316498145372}}, {"type": "Feature", "geometry": {"type": "Point", "coordinates": [77.46571428571428, 13.021904761904763]}, "properties": {"point_id": 2499, "row": 39, "col": 3, "demand_2027": 301.536369761954}}, {"type": "Feature", "geometry": {"type": "Point", "coordinates": [77.47095238095238, 13.021904761904763]}, "properties": {"point_id": 2500, "row": 39, "col": 4, "demand_2027": 301.00793354769024}}, {"type": "Feature", "geometry": {"type": "Point", "coordinates": [77.47619047619048, 13.021904761904763]}, "properties": {"point_id": 2501, "row": 39, "col": 5, "demand_2027": 295.065626017738}}, {"type": "Feature", "geometry": {"type": "Point", "coordinates": [77.48142857142858, 13.021904761904763]}, "properties": {"point_id": 2502, "row": 39, "col": 6, "demand_2027": 327.47010957178924}}, {"type": "Feature", "geometry": {"type": "Point", "coordinates": [77.48666666666666, 13.021904761904763]}, "properties": {"point_id": 2503, "row": 39, "col": 7, "demand_2027": 329.1970925162577}}, {"type": "Feature", "geometry": {"type": "Point", "coordinates": [77.49190476190476, 13.021904761904763]}, "properties": {"point_id": 2504, "row": 39, "col": 8, "demand_2027": 403.5819125415638}}, {"type": "Feature", "geometry": {"type": "Point", "coordinates": [77.49714285714286, 13.021904761904763]}, "properties": {"point_id": 2505, "row": 39, "col": 9, "demand_2027": 377.8269400694456}}, {"type": "Feature", "geometry": {"type": "Point", "coordinates": [77.50238095238096, 13.021904761904763]}, "properties": {"point_id": 2506, "row": 39, "col": 10, "demand_2027": 431.45955411504184}}, {"type": "Feature", "geometry": {"type": "Point", "coordinates": [77.50761904761904, 13.021904761904763]}, "properties": {"point_id": 2507, "row": 39, "col": 11, "demand_2027": 429.8621107875248}}, {"type": "Feature", "geometry": {"type": "Point", "coordinates": [77.51285714285714, 13.021904761904763]}, "properties": {"point_id": 2508, "row": 39, "col": 12, "demand_2027": 478.10355621069675}}, {"type": "Feature", "geometry": {"type": "Point", "coordinates": [77.51809523809524, 13.021904761904763]}, "properties": {"point_id": 2509, "row": 39, "col": 13, "demand_2027": 422.2418192885064}}, {"type": "Feature", "geometry": {"type": "Point", "coordinates": [77.52333333333334, 13.021904761904763]}, "properties": {"point_id": 2510, "row": 39, "col": 14, "demand_2027": 453.4240649213374}}, {"type": "Feature", "geometry": {"type": "Point", "coordinates": [77.52857142857142, 13.021904761904763]}, "properties": {"point_id": 2511, "row": 39, "col": 15, "demand_2027": 697.9544137956517}}, {"type": "Feature", "geometry": {"type": "Point", "coordinates": [77.53380952380952, 13.021904761904763]}, "properties": {"point_id": 2512, "row": 39, "col": 16, "demand_2027": 629.2004047981486}}, {"type": "Feature", "geometry": {"type": "Point", "coordinates": [77.53904761904762, 13.021904761904763]}, "properties": {"point_id": 2513, "row": 39, "col": 17, "demand_2027": 704.1954549560478}}, {"type": "Feature", "geometry": {"type": "Point", "coordinates": [77.54428571428572, 13.021904761904763]}, "properties": {"point_id": 2514, "row": 39, "col": 18, "demand_2027": 755.2590677344601}}, {"type": "Feature", "geometry": {"type": "Point", "coordinates": [77.5495238095238, 13.021904761904763]}, "properties": {"point_id": 2515, "row": 39, "col": 19, "demand_2027": 737.6427950770039}}, {"type": "Feature", "geometry": {"type": "Point", "coordinates": [77.5547619047619, 13.021904761904763]}, "properties": {"point_id": 2516, "row": 39, "col": 20, "demand_2027": 907.8063365336166}}, {"type": "Feature", "geometry": {"type": "Point", "coordinates": [77.56, 13.021904761904763]}, "properties": {"point_id": 2517, "row": 39, "col": 21, "demand_2027": 1136.416161648237}}, {"type": "Feature", "geometry": {"type": "Point", "coordinates": [77.5652380952381, 13.021904761904763]}, "properties": {"point_id": 2518, "row": 39, "col": 22, "demand_2027": 1129.948270090661}}, {"type": "Feature", "geometry": {"type": "Point", "coordinates": [77.5704761904762, 13.021904761904763]}, "properties": {"point_id": 2519, "row": 39, "col": 23, "demand_2027": 854.9761881989158}}, {"type": "Feature", "geometry": {"type": "Point", "coordinates": [77.57571428571428, 13.021904761904763]}, "properties": {"point_id": 2520, "row": 39, "col": 24, "demand_2027": 1094.604946117878}}, {"type": "Feature", "geometry": {"type": "Point", "coordinates": [77.58095238095238, 13.021904761904763]}, "properties": {"point_id": 2521, "row": 39, "col": 25, "demand_2027": 1607.0863021756022}}, {"type": "Feature", "geometry": {"type": "Point", "coordinates": [77.58619047619048, 13.021904761904763]}, "properties": {"point_id": 2522, "row": 39, "col": 26, "demand_2027": 1097.5656088720943}}, {"type": "Feature", "geometry": {"type": "Point", "coordinates": [77.59142857142858, 13.021904761904763]}, "properties": {"point_id": 2523, "row": 39, "col": 27, "demand_2027": 947.2116881533915}}, {"type": "Feature", "geometry": {"type": "Point", "coordinates": [77.59666666666666, 13.021904761904763]}, "properties": {"point_id": 2524, "row": 39, "col": 28, "demand_2027": 1760.7377228843272}}, {"type": "Feature", "geometry": {"type": "Point", "coordinates": [77.60190476190476, 13.021904761904763]}, "properties": {"point_id": 2525, "row": 39, "col": 29, "demand_2027": 1473.5651149021303}}, {"type": "Feature", "geometry": {"type": "Point", "coordinates": [77.60714285714286, 13.021904761904763]}, "properties": {"point_id": 2526, "row": 39, "col": 30, "demand_2027": 1304.1605086766538}}, {"type": "Feature", "geometry": {"type": "Point", "coordinates": [77.61238095238096, 13.021904761904763]}, "properties": {"point_id": 2527, "row": 39, "col": 31, "demand_2027": 1178.9299873568496}}, {"type": "Feature", "geometry": {"type": "Point", "coordinates": [77.61761904761904, 13.021904761904763]}, "properties": {"point_id": 2528, "row": 39, "col": 32, "demand_2027": 1428.3803931368784}}, {"type": "Feature", "geometry": {"type": "Point", "coordinates": [77.62285714285714, 13.021904761904763]}, "properties": {"point_id": 2529, "row": 39, "col": 33, "demand_2027": 1045.1542693504312}}, {"type": "Feature", "geometry": {"type": "Point", "coordinates": [77.62809523809524, 13.021904761904763]}, "properties": {"point_id": 2530, "row": 39, "col": 34, "demand_2027": 1296.722576299487}}, {"type": "Feature", "geometry": {"type": "Point", "coordinates": [77.63333333333334, 13.021904761904763]}, "properties": {"point_id": 2531, "row": 39, "col": 35, "demand_2027": 1173.5328278207935}}, {"type": "Feature", "geometry": {"type": "Point", "coordinates": [77.63857142857142, 13.021904761904763]}, "properties": {"point_id": 2532, "row": 39, "col": 36, "demand_2027": 1072.8117882674505}}, {"type": "Feature", "geometry": {"type": "Point", "coordinates": [77.64380952380952, 13.021904761904763]}, "properties": {"point_id": 2533, "row": 39, "col": 37, "demand_2027": 1040.9072756626522}}, {"type": "Feature", "geometry": {"type": "Point", "coordinates": [77.64904761904762, 13.021904761904763]}, "properties": {"point_id": 2534, "row": 39, "col": 38, "demand_2027": 966.5029742712444}}, {"type": "Feature", "geometry": {"type": "Point", "coordinates": [77.65428571428572, 13.021904761904763]}, "properties": {"point_id": 2535, "row": 39, "col": 39, "demand_2027": 1129.8960932486923}}, {"type": "Feature", "geometry": {"type": "Point", "coordinates": [77.6595238095238, 13.021904761904763]}, "properties": {"point_id": 2536, "row": 39, "col": 40, "demand_2027": 753.5920848336448}}, {"type": "Feature", "geometry": {"type": "Point", "coordinates": [77.6647619047619, 13.021904761904763]}, "properties": {"point_id": 2537, "row": 39, "col": 41, "demand_2027": 677.1402002352896}}, {"type": "Feature", "geometry": {"type": "Point", "coordinates": [77.67, 13.021904761904763]}, "properties": {"point_id": 2538, "row": 39, "col": 42, "demand_2027": 946.7986447751124}}, {"type": "Feature", "geometry": {"type": "Point", "coordinates": [77.6752380952381, 13.021904761904763]}, "properties": {"point_id": 2539, "row": 39, "col": 43, "demand_2027": 999.7821541371177}}, {"type": "Feature", "geometry": {"type": "Point", "coordinates": [77.6804761904762, 13.021904761904763]}, "properties": {"point_id": 2540, "row": 39, "col": 44, "demand_2027": 967.3874888918754}}, {"type": "Feature", "geometry": {"type": "Point", "coordinates": [77.68571428571428, 13.021904761904763]}, "properties": {"point_id": 2541, "row": 39, "col": 45, "demand_2027": 903.6391837054647}}, {"type": "Feature", "geometry": {"type": "Point", "coordinates": [77.69095238095238, 13.021904761904763]}, "properties": {"point_id": 2542, "row": 39, "col": 46, "demand_2027": 832.3669062215478}}, {"type": "Feature", "geometry": {"type": "Point", "coordinates": [77.69619047619048, 13.021904761904763]}, "properties": {"point_id": 2543, "row": 39, "col": 47, "demand_2027": 1015.1972288638503}}, {"type": "Feature", "geometry": {"type": "Point", "coordinates": [77.70142857142858, 13.021904761904763]}, "properties": {"point_id": 2544, "row": 39, "col": 48, "demand_2027": 928.128105609034}}, {"type": "Feature", "geometry": {"type": "Point", "coordinates": [77.70666666666666, 13.021904761904763]}, "properties": {"point_id": 2545, "row": 39, "col": 49, "demand_2027": 830.4957380340942}}, {"type": "Feature", "geometry": {"type": "Point", "coordinates": [77.71190476190476, 13.021904761904763]}, "properties": {"point_id": 2546, "row": 39, "col": 50, "demand_2027": 857.3318295977815}}, {"type": "Feature", "geometry": {"type": "Point", "coordinates": [77.71714285714286, 13.021904761904763]}, "properties": {"point_id": 2547, "row": 39, "col": 51, "demand_2027": 1165.1219698850555}}, {"type": "Feature", "geometry": {"type": "Point", "coordinates": [77.72238095238096, 13.021904761904763]}, "properties": {"point_id": 2548, "row": 39, "col": 52, "demand_2027": 651.5265113416681}}, {"type": "Feature", "geometry": {"type": "Point", "coordinates": [77.72761904761904, 13.021904761904763]}, "properties": {"point_id": 2549, "row": 39, "col": 53, "demand_2027": 993.7354125309624}}, {"type": "Feature", "geometry": {"type": "Point", "coordinates": [77.73285714285714, 13.021904761904763]}, "properties": {"point_id": 2550, "row": 39, "col": 54, "demand_2027": 696.2414863244564}}, {"type": "Feature", "geometry": {"type": "Point", "coordinates": [77.73809523809524, 13.021904761904763]}, "properties": {"point_id": 2551, "row": 39, "col": 55, "demand_2027": 931.9202271570185}}, {"type": "Feature", "geometry": {"type": "Point", "coordinates": [77.74333333333334, 13.021904761904763]}, "properties": {"point_id": 2552, "row": 39, "col": 56, "demand_2027": 801.8794044473659}}, {"type": "Feature", "geometry": {"type": "Point", "coordinates": [77.74857142857142, 13.021904761904763]}, "properties": {"point_id": 2553, "row": 39, "col": 57, "demand_2027": 593.2332274582241}}, {"type": "Feature", "geometry": {"type": "Point", "coordinates": [77.75380952380952, 13.021904761904763]}, "properties": {"point_id": 2554, "row": 39, "col": 58, "demand_2027": 903.9291309068722}}, {"type": "Feature", "geometry": {"type": "Point", "coordinates": [77.75904761904762, 13.021904761904763]}, "properties": {"point_id": 2555, "row": 39, "col": 59, "demand_2027": 722.1222868094409}}, {"type": "Feature", "geometry": {"type": "Point", "coordinates": [77.76428571428572, 13.021904761904763]}, "properties": {"point_id": 2556, "row": 39, "col": 60, "demand_2027": 505.4442110590463}}, {"type": "Feature", "geometry": {"type": "Point", "coordinates": [77.7695238095238, 13.021904761904763]}, "properties": {"point_id": 2557, "row": 39, "col": 61, "demand_2027": 825.888127368798}}, {"type": "Feature", "geometry": {"type": "Point", "coordinates": [77.7747619047619, 13.021904761904763]}, "properties": {"point_id": 2558, "row": 39, "col": 62, "demand_2027": 850.7343382073966}}, {"type": "Feature", "geometry": {"type": "Point", "coordinates": [77.78, 13.021904761904763]}, "properties": {"point_id": 2559, "row": 39, "col": 63, "demand_2027": 867.9744836669252}}, {"type": "Feature", "geometry": {"type": "Point", "coordinates": [77.45, 13.026825396825398]}, "properties": {"point_id": 2560, "row": 40, "col": 0, "demand_2027": 260.73646398130154}}, {"type": "Feature", "geometry": {"type": "Point", "coordinates": [77.4552380952381, 13.026825396825398]}, "properties": {"point_id": 2561, "row": 40, "col": 1, "demand_2027": 234.79849708522812}}, {"type": "Feature", "geometry": {"type": "Point", "coordinates": [77.4604761904762, 13.026825396825398]}, "properties": {"point_id": 2562, "row": 40, "col": 2, "demand_2027": 298.5529580928262}}, {"type": "Feature", "geometry": {"type": "Point", "coordinates": [77.46571428571428, 13.026825396825398]}, "properties": {"point_id": 2563, "row": 40, "col": 3, "demand_2027": 313.35550204046507}}, {"type": "Feature", "geometry": {"type": "Point", "coordinates": [77.47095238095238, 13.026825396825398]}, "properties": {"point_id": 2564, "row": 40, "col": 4, "demand_2027": 317.26657340124086}}, {"type": "Feature", "geometry": {"type": "Point", "coordinates": [77.47619047619048, 13.026825396825398]}, "properties": {"point_id": 2565, "row": 40, "col": 5, "demand_2027": 221.16301237530843}}, {"type": "Feature", "geometry": {"type": "Point", "coordinates": [77.48142857142858, 13.026825396825398]}, "properties": {"point_id": 2566, "row": 40, "col": 6, "demand_2027": 274.0664703053713}}, {"type": "Feature", "geometry": {"type": "Point", "coordinates": [77.48666666666666, 13.026825396825398]}, "properties": {"point_id": 2567, "row": 40, "col": 7, "demand_2027": 326.58719889358406}}, {"type": "Feature", "geometry": {"type": "Point", "coordinates": [77.49190476190476, 13.026825396825398]}, "properties": {"point_id": 2568, "row": 40, "col": 8, "demand_2027": 226.1594413197918}}, {"type": "Feature", "geometry": {"type": "Point", "coordinates": [77.49714285714286, 13.026825396825398]}, "properties": {"point_id": 2569, "row": 40, "col": 9, "demand_2027": 355.3930349850582}}, {"type": "Feature", "geometry": {"type": "Point", "coordinates": [77.50238095238096, 13.026825396825398]}, "properties": {"point_id": 2570, "row": 40, "col": 10, "demand_2027": 494.03963910116016}}, {"type": "Feature", "geometry": {"type": "Point", "coordinates": [77.50761904761904, 13.026825396825398]}, "properties": {"point_id": 2571, "row": 40, "col": 11, "demand_2027": 442.04418550615}}, {"type": "Feature", "geometry": {"type": "Point", "coordinates": [77.51285714285714, 13.026825396825398]}, "properties": {"point_id": 2572, "row": 40, "col": 12, "demand_2027": 521.1247564085694}}, {"type": "Feature", "geometry": {"type": "Point", "coordinates": [77.51809523809524, 13.026825396825398]}, "properties": {"point_id": 2573, "row": 40, "col": 13, "demand_2027": 466.79312665850154}}, {"type": "Feature", "geometry": {"type": "Point", "coordinates": [77.52333333333334, 13.026825396825398]}, "properties": {"point_id": 2574, "row": 40, "col": 14, "demand_2027": 471.3963125930743}}, {"type": "Feature", "geometry": {"type": "Point", "coordinates": [77.52857142857142, 13.026825396825398]}, "properties": {"point_id": 2575, "row": 40, "col": 15, "demand_2027": 534.8551660391031}}, {"type": "Feature", "geometry": {"type": "Point", "coordinates": [77.53380952380952, 13.026825396825398]}, "properties": {"point_id": 2576, "row": 40, "col": 16, "demand_2027": 506.3947457419635}}, {"type": "Feature", "geometry": {"type": "Point", "coordinates": [77.53904761904762, 13.026825396825398]}, "properties": {"point_id": 2577, "row": 40, "col": 17, "demand_2027": 546.1574480863156}}, {"type": "Feature", "geometry": {"type": "Point", "coordinates": [77.54428571428572, 13.026825396825398]}, "properties": {"point_id": 2578, "row": 40, "col": 18, "demand_2027": 886.5955991580587}}, {"type": "Feature", "geometry": {"type": "Point", "coordinates": [77.5495238095238, 13.026825396825398]}, "properties": {"point_id": 2579, "row": 40, "col": 19, "demand_2027": 951.6460380604107}}, {"type": "Feature", "geometry": {"type": "Point", "coordinates": [77.5547619047619, 13.026825396825398]}, "properties": {"point_id": 2580, "row": 40, "col": 20, "demand_2027": 724.3733769151187}}, {"type": "Feature", "geometry": {"type": "Point", "coordinates": [77.56, 13.026825396825398]}, "properties": {"point_id": 2581, "row": 40, "col": 21, "demand_2027": 1038.5963605517989}}, {"type": "Feature", "geometry": {"type": "Point", "coordinates": [77.5652380952381, 13.026825396825398]}, "properties": {"point_id": 2582, "row": 40, "col": 22, "demand_2027": 989.3004174275799}}, {"type": "Feature", "geometry": {"type": "Point", "coordinates": [77.5704761904762, 13.026825396825398]}, "properties": {"point_id": 2583, "row": 40, "col": 23, "demand_2027": 1174.8600023014476}}, {"type": "Feature", "geometry": {"type": "Point", "coordinates": [77.57571428571428, 13.026825396825398]}, "properties": {"point_id": 2584, "row": 40, "col": 24, "demand_2027": 1253.46254346465}}, {"type": "Feature", "geometry": {"type": "Point", "coordinates": [77.58095238095238, 13.026825396825398]}, "properties": {"point_id": 2585, "row": 40, "col": 25, "demand_2027": 1304.0638856544454}}, {"type": "Feature", "geometry": {"type": "Point", "coordinates": [77.58619047619048, 13.026825396825398]}, "properties": {"point_id": 2586, "row": 40, "col": 26, "demand_2027": 1305.6931939860533}}, {"type": "Feature", "geometry": {"type": "Point", "coordinates": [77.59142857142858, 13.026825396825398]}, "properties": {"point_id": 2587, "row": 40, "col": 27, "demand_2027": 1458.401505897518}}, {"type": "Feature", "geometry": {"type": "Point", "coordinates": [77.59666666666666, 13.026825396825398]}, "properties": {"point_id": 2588, "row": 40, "col": 28, "demand_2027": 1390.2735452500565}}, {"type": "Feature", "geometry": {"type": "Point", "coordinates": [77.60190476190476, 13.026825396825398]}, "properties": {"point_id": 2589, "row": 40, "col": 29, "demand_2027": 1443.4808934418254}}, {"type": "Feature", "geometry": {"type": "Point", "coordinates": [77.60714285714286, 13.026825396825398]}, "properties": {"point_id": 2590, "row": 40, "col": 30, "demand_2027": 1123.001591820616}}, {"type": "Feature", "geometry": {"type": "Point", "coordinates": [77.61238095238096, 13.026825396825398]}, "properties": {"point_id": 2591, "row": 40, "col": 31, "demand_2027": 1669.5653892601815}}, {"type": "Feature", "geometry": {"type": "Point", "coordinates": [77.61761904761904, 13.026825396825398]}, "properties": {"point_id": 2592, "row": 40, "col": 32, "demand_2027": 1361.221924550811}}, {"type": "Feature", "geometry": {"type": "Point", "coordinates": [77.62285714285714, 13.026825396825398]}, "properties": {"point_id": 2593, "row": 40, "col": 33, "demand_2027": 1301.0833283521124}}, {"type": "Feature", "geometry": {"type": "Point", "coordinates": [77.62809523809524, 13.026825396825398]}, "properties": {"point_id": 2594, "row": 40, "col": 34, "demand_2027": 786.6087552779571}}, {"type": "Feature", "geometry": {"type": "Point", "coordinates": [77.63333333333334, 13.026825396825398]}, "properties": {"point_id": 2595, "row": 40, "col": 35, "demand_2027": 978.8771138809619}}, {"type": "Feature", "geometry": {"type": "Point", "coordinates": [77.63857142857142, 13.026825396825398]}, "properties": {"point_id": 2596, "row": 40, "col": 36, "demand_2027": 1246.279614482126}}, {"type": "Feature", "geometry": {"type": "Point", "coordinates": [77.64380952380952, 13.026825396825398]}, "properties": {"point_id": 2597, "row": 40, "col": 37, "demand_2027": 1048.1677698817502}}, {"type": "Feature", "geometry": {"type": "Point", "coordinates": [77.64904761904762, 13.026825396825398]}, "properties": {"point_id": 2598, "row": 40, "col": 38, "demand_2027": 611.2537813908589}}, {"type": "Feature", "geometry": {"type": "Point", "coordinates": [77.65428571428572, 13.026825396825398]}, "properties": {"point_id": 2599, "row": 40, "col": 39, "demand_2027": 975.6785421747041}}, {"type": "Feature", "geometry": {"type": "Point", "coordinates": [77.6595238095238, 13.026825396825398]}, "properties": {"point_id": 2600, "row": 40, "col": 40, "demand_2027": 768.9120093660589}}, {"type": "Feature", "geometry": {"type": "Point", "coordinates": [77.6647619047619, 13.026825396825398]}, "properties": {"point_id": 2601, "row": 40, "col": 41, "demand_2027": 999.6996132561011}}, {"type": "Feature", "geometry": {"type": "Point", "coordinates": [77.67, 13.026825396825398]}, "properties": {"point_id": 2602, "row": 40, "col": 42, "demand_2027": 804.7827908754044}}, {"type": "Feature", "geometry": {"type": "Point", "coordinates": [77.6752380952381, 13.026825396825398]}, "properties": {"point_id": 2603, "row": 40, "col": 43, "demand_2027": 818.7020964699705}}, {"type": "Feature", "geometry": {"type": "Point", "coordinates": [77.6804761904762, 13.026825396825398]}, "properties": {"point_id": 2604, "row": 40, "col": 44, "demand_2027": 877.589057908174}}, {"type": "Feature", "geometry": {"type": "Point", "coordinates": [77.68571428571428, 13.026825396825398]}, "properties": {"point_id": 2605, "row": 40, "col": 45, "demand_2027": 677.2812593819611}}, {"type": "Feature", "geometry": {"type": "Point", "coordinates": [77.69095238095238, 13.026825396825398]}, "properties": {"point_id": 2606, "row": 40, "col": 46, "demand_2027": 674.8251090248798}}, {"type": "Feature", "geometry": {"type": "Point", "coordinates": [77.69619047619048, 13.026825396825398]}, "properties": {"point_id": 2607, "row": 40, "col": 47, "demand_2027": 743.6684022481908}}, {"type": "Feature", "geometry": {"type": "Point", "coordinates": [77.70142857142858, 13.026825396825398]}, "properties": {"point_id": 2608, "row": 40, "col": 48, "demand_2027": 892.4748126473287}}, {"type": "Feature", "geometry": {"type": "Point", "coordinates": [77.70666666666666, 13.026825396825398]}, "properties": {"point_id": 2609, "row": 40, "col": 49, "demand_2027": 647.4112709886655}}, {"type": "Feature", "geometry": {"type": "Point", "coordinates": [77.71190476190476, 13.026825396825398]}, "properties": {"point_id": 2610, "row": 40, "col": 50, "demand_2027": 639.3939271640654}}, {"type": "Feature", "geometry": {"type": "Point", "coordinates": [77.71714285714286, 13.026825396825398]}, "properties": {"point_id": 2611, "row": 40, "col": 51, "demand_2027": 916.5469721038744}}, {"type": "Feature", "geometry": {"type": "Point", "coordinates": [77.72238095238096, 13.026825396825398]}, "properties": {"point_id": 2612, "row": 40, "col": 52, "demand_2027": 776.2959330659486}}, {"type": "Feature", "geometry": {"type": "Point", "coordinates": [77.72761904761904, 13.026825396825398]}, "properties": {"point_id": 2613, "row": 40, "col": 53, "demand_2027": 786.5340774628388}}, {"type": "Feature", "geometry": {"type": "Point", "coordinates": [77.73285714285714, 13.026825396825398]}, "properties": {"point_id": 2614, "row": 40, "col": 54, "demand_2027": 604.9577249176206}}, {"type": "Feature", "geometry": {"type": "Point", "coordinates": [77.73809523809524, 13.026825396825398]}, "properties": {"point_id": 2615, "row": 40, "col": 55, "demand_2027": 756.3910036631088}}, {"type": "Feature", "geometry": {"type": "Point", "coordinates": [77.74333333333334, 13.026825396825398]}, "properties": {"point_id": 2616, "row": 40, "col": 56, "demand_2027": 809.9620342959648}}, {"type": "Feature", "geometry": {"type": "Point", "coordinates": [77.74857142857142, 13.026825396825398]}, "properties": {"point_id": 2617, "row": 40, "col": 57, "demand_2027": 943.960729207773}}, {"type": "Feature", "geometry": {"type": "Point", "coordinates": [77.75380952380952, 13.026825396825398]}, "properties": {"point_id": 2618, "row": 40, "col": 58, "demand_2027": 706.1375835062823}}, {"type": "Feature", "geometry": {"type": "Point", "coordinates": [77.75904761904762, 13.026825396825398]}, "properties": {"point_id": 2619, "row": 40, "col": 59, "demand_2027": 902.0320972126948}}, {"type": "Feature", "geometry": {"type": "Point", "coordinates": [77.76428571428572, 13.026825396825398]}, "properties": {"point_id": 2620, "row": 40, "col": 60, "demand_2027": 590.0477842554299}}, {"type": "Feature", "geometry": {"type": "Point", "coordinates": [77.7695238095238, 13.026825396825398]}, "properties": {"point_id": 2621, "row": 40, "col": 61, "demand_2027": 648.7389753825248}}, {"type": "Feature", "geometry": {"type": "Point", "coordinates": [77.7747619047619, 13.026825396825398]}, "properties": {"point_id": 2622, "row": 40, "col": 62, "demand_2027": 733.7666182606032}}, {"type": "Feature", "geometry": {"type": "Point", "coordinates": [77.78, 13.026825396825398]}, "properties": {"point_id": 2623, "row": 40, "col": 63, "demand_2027": 610.0343320264462}}, {"type": "Feature", "geometry": {"type": "Point", "coordinates": [77.45, 13.031746031746032]}, "properties": {"point_id": 2624, "row": 41, "col": 0, "demand_2027": 223.83277978629997}}, {"type": "Feature", "geometry": {"type": "Point", "coordinates": [77.4552380952381, 13.031746031746032]}, "properties": {"point_id": 2625, "row": 41, "col": 1, "demand_2027": 244.1318538887947}}, {"type": "Feature", "geometry": {"type": "Point", "coordinates": [77.4604761904762, 13.031746031746032]}, "properties": {"point_id": 2626, "row": 41, "col": 2, "demand_2027": 305.2371008689437}}, {"type": "Feature", "geometry": {"type": "Point", "coordinates": [77.46571428571428, 13.031746031746032]}, "properties": {"point_id": 2627, "row": 41, "col": 3, "demand_2027": 294.8904132153789}}, {"type": "Feature", "geometry": {"type": "Point", "coordinates": [77.47095238095238, 13.031746031746032]}, "properties": {"point_id": 2628, "row": 41, "col": 4, "demand_2027": 235.60373029847415}}, {"type": "Feature", "geometry": {"type": "Point", "coordinates": [77.47619047619048, 13.031746031746032]}, "properties": {"point_id": 2629, "row": 41, "col": 5, "demand_2027": 261.76960630124546}}, {"type": "Feature", "geometry": {"type": "Point", "coordinates": [77.48142857142858, 13.031746031746032]}, "properties": {"point_id": 2630, "row": 41, "col": 6, "demand_2027": 287.4696883560662}}, {"type": "Feature", "geometry": {"type": "Point", "coordinates": [77.48666666666666, 13.031746031746032]}, "properties": {"point_id": 2631, "row": 41, "col": 7, "demand_2027": 246.18679372687953}}, {"type": "Feature", "geometry": {"type": "Point", "coordinates": [77.49190476190476, 13.031746031746032]}, "properties": {"point_id": 2632, "row": 41, "col": 8, "demand_2027": 325.88993567047237}}, {"type": "Feature", "geometry": {"type": "Point", "coordinates": [77.49714285714286, 13.031746031746032]}, "properties": {"point_id": 2633, "row": 41, "col": 9, "demand_2027": 315.6029332835898}}, {"type": "Feature", "geometry": {"type": "Point", "coordinates": [77.50238095238096, 13.031746031746032]}, "properties": {"point_id": 2634, "row": 41, "col": 10, "demand_2027": 410.1338613858823}}, {"type": "Feature", "geometry": {"type": "Point", "coordinates": [77.50761904761904, 13.031746031746032]}, "properties": {"point_id": 2635, "row": 41, "col": 11, "demand_2027": 434.5320884365748}}, {"type": "Feature", "geometry": {"type": "Point", "coordinates": [77.51285714285714, 13.031746031746032]}, "properties": {"point_id": 2636, "row": 41, "col": 12, "demand_2027": 382.6332375311496}}, {"type": "Feature", "geometry": {"type": "Point", "coordinates": [77.51809523809524, 13.031746031746032]}, "properties": {"point_id": 2637, "row": 41, "col": 13, "demand_2027": 392.8595586721013}}, {"type": "Feature", "geometry": {"type": "Point", "coordinates": [77.52333333333334, 13.031746031746032]}, "properties": {"point_id": 2638, "row": 41, "col": 14, "demand_2027": 532.7646191395874}}, {"type": "Feature", "geometry": {"type": "Point", "coordinates": [77.52857142857142, 13.031746031746032]}, "properties": {"point_id": 2639, "row": 41, "col": 15, "demand_2027": 429.43011034444703}}, {"type": "Feature", "geometry": {"type": "Point", "coordinates": [77.53380952380952, 13.031746031746032]}, "properties": {"point_id": 2640, "row": 41, "col": 16, "demand_2027": 669.5825027367304}}, {"type": "Feature", "geometry": {"type": "Point", "coordinates": [77.53904761904762, 13.031746031746032]}, "properties": {"point_id": 2641, "row": 41, "col": 17, "demand_2027": 662.8535596589703}}, {"type": "Feature", "geometry": {"type": "Point", "coordinates": [77.54428571428572, 13.031746031746032]}, "properties": {"point_id": 2642, "row": 41, "col": 18, "demand_2027": 634.1962400904615}}, {"type": "Feature", "geometry": {"type": "Point", "coordinates": [77.5495238095238, 13.031746031746032]}, "properties": {"point_id": 2643, "row": 41, "col": 19, "demand_2027": 660.9490521509694}}, {"type": "Feature", "geometry": {"type": "Point", "coordinates": [77.5547619047619, 13.031746031746032]}, "properties": {"point_id": 2644, "row": 41, "col": 20, "demand_2027": 1056.9474622024425}}, {"type": "Feature", "geometry": {"type": "Point", "coordinates": [77.56, 13.031746031746032]}, "properties": {"point_id": 2645, "row": 41, "col": 21, "demand_2027": 904.1294554081678}}, {"type": "Feature", "geometry": {"type": "Point", "coordinates": [77.5652380952381, 13.031746031746032]}, "properties": {"point_id": 2646, "row": 41, "col": 22, "demand_2027": 1271.8585274583488}}, {"type": "Feature", "geometry": {"type": "Point", "coordinates": [77.5704761904762, 13.031746031746032]}, "properties": {"point_id": 2647, "row": 41, "col": 23, "demand_2027": 1053.550496797742}}, {"type": "Feature", "geometry": {"type": "Point", "coordinates": [77.57571428571428, 13.031746031746032]}, "properties": {"point_id": 2648, "row": 41, "col": 24, "demand_2027": 1145.4000489596247}}, {"type": "Feature", "geometry": {"type": "Point", "coordinates": [77.58095238095238, 13.031746031746032]}, "properties": {"point_id": 2649, "row": 41, "col": 25, "demand_2027": 1680.8782359783506}}, {"type": "Feature", "geometry": {"type": "Point", "coordinates": [77.58619047619048, 13.031746031746032]}, "properties": {"point_id": 2650, "row": 41, "col": 26, "demand_2027": 1034.126560787712}}, {"type": "Feature", "geometry": {"type": "Point", "coordinates": [77.59142857142858, 13.031746031746032]}, "properties": {"point_id": 2651, "row": 41, "col": 27, "demand_2027": 878.2739092632249}}, {"type": "Feature", "geometry": {"type": "Point", "coordinates": [77.59666666666666, 13.031746031746032]}, "properties": {"point_id": 2652, "row": 41, "col": 28, "demand_2027": 1602.5588456443054}}, {"type": "Feature", "geometry": {"type": "Point", "coordinates": [77.60190476190476, 13.031746031746032]}, "properties": {"point_id": 2653, "row": 41, "col": 29, "demand_2027": 1162.8322939563695}}, {"type": "Feature", "geometry": {"type": "Point", "coordinates": [77.60714285714286, 13.031746031746032]}, "properties": {"point_id": 2654, "row": 41, "col": 30, "demand_2027": 1221.3271025592494}}, {"type": "Feature", "geometry": {"type": "Point", "coordinates": [77.61238095238096, 13.031746031746032]}, "properties": {"point_id": 2655, "row": 41, "col": 31, "demand_2027": 1132.0203374967884}}, {"type": "Feature", "geometry": {"type": "Point", "coordinates": [77.61761904761904, 13.031746031746032]}, "properties": {"point_id": 2656, "row": 41, "col": 32, "demand_2027": 1210.6894429115664}}, {"type": "Feature", "geometry": {"type": "Point", "coordinates": [77.62285714285714, 13.031746031746032]}, "properties": {"point_id": 2657, "row": 41, "col": 33, "demand_2027": 985.82483841849}}, {"type": "Feature", "geometry": {"type": "Point", "coordinates": [77.62809523809524, 13.031746031746032]}, "properties": {"point_id": 2658, "row": 41, "col": 34, "demand_2027": 1058.9551599083536}}, {"type": "Feature", "geometry": {"type": "Point", "coordinates": [77.63333333333334, 13.031746031746032]}, "properties": {"point_id": 2659, "row": 41, "col": 35, "demand_2027": 1040.1409321479885}}, {"type": "Feature", "geometry": {"type": "Point", "coordinates": [77.63857142857142, 13.031746031746032]}, "properties": {"point_id": 2660, "row": 41, "col": 36, "demand_2027": 807.213873260117}}, {"type": "Feature", "geometry": {"type": "Point", "coordinates": [77.64380952380952, 13.031746031746032]}, "properties": {"point_id": 2661, "row": 41, "col": 37, "demand_2027": 754.299002938781}}, {"type": "Feature", "geometry": {"type": "Point", "coordinates": [77.64904761904762, 13.031746031746032]}, "properties": {"point_id": 2662, "row": 41, "col": 38, "demand_2027": 838.1864668527322}}, {"type": "Feature", "geometry": {"type": "Point", "coordinates": [77.65428571428572, 13.031746031746032]}, "properties": {"point_id": 2663, "row": 41, "col": 39, "demand_2027": 640.1801828264807}}, {"type": "Feature", "geometry": {"type": "Point", "coordinates": [77.6595238095238, 13.031746031746032]}, "properties": {"point_id": 2664, "row": 41, "col": 40, "demand_2027": 751.3888859491032}}, {"type": "Feature", "geometry": {"type": "Point", "coordinates": [77.6647619047619, 13.031746031746032]}, "properties": {"point_id": 2665, "row": 41, "col": 41, "demand_2027": 803.1906229841679}}, {"type": "Feature", "geometry": {"type": "Point", "coordinates": [77.67, 13.031746031746032]}, "properties": {"point_id": 2666, "row": 41, "col": 42, "demand_2027": 657.0770781357185}}, {"type": "Feature", "geometry": {"type": "Point", "coordinates": [77.6752380952381, 13.031746031746032]}, "properties": {"point_id": 2667, "row": 41, "col": 43, "demand_2027": 672.2753809689218}}, {"type": "Feature", "geometry": {"type": "Point", "coordinates": [77.6804761904762, 13.031746031746032]}, "properties": {"point_id": 2668, "row": 41, "col": 44, "demand_2027": 721.7943357952576}}, {"type": "Feature", "geometry": {"type": "Point", "coordinates": [77.68571428571428, 13.031746031746032]}, "properties": {"point_id": 2669, "row": 41, "col": 45, "demand_2027": 621.0332648523033}}, {"type": "Feature", "geometry": {"type": "Point", "coordinates": [77.69095238095238, 13.031746031746032]}, "properties": {"point_id": 2670, "row": 41, "col": 46, "demand_2027": 759.4313428355482}}, {"type": "Feature", "geometry": {"type": "Point", "coordinates": [77.69619047619048, 13.031746031746032]}, "properties": {"point_id": 2671, "row": 41, "col": 47, "demand_2027": 859.3258713082051}}, {"type": "Feature", "geometry": {"type": "Point", "coordinates": [77.70142857142858, 13.031746031746032]}, "properties": {"point_id": 2672, "row": 41, "col": 48, "demand_2027": 702.3424490987531}}, {"type": "Feature", "geometry": {"type": "Point", "coordinates": [77.70666666666666, 13.031746031746032]}, "properties": {"point_id": 2673, "row": 41, "col": 49, "demand_2027": 768.1427965590227}}, {"type": "Feature", "geometry": {"type": "Point", "coordinates": [77.71190476190476, 13.031746031746032]}, "properties": {"point_id": 2674, "row": 41, "col": 50, "demand_2027": 684.9752667337468}}, {"type": "Feature", "geometry": {"type": "Point", "coordinates": [77.71714285714286, 13.031746031746032]}, "properties": {"point_id": 2675, "row": 41, "col": 51, "demand_2027": 782.9373899025042}}, {"type": "Feature", "geometry": {"type": "Point", "coordinates": [77.72238095238096, 13.031746031746032]}, "properties": {"point_id": 2676, "row": 41, "col": 52, "demand_2027": 913.040324704906}}, {"type": "Feature", "geometry": {"type": "Point", "coordinates": [77.72761904761904, 13.031746031746032]}, "properties": {"point_id": 2677, "row": 41, "col": 53, "demand_2027": 804.9959944345567}}, {"type": "Feature", "geometry": {"type": "Point", "coordinates": [77.73285714285714, 13.031746031746032]}, "properties": {"point_id": 2678, "row": 41, "col": 54, "demand_2027": 518.1187080893963}}, {"type": "Feature", "geometry": {"type": "Point", "coordinates": [77.73809523809524, 13.031746031746032]}, "properties": {"point_id": 2679, "row": 41, "col": 55, "demand_2027": 763.1371539802789}}, {"type": "Feature", "geometry": {"type": "Point", "coordinates": [77.74333333333334, 13.031746031746032]}, "properties": {"point_id": 2680, "row": 41, "col": 56, "demand_2027": 857.9034965748001}}, {"type": "Feature", "geometry": {"type": "Point", "coordinates": [77.74857142857142, 13.031746031746032]}, "properties": {"point_id": 2681, "row": 41, "col": 57, "demand_2027": 654.220700743847}}, {"type": "Feature", "geometry": {"type": "Point", "coordinates": [77.75380952380952, 13.031746031746032]}, "properties": {"point_id": 2682, "row": 41, "col": 58, "demand_2027": 775.5442775425367}}, {"type": "Feature", "geometry": {"type": "Point", "coordinates": [77.75904761904762, 13.031746031746032]}, "properties": {"point_id": 2683, "row": 41, "col": 59, "demand_2027": 617.6036824354746}}, {"type": "Feature", "geometry": {"type": "Point", "coordinates": [77.76428571428572, 13.031746031746032]}, "properties": {"point_id": 2684, "row": 41, "col": 60, "demand_2027": 481.9217960498417}}, {"type": "Feature", "geometry": {"type": "Point", "coordinates": [77.7695238095238, 13.031746031746032]}, "properties": {"point_id": 2685, "row": 41, "col": 61, "demand_2027": 652.0931317730718}}, {"type": "Feature", "geometry": {"type": "Point", "coordinates": [77.7747619047619, 13.031746031746032]}, "properties": {"point_id": 2686, "row": 41, "col": 62, "demand_2027": 395.64928545058615}}, {"type": "Feature", "geometry": {"type": "Point", "coordinates": [77.78, 13.031746031746032]}, "properties": {"point_id": 2687, "row": 41, "col": 63, "demand_2027": 505.7696700667143}}, {"type": "Feature", "geometry": {"type": "Point", "coordinates": [77.45, 13.036666666666667]}, "properties": {"point_id": 2688, "row": 42, "col": 0, "demand_2027": 268.5803179446181}}, {"type": "Feature", "geometry": {"type": "Point", "coordinates": [77.4552380952381, 13.036666666666667]}, "properties": {"point_id": 2689, "row": 42, "col": 1, "demand_2027": 165.00741381778997}}, {"type": "Feature", "geometry": {"type": "Point", "coordinates": [77.4604761904762, 13.036666666666667]}, "properties": {"point_id": 2690, "row": 42, "col": 2, "demand_2027": 186.73584102737917}}, {"type": "Feature", "geometry": {"type": "Point", "coordinates": [77.46571428571428, 13.036666666666667]}, "properties": {"point_id": 2691, "row": 42, "col": 3, "demand_2027": 204.25992723328653}}, {"type": "Feature", "geometry": {"type": "Point", "coordinates": [77.47095238095238, 13.036666666666667]}, "properties": {"point_id": 2692, "row": 42, "col": 4, "demand_2027": 263.93069463430027}}, {"type": "Feature", "geometry": {"type": "Point", "coordinates": [77.47619047619048, 13.036666666666667]}, "properties": {"point_id": 2693, "row": 42, "col": 5, "demand_2027": 250.77753242294003}}, {"type": "Feature", "geometry": {"type": "Point", "coordinates": [77.48142857142858, 13.036666666666667]}, "properties": {"point_id": 2694, "row": 42, "col": 6, "demand_2027": 338.5751578052154}}, {"type": "Feature", "geometry": {"type": "Point", "coordinates": [77.48666666666666, 13.036666666666667]}, "properties": {"point_id": 2695, "row": 42, "col": 7, "demand_2027": 322.6225356183382}}, {"type": "Feature", "geometry": {"type": "Point", "coordinates": [77.49190476190476, 13.036666666666667]}, "properties": {"point_id": 2696, "row": 42, "col": 8, "demand_2027": 340.0804336764665}}, {"type": "Feature", "geometry": {"type": "Point", "coordinates": [77.49714285714286, 13.036666666666667]}, "properties": {"point_id": 2697, "row": 42, "col": 9, "demand_2027": 320.45151174545816}}, {"type": "Feature", "geometry": {"type": "Point", "coordinates": [77.50238095238096, 13.036666666666667]}, "properties": {"point_id": 2698, "row": 42, "col": 10, "demand_2027": 338.9951053814148}}, {"type": "Feature", "geometry": {"type": "Point", "coordinates": [77.50761904761904, 13.036666666666667]}, "properties": {"point_id": 2699, "row": 42, "col": 11, "demand_2027": 325.63554495134565}}, {"type": "Feature", "geometry": {"type": "Point", "coordinates": [77.51285714285714, 13.036666666666667]}, "properties": {"point_id": 2700, "row": 42, "col": 12, "demand_2027": 444.61115912041737}}, {"type": "Feature", "geometry": {"type": "Point", "coordinates": [77.51809523809524, 13.036666666666667]}, "properties": {"point_id": 2701, "row": 42, "col": 13, "demand_2027": 353.9960051610296}}, {"type": "Feature", "geometry": {"type": "Point", "coordinates": [77.52333333333334, 13.036666666666667]}, "properties": {"point_id": 2702, "row": 42, "col": 14, "demand_2027": 529.0330375967538}}, {"type": "Feature", "geometry": {"type": "Point", "coordinates": [77.52857142857142, 13.036666666666667]}, "properties": {"point_id": 2703, "row": 42, "col": 15, "demand_2027": 604.2614317747558}}, {"type": "Feature", "geometry": {"type": "Point", "coordinates": [77.53380952380952, 13.036666666666667]}, "properties": {"point_id": 2704, "row": 42, "col": 16, "demand_2027": 563.5109516034988}}, {"type": "Feature", "geometry": {"type": "Point", "coordinates": [77.53904761904762, 13.036666666666667]}, "properties": {"point_id": 2705, "row": 42, "col": 17, "demand_2027": 605.1291104236461}}, {"type": "Feature", "geometry": {"type": "Point", "coordinates": [77.54428571428572, 13.036666666666667]}, "properties": {"point_id": 2706, "row": 42, "col": 18, "demand_2027": 748.025156114286}}, {"type": "Feature", "geometry": {"type": "Point", "coordinates": [77.5495238095238, 13.036666666666667]}, "properties": {"point_id": 2707, "row": 42, "col": 19, "demand_2027": 453.2798255801481}}, {"type": "Feature", "geometry": {"type": "Point", "coordinates": [77.5547619047619, 13.036666666666667]}, "properties": {"point_id": 2708, "row": 42, "col": 20, "demand_2027": 902.5897522584181}}, {"type": "Feature", "geometry": {"type": "Point", "coordinates": [77.56, 13.036666666666667]}, "properties": {"point_id": 2709, "row": 42, "col": 21, "demand_2027": 847.284707962491}}, {"type": "Feature", "geometry": {"type": "Point", "coordinates": [77.5652380952381, 13.036666666666667]}, "properties": {"point_id": 2710, "row": 42, "col": 22, "demand_2027": 1039.7075355880932}}, {"type": "Feature", "geometry": {"type": "Point", "coordinates": [77.5704761904762, 13.036666666666667]}, "properties": {"point_id": 2711, "row": 42, "col": 23, "demand_2027": 1132.8984129135497}}, {"type": "Feature", "geometry": {"type": "Point", "coordinates": [77.57571428571428, 13.036666666666667]}, "properties": {"point_id": 2712, "row": 42, "col": 24, "demand_2027": 1103.5427777193313}}, {"type": "Feature", "geometry": {"type": "Point", "coordinates": [77.58095238095238, 13.036666666666667]}, "properties": {"point_id": 2713, "row": 42, "col": 25, "demand_2027": 980.7716761372849}}, {"type": "Feature", "geometry": {"type": "Point", "coordinates": [77.58619047619048, 13.036666666666667]}, "properties": {"point_id": 2714, "row": 42, "col": 26, "demand_2027": 1214.0342662806913}}, {"type": "Feature", "geometry": {"type": "Point", "coordinates": [77.59142857142858, 13.036666666666667]}, "properties": {"point_id": 2715, "row": 42, "col": 27, "demand_2027": 1222.292015862558}}, {"type": "Feature", "geometry": {"type": "Point", "coordinates": [77.59666666666666, 13.036666666666667]}, "properties": {"point_id": 2716, "row": 42, "col": 28, "demand_2027": 1228.1518353768126}}, {"type": "Feature", "geometry": {"type": "Point", "coordinates": [77.60190476190476, 13.036666666666667]}, "properties": {"point_id": 2717, "row": 42, "col": 29, "demand_2027": 1202.1399224077613}}, {"type": "Feature", "geometry": {"type": "Point", "coordinates": [77.60714285714286, 13.036666666666667]}, "properties": {"point_id": 2718, "row": 42, "col": 30, "demand_2027": 1429.4661887570498}}, {"type": "Feature", "geometry": {"type": "Point", "coordinates": [77.61238095238096, 13.036666666666667]}, "properties": {"point_id": 2719, "row": 42, "col": 31, "demand_2027": 985.3583239422259}}, {"type": "Feature", "geometry": {"type": "Point", "coordinates": [77.61761904761904, 13.036666666666667]}, "properties": {"point_id": 2720, "row": 42, "col": 32, "demand_2027": 1280.1282437454636}}, {"type": "Feature", "geometry": {"type": "Point", "coordinates": [77.62285714285714, 13.036666666666667]}, "properties": {"point_id": 2721, "row": 42, "col": 33, "demand_2027": 1308.0054123126974}}, {"type": "Feature", "geometry": {"type": "Point", "coordinates": [77.62809523809524, 13.036666666666667]}, "properties": {"point_id": 2722, "row": 42, "col": 34, "demand_2027": 787.6507623721902}}, {"type": "Feature", "geometry": {"type": "Point", "coordinates": [77.63333333333334, 13.036666666666667]}, "properties": {"point_id": 2723, "row": 42, "col": 35, "demand_2027": 1029.972487856676}}, {"type": "Feature", "geometry": {"type": "Point", "coordinates": [77.63857142857142, 13.036666666666667]}, "properties": {"point_id": 2724, "row": 42, "col": 36, "demand_2027": 829.4301673446392}}, {"type": "Feature", "geometry": {"type": "Point", "coordinates": [77.64380952380952, 13.036666666666667]}, "properties": {"point_id": 2725, "row": 42, "col": 37, "demand_2027": 778.4567275807642}}, {"type": "Feature", "geometry": {"type": "Point", "coordinates": [77.64904761904762, 13.036666666666667]}, "properties": {"point_id": 2726, "row": 42, "col": 38, "demand_2027": 736.6414545039275}}, {"type": "Feature", "geometry": {"type": "Point", "coordinates": [77.65428571428572, 13.036666666666667]}, "properties": {"point_id": 2727, "row": 42, "col": 39, "demand_2027": 712.5111598821618}}, {"type": "Feature", "geometry": {"type": "Point", "coordinates": [77.6595238095238, 13.036666666666667]}, "properties": {"point_id": 2728, "row": 42, "col": 40, "demand_2027": 905.7459734209472}}, {"type": "Feature", "geometry": {"type": "Point", "coordinates": [77.6647619047619, 13.036666666666667]}, "properties": {"point_id": 2729, "row": 42, "col": 41, "demand_2027": 554.9985241931059}}, {"type": "Feature", "geometry": {"type": "Point", "coordinates": [77.67, 13.036666666666667]}, "properties": {"point_id": 2730, "row": 42, "col": 42, "demand_2027": 542.6377929221056}}, {"type": "Feature", "geometry": {"type": "Point", "coordinates": [77.6752380952381, 13.036666666666667]}, "properties": {"point_id": 2731, "row": 42, "col": 43, "demand_2027": 507.19359594644664}}, {"type": "Feature", "geometry": {"type": "Point", "coordinates": [77.6804761904762, 13.036666666666667]}, "properties": {"point_id": 2732, "row": 42, "col": 44, "demand_2027": 809.219668213957}}, {"type": "Feature", "geometry": {"type": "Point", "coordinates": [77.68571428571428, 13.036666666666667]}, "properties": {"point_id": 2733, "row": 42, "col": 45, "demand_2027": 568.4916078054026}}, {"type": "Feature", "geometry": {"type": "Point", "coordinates": [77.69095238095238, 13.036666666666667]}, "properties": {"point_id": 2734, "row": 42, "col": 46, "demand_2027": 642.6308655513122}}, {"type": "Feature", "geometry": {"type": "Point", "coordinates": [77.69619047619048, 13.036666666666667]}, "properties": {"point_id": 2735, "row": 42, "col": 47, "demand_2027": 606.5338244152371}}, {"type": "Feature", "geometry": {"type": "Point", "coordinates": [77.70142857142858, 13.036666666666667]}, "properties": {"point_id": 2736, "row": 42, "col": 48, "demand_2027": 520.5507766570048}}, {"type": "Feature", "geometry": {"type": "Point", "coordinates": [77.70666666666666, 13.036666666666667]}, "properties": {"point_id": 2737, "row": 42, "col": 49, "demand_2027": 609.5747345755309}}, {"type": "Feature", "geometry": {"type": "Point", "coordinates": [77.71190476190476, 13.036666666666667]}, "properties": {"point_id": 2738, "row": 42, "col": 50, "demand_2027": 934.2837797320454}}, {"type": "Feature", "geometry": {"type": "Point", "coordinates": [77.71714285714286, 13.036666666666667]}, "properties": {"point_id": 2739, "row": 42, "col": 51, "demand_2027": 785.5597956921991}}, {"type": "Feature", "geometry": {"type": "Point", "coordinates": [77.72238095238096, 13.036666666666667]}, "properties": {"point_id": 2740, "row": 42, "col": 52, "demand_2027": 606.3504184397053}}, {"type": "Feature", "geometry": {"type": "Point", "coordinates": [77.72761904761904, 13.036666666666667]}, "properties": {"point_id": 2741, "row": 42, "col": 53, "demand_2027": 659.938649184687}}, {"type": "Feature", "geometry": {"type": "Point", "coordinates": [77.73285714285714, 13.036666666666667]}, "properties": {"point_id": 2742, "row": 42, "col": 54, "demand_2027": 554.496194431314}}, {"type": "Feature", "geometry": {"type": "Point", "coordinates": [77.73809523809524, 13.036666666666667]}, "properties": {"point_id": 2743, "row": 42, "col": 55, "demand_2027": 499.41416841631974}}, {"type": "Feature", "geometry": {"type": "Point", "coordinates": [77.74333333333334, 13.036666666666667]}, "properties": {"point_id": 2744, "row": 42, "col": 56, "demand_2027": 772.4486535515441}}, {"type": "Feature", "geometry": {"type": "Point", "coordinates": [77.74857142857142, 13.036666666666667]}, "properties": {"point_id": 2745, "row": 42, "col": 57, "demand_2027": 739.1599452984493}}, {"type": "Feature", "geometry": {"type": "Point", "coordinates": [77.75380952380952, 13.036666666666667]}, "properties": {"point_id": 2746, "row": 42, "col": 58, "demand_2027": 731.9482849457706}}, {"type": "Feature", "geometry": {"type": "Point", "coordinates": [77.75904761904762, 13.036666666666667]}, "properties": {"point_id": 2747, "row": 42, "col": 59, "demand_2027": 564.4748055222269}}, {"type": "Feature", "geometry": {"type": "Point", "coordinates": [77.76428571428572, 13.036666666666667]}, "properties": {"point_id": 2748, "row": 42, "col": 60, "demand_2027": 553.2260590328622}}, {"type": "Feature", "geometry": {"type": "Point", "coordinates": [77.7695238095238, 13.036666666666667]}, "properties": {"point_id": 2749, "row": 42, "col": 61, "demand_2027": 674.3962714326785}}, {"type": "Feature", "geometry": {"type": "Point", "coordinates": [77.7747619047619, 13.036666666666667]}, "properties": {"point_id": 2750, "row": 42, "col": 62, "demand_2027": 556.9757126710886}}, {"type": "Feature", "geometry": {"type": "Point", "coordinates": [77.78, 13.036666666666667]}, "properties": {"point_id": 2751, "row": 42, "col": 63, "demand_2027": 460.0916964755206}}, {"type": "Feature", "geometry": {"type": "Point", "coordinates": [77.45, 13.041587301587303]}, "properties": {"point_id": 2752, "row": 43, "col": 0, "demand_2027": 171.68780498092988}}, {"type": "Feature", "geometry": {"type": "Point", "coordinates": [77.4552380952381, 13.041587301587303]}, "properties": {"point_id": 2753, "row": 43, "col": 1, "demand_2027": 251.24278998425996}}, {"type": "Feature", "geometry": {"type": "Point", "coordinates": [77.4604761904762, 13.041587301587303]}, "properties": {"point_id": 2754, "row": 43, "col": 2, "demand_2027": 300.1372069852878}}, {"type": "Feature", "geometry": {"type": "Point", "coordinates": [77.46571428571428, 13.041587301587303]}, "properties": {"point_id": 2755, "row": 43, "col": 3, "demand_2027": 211.3255945872798}}, {"type": "Feature", "geometry": {"type": "Point", "coordinates": [77.47095238095238, 13.041587301587303]}, "properties": {"point_id": 2756, "row": 43, "col": 4, "demand_2027": 264.0727711105817}}, {"type": "Feature", "geometry": {"type": "Point", "coordinates": [77.47619047619048, 13.041587301587303]}, "properties": {"point_id": 2757, "row": 43, "col": 5, "demand_2027": 286.0051162257508}}, {"type": "Feature", "geometry": {"type": "Point", "coordinates": [77.48142857142858, 13.041587301587303]}, "properties": {"point_id": 2758, "row": 43, "col": 6, "demand_2027": 306.55962484284936}}, {"type": "Feature", "geometry": {"type": "Point", "coordinates": [77.48666666666666, 13.041587301587303]}, "properties": {"point_id": 2759, "row": 43, "col": 7, "demand_2027": 315.06097179767966}}, {"type": "Feature", "geometry": {"type": "Point", "coordinates": [77.49190476190476, 13.041587301587303]}, "properties": {"point_id": 2760, "row": 43, "col": 8, "demand_2027": 259.4733869350369}}, {"type": "Feature", "geometry": {"type": "Point", "coordinates": [77.49714285714286, 13.041587301587303]}, "properties": {"point_id": 2761, "row": 43, "col": 9, "demand_2027": 237.09706859348847}}, {"type": "Feature", "geometry": {"type": "Point", "coordinates": [77.50238095238096, 13.041587301587303]}, "properties": {"point_id": 2762, "row": 43, "col": 10, "demand_2027": 298.732080521042}}, {"type": "Feature", "geometry": {"type": "Point", "coordinates": [77.50761904761904, 13.041587301587303]}, "properties": {"point_id": 2763, "row": 43, "col": 11, "demand_2027": 412.646930327971}}, {"type": "Feature", "geometry": {"type": "Point", "coordinates": [77.51285714285714, 13.041587301587303]}, "properties": {"point_id": 2764, "row": 43, "col": 12, "demand_2027": 366.5087055634478}}, {"type": "Feature", "geometry": {"type": "Point", "coordinates": [77.51809523809524, 13.041587301587303]}, "properties": {"point_id": 2765, "row": 43, "col": 13, "demand_2027": 358.91685767444363}}, {"type": "Feature", "geometry": {"type": "Point", "coordinates": [77.52333333333334, 13.041587301587303]}, "properties": {"point_id": 2766, "row": 43, "col": 14, "demand_2027": 320.2324314473583}}, {"type": "Feature", "geometry": {"type": "Point", "coordinates": [77.52857142857142, 13.041587301587303]}, "properties": {"point_id": 2767, "row": 43, "col": 15, "demand_2027": 629.0855076389598}}, {"type": "Feature", "geometry": {"type": "Point", "coordinates": [77.53380952380952, 13.041587301587303]}, "properties": {"point_id": 2768, "row": 43, "col": 16, "demand_2027": 603.6788239010674}}, {"type": "Feature", "geometry": {"type": "Point", "coordinates": [77.53904761904762, 13.041587301587303]}, "properties": {"point_id": 2769, "row": 43, "col": 17, "demand_2027": 678.7867050636212}}, {"type": "Feature", "geometry": {"type": "Point", "coordinates": [77.54428571428572, 13.041587301587303]}, "properties": {"point_id": 2770, "row": 43, "col": 18, "demand_2027": 782.081937598375}}, {"type": "Feature", "geometry": {"type": "Point", "coordinates": [77.5495238095238, 13.041587301587303]}, "properties": {"point_id": 2771, "row": 43, "col": 19, "demand_2027": 849.6968914671517}}, {"type": "Feature", "geometry": {"type": "Point", "coordinates": [77.5547619047619, 13.041587301587303]}, "properties": {"point_id": 2772, "row": 43, "col": 20, "demand_2027": 785.5619931436759}}, {"type": "Feature", "geometry": {"type": "Point", "coordinates": [77.56, 13.041587301587303]}, "properties": {"point_id": 2773, "row": 43, "col": 21, "demand_2027": 872.7653583370334}}, {"type": "Feature", "geometry": {"type": "Point", "coordinates": [77.5652380952381, 13.041587301587303]}, "properties": {"point_id": 2774, "row": 43, "col": 22, "demand_2027": 925.7123312968179}}, {"type": "Feature", "geometry": {"type": "Point", "coordinates": [77.5704761904762, 13.041587301587303]}, "properties": {"point_id": 2775, "row": 43, "col": 23, "demand_2027": 1406.8175542285394}}, {"type": "Feature", "geometry": {"type": "Point", "coordinates": [77.57571428571428, 13.041587301587303]}, "properties": {"point_id": 2776, "row": 43, "col": 24, "demand_2027": 1226.3473574536843}}, {"type": "Feature", "geometry": {"type": "Point", "coordinates": [77.58095238095238, 13.041587301587303]}, "properties": {"point_id": 2777, "row": 43, "col": 25, "demand_2027": 1059.9559260343885}}, {"type": "Feature", "geometry": {"type": "Point", "coordinates": [77.58619047619048, 13.041587301587303]}, "properties": {"point_id": 2778, "row": 43, "col": 26, "demand_2027": 1279.239233124693}}, {"type": "Feature", "geometry": {"type": "Point", "coordinates": [77.59142857142858, 13.041587301587303]}, "properties": {"point_id": 2779, "row": 43, "col": 27, "demand_2027": 994.114806281477}}, {"type": "Feature", "geometry": {"type": "Point", "coordinates": [77.59666666666666, 13.041587301587303]}, "properties": {"point_id": 2780, "row": 43, "col": 28, "demand_2027": 1511.432974697173}}, {"type": "Feature", "geometry": {"type": "Point", "coordinates": [77.60190476190476, 13.041587301587303]}, "properties": {"point_id": 2781, "row": 43, "col": 29, "demand_2027": 1058.9161236108996}}, {"type": "Feature", "geometry": {"type": "Point", "coordinates": [77.60714285714286, 13.041587301587303]}, "properties": {"point_id": 2782, "row": 43, "col": 30, "demand_2027": 1376.1766044855938}}, {"type": "Feature", "geometry": {"type": "Point", "coordinates": [77.61238095238096, 13.041587301587303]}, "properties": {"point_id": 2783, "row": 43, "col": 31, "demand_2027": 1327.0794770634764}}, {"type": "Feature", "geometry": {"type": "Point", "coordinates": [77.61761904761904, 13.041587301587303]}, "properties": {"point_id": 2784, "row": 43, "col": 32, "demand_2027": 1224.2225152794788}}, {"type": "Feature", "geometry": {"type": "Point", "coordinates": [77.62285714285714, 13.041587301587303]}, "properties": {"point_id": 2785, "row": 43, "col": 33, "demand_2027": 1118.116769235998}}, {"type": "Feature", "geometry": {"type": "Point", "coordinates": [77.62809523809524, 13.041587301587303]}, "properties": {"point_id": 2786, "row": 43, "col": 34, "demand_2027": 963.1394138583248}}, {"type": "Feature", "geometry": {"type": "Point", "coordinates": [77.63333333333334, 13.041587301587303]}, "properties": {"point_id": 2787, "row": 43, "col": 35, "demand_2027": 955.7304967319508}}, {"type": "Feature", "geometry": {"type": "Point", "coordinates": [77.63857142857142, 13.041587301587303]}, "properties": {"point_id": 2788, "row": 43, "col": 36, "demand_2027": 815.7284774039698}}, {"type": "Feature", "geometry": {"type": "Point", "coordinates": [77.64380952380952, 13.041587301587303]}, "properties": {"point_id": 2789, "row": 43, "col": 37, "demand_2027": 827.0950199815287}}, {"type": "Feature", "geometry": {"type": "Point", "coordinates": [77.64904761904762, 13.041587301587303]}, "properties": {"point_id": 2790, "row": 43, "col": 38, "demand_2027": 966.381751132795}}, {"type": "Feature", "geometry": {"type": "Point", "coordinates": [77.65428571428572, 13.041587301587303]}, "properties": {"point_id": 2791, "row": 43, "col": 39, "demand_2027": 688.4727308597268}}, {"type": "Feature", "geometry": {"type": "Point", "coordinates": [77.6595238095238, 13.041587301587303]}, "properties": {"point_id": 2792, "row": 43, "col": 40, "demand_2027": 607.8559046668779}}, {"type": "Feature", "geometry": {"type": "Point", "coordinates": [77.6647619047619, 13.041587301587303]}, "properties": {"point_id": 2793, "row": 43, "col": 41, "demand_2027": 585.1469078756837}}, {"type": "Feature", "geometry": {"type": "Point", "coordinates": [77.67, 13.041587301587303]}, "properties": {"point_id": 2794, "row": 43, "col": 42, "demand_2027": 686.8555682398995}}, {"type": "Feature", "geometry": {"type": "Point", "coordinates": [77.6752380952381, 13.041587301587303]}, "properties": {"point_id": 2795, "row": 43, "col": 43, "demand_2027": 678.7713187063628}}, {"type": "Feature", "geometry": {"type": "Point", "coordinates": [77.6804761904762, 13.041587301587303]}, "properties": {"point_id": 2796, "row": 43, "col": 44, "demand_2027": 596.4154409777395}}, {"type": "Feature", "geometry": {"type": "Point", "coordinates": [77.68571428571428, 13.041587301587303]}, "properties": {"point_id": 2797, "row": 43, "col": 45, "demand_2027": 564.8740659072712}}, {"type": "Feature", "geometry": {"type": "Point", "coordinates": [77.69095238095238, 13.041587301587303]}, "properties": {"point_id": 2798, "row": 43, "col": 46, "demand_2027": 617.8236694209619}}, {"type": "Feature", "geometry": {"type": "Point", "coordinates": [77.69619047619048, 13.041587301587303]}, "properties": {"point_id": 2799, "row": 43, "col": 47, "demand_2027": 518.1891805830293}}, {"type": "Feature", "geometry": {"type": "Point", "coordinates": [77.70142857142858, 13.041587301587303]}, "properties": {"point_id": 2800, "row": 43, "col": 48, "demand_2027": 550.6475870562051}}, {"type": "Feature", "geometry": {"type": "Point", "coordinates": [77.70666666666666, 13.041587301587303]}, "properties": {"point_id": 2801, "row": 43, "col": 49, "demand_2027": 642.0631003239052}}, {"type": "Feature", "geometry": {"type": "Point", "coordinates": [77.71190476190476, 13.041587301587303]}, "properties": {"point_id": 2802, "row": 43, "col": 50, "demand_2027": 636.0843250762681}}, {"type": "Feature", "geometry": {"type": "Point", "coordinates": [77.71714285714286, 13.041587301587303]}, "properties": {"point_id": 2803, "row": 43, "col": 51, "demand_2027": 483.5254505736002}}, {"type": "Feature", "geometry": {"type": "Point", "coordinates": [77.72238095238096, 13.041587301587303]}, "properties": {"point_id": 2804, "row": 43, "col": 52, "demand_2027": 480.5446614355845}}, {"type": "Feature", "geometry": {"type": "Point", "coordinates": [77.72761904761904, 13.041587301587303]}, "properties": {"point_id": 2805, "row": 43, "col": 53, "demand_2027": 597.5205981920807}}, {"type": "Feature", "geometry": {"type": "Point", "coordinates": [77.73285714285714, 13.041587301587303]}, "properties": {"point_id": 2806, "row": 43, "col": 54, "demand_2027": 773.149219960201}}, {"type": "Feature", "geometry": {"type": "Point", "coordinates": [77.73809523809524, 13.041587301587303]}, "properties": {"point_id": 2807, "row": 43, "col": 55, "demand_2027": 389.6280172282727}}, {"type": "Feature", "geometry": {"type": "Point", "coordinates": [77.74333333333334, 13.041587301587303]}, "properties": {"point_id": 2808, "row": 43, "col": 56, "demand_2027": 586.105575032615}}, {"type": "Feature", "geometry": {"type": "Point", "coordinates": [77.74857142857142, 13.041587301587303]}, "properties": {"point_id": 2809, "row": 43, "col": 57, "demand_2027": 451.82111730709744}}, {"type": "Feature", "geometry": {"type": "Point", "coordinates": [77.75380952380952, 13.041587301587303]}, "properties": {"point_id": 2810, "row": 43, "col": 58, "demand_2027": 508.9761665788411}}, {"type": "Feature", "geometry": {"type": "Point", "coordinates": [77.75904761904762, 13.041587301587303]}, "properties": {"point_id": 2811, "row": 43, "col": 59, "demand_2027": 516.611402383827}}, {"type": "Feature", "geometry": {"type": "Point", "coordinates": [77.76428571428572, 13.041587301587303]}, "properties": {"point_id": 2812, "row": 43, "col": 60, "demand_2027": 502.0669017602131}}, {"type": "Feature", "geometry": {"type": "Point", "coordinates": [77.7695238095238, 13.041587301587303]}, "properties": {"point_id": 2813, "row": 43, "col": 61, "demand_2027": 472.5753364559766}}, {"type": "Feature", "geometry": {"type": "Point", "coordinates": [77.7747619047619, 13.041587301587303]}, "properties": {"point_id": 2814, "row": 43, "col": 62, "demand_2027": 480.7529374434071}}, {"type": "Feature", "geometry": {"type": "Point", "coordinates": [77.78, 13.041587301587303]}, "properties": {"point_id": 2815, "row": 43, "col": 63, "demand_2027": 401.53850685383003}}, {"type": "Feature", "geometry": {"type": "Point", "coordinates": [77.45, 13.046507936507936]}, "properties": {"point_id": 2816, "row": 44, "col": 0, "demand_2027": 184.48398833218178}}, {"type": "Feature", "geometry": {"type": "Point", "coordinates": [77.4552380952381, 13.046507936507936]}, "properties": {"point_id": 2817, "row": 44, "col": 1, "demand_2027": 279.6836573191083}}, {"type": "Feature", "geometry": {"type": "Point", "coordinates": [77.4604761904762, 13.046507936507936]}, "properties": {"point_id": 2818, "row": 44, "col": 2, "demand_2027": 279.389700876053}}, {"type": "Feature", "geometry": {"type": "Point", "coordinates": [77.46571428571428, 13.046507936507936]}, "properties": {"point_id": 2819, "row": 44, "col": 3, "demand_2027": 272.2149060762456}}, {"type": "Feature", "geometry": {"type": "Point", "coordinates": [77.47095238095238, 13.046507936507936]}, "properties": {"point_id": 2820, "row": 44, "col": 4, "demand_2027": 187.55969968120857}}, {"type": "Feature", "geometry": {"type": "Point", "coordinates": [77.47619047619048, 13.046507936507936]}, "properties": {"point_id": 2821, "row": 44, "col": 5, "demand_2027": 276.3639207994607}}, {"type": "Feature", "geometry": {"type": "Point", "coordinates": [77.48142857142858, 13.046507936507936]}, "properties": {"point_id": 2822, "row": 44, "col": 6, "demand_2027": 291.3898139553592}}, {"type": "Feature", "geometry": {"type": "Point", "coordinates": [77.48666666666666, 13.046507936507936]}, "properties": {"point_id": 2823, "row": 44, "col": 7, "demand_2027": 220.8317531950864}}, {"type": "Feature", "geometry": {"type": "Point", "coordinates": [77.49190476190476, 13.046507936507936]}, "properties": {"point_id": 2824, "row": 44, "col": 8, "demand_2027": 291.02557032432924}}, {"type": "Feature", "geometry": {"type": "Point", "coordinates": [77.49714285714286, 13.046507936507936]}, "properties": {"point_id": 2825, "row": 44, "col": 9, "demand_2027": 298.2976068316293}}, {"type": "Feature", "geometry": {"type": "Point", "coordinates": [77.50238095238096, 13.046507936507936]}, "properties": {"point_id": 2826, "row": 44, "col": 10, "demand_2027": 430.6911187099173}}, {"type": "Feature", "geometry": {"type": "Point", "coordinates": [77.50761904761904, 13.046507936507936]}, "properties": {"point_id": 2827, "row": 44, "col": 11, "demand_2027": 434.9903627862078}}, {"type": "Feature", "geometry": {"type": "Point", "coordinates": [77.51285714285714, 13.046507936507936]}, "properties": {"point_id": 2828, "row": 44, "col": 12, "demand_2027": 299.02580983919495}}, {"type": "Feature", "geometry": {"type": "Point", "coordinates": [77.51809523809524, 13.046507936507936]}, "properties": {"point_id": 2829, "row": 44, "col": 13, "demand_2027": 561.02854340946}}, {"type": "Feature", "geometry": {"type": "Point", "coordinates": [77.52333333333334, 13.046507936507936]}, "properties": {"point_id": 2830, "row": 44, "col": 14, "demand_2027": 359.9184317834862}}, {"type": "Feature", "geometry": {"type": "Point", "coordinates": [77.52857142857142, 13.046507936507936]}, "properties": {"point_id": 2831, "row": 44, "col": 15, "demand_2027": 563.8236093201609}}, {"type": "Feature", "geometry": {"type": "Point", "coordinates": [77.53380952380952, 13.046507936507936]}, "properties": {"point_id": 2832, "row": 44, "col": 16, "demand_2027": 615.1185614917721}}, {"type": "Feature", "geometry": {"type": "Point", "coordinates": [77.53904761904762, 13.046507936507936]}, "properties": {"point_id": 2833, "row": 44, "col": 17, "demand_2027": 477.33340553151874}}, {"type": "Feature", "geometry": {"type": "Point", "coordinates": [77.54428571428572, 13.046507936507936]}, "properties": {"point_id": 2834, "row": 44, "col": 18, "demand_2027": 674.1359621559834}}, {"type": "Feature", "geometry": {"type": "Point", "coordinates": [77.5495238095238, 13.046507936507936]}, "properties": {"point_id": 2835, "row": 44, "col": 19, "demand_2027": 666.4212648014789}}, {"type": "Feature", "geometry": {"type": "Point", "coordinates": [77.5547619047619, 13.046507936507936]}, "properties": {"point_id": 2836, "row": 44, "col": 20, "demand_2027": 891.9864689851804}}, {"type": "Feature", "geometry": {"type": "Point", "coordinates": [77.56, 13.046507936507936]}, "properties": {"point_id": 2837, "row": 44, "col": 21, "demand_2027": 889.4521456671922}}, {"type": "Feature", "geometry": {"type": "Point", "coordinates": [77.5652380952381, 13.046507936507936]}, "properties": {"point_id": 2838, "row": 44, "col": 22, "demand_2027": 1142.4915385854938}}, {"type": "Feature", "geometry": {"type": "Point", "coordinates": [77.5704761904762, 13.046507936507936]}, "properties": {"point_id": 2839, "row": 44, "col": 23, "demand_2027": 1018.584104212762}}, {"type": "Feature", "geometry": {"type": "Point", "coordinates": [77.57571428571428, 13.046507936507936]}, "properties": {"point_id": 2840, "row": 44, "col": 24, "demand_2027": 1025.383800206853}}, {"type": "Feature", "geometry": {"type": "Point", "coordinates": [77.58095238095238, 13.046507936507936]}, "properties": {"point_id": 2841, "row": 44, "col": 25, "demand_2027": 1322.6117012533393}}, {"type": "Feature", "geometry": {"type": "Point", "coordinates": [77.58619047619048, 13.046507936507936]}, "properties": {"point_id": 2842, "row": 44, "col": 26, "demand_2027": 1278.823130291365}}, {"type": "Feature", "geometry": {"type": "Point", "coordinates": [77.59142857142858, 13.046507936507936]}, "properties": {"point_id": 2843, "row": 44, "col": 27, "demand_2027": 1284.6848481839738}}, {"type": "Feature", "geometry": {"type": "Point", "coordinates": [77.59666666666666, 13.046507936507936]}, "properties": {"point_id": 2844, "row": 44, "col": 28, "demand_2027": 1035.5141786354827}}, {"type": "Feature", "geometry": {"type": "Point", "coordinates": [77.60190476190476, 13.046507936507936]}, "properties": {"point_id": 2845, "row": 44, "col": 29, "demand_2027": 963.5123596435047}}, {"type": "Feature", "geometry": {"type": "Point", "coordinates": [77.60714285714286, 13.046507936507936]}, "properties": {"point_id": 2846, "row": 44, "col": 30, "demand_2027": 1046.5354474870226}}, {"type": "Feature", "geometry": {"type": "Point", "coordinates": [77.61238095238096, 13.046507936507936]}, "properties": {"point_id": 2847, "row": 44, "col": 31, "demand_2027": 1019.296420113797}}, {"type": "Feature", "geometry": {"type": "Point", "coordinates": [77.61761904761904, 13.046507936507936]}, "properties": {"point_id": 2848, "row": 44, "col": 32, "demand_2027": 1241.873899771196}}, {"type": "Feature", "geometry": {"type": "Point", "coordinates": [77.62285714285714, 13.046507936507936]}, "properties": {"point_id": 2849, "row": 44, "col": 33, "demand_2027": 1229.2445376987146}}, {"type": "Feature", "geometry": {"type": "Point", "coordinates": [77.62809523809524, 13.046507936507936]}, "properties": {"point_id": 2850, "row": 44, "col": 34, "demand_2027": 1025.4278697697493}}, {"type": "Feature", "geometry": {"type": "Point", "coordinates": [77.63333333333334, 13.046507936507936]}, "properties": {"point_id": 2851, "row": 44, "col": 35, "demand_2027": 1145.041375743348}}, {"type": "Feature", "geometry": {"type": "Point", "coordinates": [77.63857142857142, 13.046507936507936]}, "properties": {"point_id": 2852, "row": 44, "col": 36, "demand_2027": 1042.8203641781142}}, {"type": "Feature", "geometry": {"type": "Point", "coordinates": [77.64380952380952, 13.046507936507936]}, "properties": {"point_id": 2853, "row": 44, "col": 37, "demand_2027": 791.7997136008971}}, {"type": "Feature", "geometry": {"type": "Point", "coordinates": [77.64904761904762, 13.046507936507936]}, "properties": {"point_id": 2854, "row": 44, "col": 38, "demand_2027": 637.208694610603}}, {"type": "Feature", "geometry": {"type": "Point", "coordinates": [77.65428571428572, 13.046507936507936]}, "properties": {"point_id": 2855, "row": 44, "col": 39, "demand_2027": 857.3183930698399}}, {"type": "Feature", "geometry": {"type": "Point", "coordinates": [77.6595238095238, 13.046507936507936]}, "properties": {"point_id": 2856, "row": 44, "col": 40, "demand_2027": 646.6730796888291}}, {"type": "Feature", "geometry": {"type": "Point", "coordinates": [77.6647619047619, 13.046507936507936]}, "properties": {"point_id": 2857, "row": 44, "col": 41, "demand_2027": 623.1320802145356}}, {"type": "Feature", "geometry": {"type": "Point", "coordinates": [77.67, 13.046507936507936]}, "properties": {"point_id": 2858, "row": 44, "col": 42, "demand_2027": 541.4808539037613}}, {"type": "Feature", "geometry": {"type": "Point", "coordinates": [77.6752380952381, 13.046507936507936]}, "properties": {"point_id": 2859, "row": 44, "col": 43, "demand_2027": 487.90847819595945}}, {"type": "Feature", "geometry": {"type": "Point", "coordinates": [77.6804761904762, 13.046507936507936]}, "properties": {"point_id": 2860, "row": 44, "col": 44, "demand_2027": 410.4901792431946}}, {"type": "Feature", "geometry": {"type": "Point", "coordinates": [77.68571428571428, 13.046507936507936]}, "properties": {"point_id": 2861, "row": 44, "col": 45, "demand_2027": 545.1975203800177}}, {"type": "Feature", "geometry": {"type": "Point", "coordinates": [77.69095238095238, 13.046507936507936]}, "properties": {"point_id": 2862, "row": 44, "col": 46, "demand_2027": 461.49751613164744}}, {"type": "Feature", "geometry": {"type": "Point", "coordinates": [77.69619047619048, 13.046507936507936]}, "properties": {"point_id": 2863, "row": 44, "col": 47, "demand_2027": 762.2692710722295}}, {"type": "Feature", "geometry": {"type": "Point", "coordinates": [77.70142857142858, 13.046507936507936]}, "properties": {"point_id": 2864, "row": 44, "col": 48, "demand_2027": 419.4583123370809}}, {"type": "Feature", "geometry": {"type": "Point", "coordinates": [77.70666666666666, 13.046507936507936]}, "properties": {"point_id": 2865, "row": 44, "col": 49, "demand_2027": 409.9245608831246}}, {"type": "Feature", "geometry": {"type": "Point", "coordinates": [77.71190476190476, 13.046507936507936]}, "properties": {"point_id": 2866, "row": 44, "col": 50, "demand_2027": 543.8880675352157}}, {"type": "Feature", "geometry": {"type": "Point", "coordinates": [77.71714285714286, 13.046507936507936]}, "properties": {"point_id": 2867, "row": 44, "col": 51, "demand_2027": 665.6732572872417}}, {"type": "Feature", "geometry": {"type": "Point", "coordinates": [77.72238095238096, 13.046507936507936]}, "properties": {"point_id": 2868, "row": 44, "col": 52, "demand_2027": 545.0347964118497}}, {"type": "Feature", "geometry": {"type": "Point", "coordinates": [77.72761904761904, 13.046507936507936]}, "properties": {"point_id": 2869, "row": 44, "col": 53, "demand_2027": 564.68266430265}}, {"type": "Feature", "geometry": {"type": "Point", "coordinates": [77.73285714285714, 13.046507936507936]}, "properties": {"point_id": 2870, "row": 44, "col": 54, "demand_2027": 387.0341755588829}}, {"type": "Feature", "geometry": {"type": "Point", "coordinates": [77.73809523809524, 13.046507936507936]}, "properties": {"point_id": 2871, "row": 44, "col": 55, "demand_2027": 456.4855974512272}}, {"type": "Feature", "geometry": {"type": "Point", "coordinates": [77.74333333333334, 13.046507936507936]}, "properties": {"point_id": 2872, "row": 44, "col": 56, "demand_2027": 470.84310999085784}}, {"type": "Feature", "geometry": {"type": "Point", "coordinates": [77.74857142857142, 13.046507936507936]}, "properties": {"point_id": 2873, "row": 44, "col": 57, "demand_2027": 353.40581745383395}}, {"type": "Feature", "geometry": {"type": "Point", "coordinates": [77.75380952380952, 13.046507936507936]}, "properties": {"point_id": 2874, "row": 44, "col": 58, "demand_2027": 490.148592283026}}, {"type": "Feature", "geometry": {"type": "Point", "coordinates": [77.75904761904762, 13.046507936507936]}, "properties": {"point_id": 2875, "row": 44, "col": 59, "demand_2027": 329.08944785433124}}, {"type": "Feature", "geometry": {"type": "Point", "coordinates": [77.76428571428572, 13.046507936507936]}, "properties": {"point_id": 2876, "row": 44, "col": 60, "demand_2027": 372.9509180159595}}, {"type": "Feature", "geometry": {"type": "Point", "coordinates": [77.7695238095238, 13.046507936507936]}, "properties": {"point_id": 2877, "row": 44, "col": 61, "demand_2027": 428.0250277371044}}, {"type": "Feature", "geometry": {"type": "Point", "coordinates": [77.7747619047619, 13.046507936507936]}, "properties": {"point_id": 2878, "row": 44, "col": 62, "demand_2027": 389.8294352277064}}, {"type": "Feature", "geometry": {"type": "Point", "coordinates": [77.78, 13.046507936507936]}, "properties": {"point_id": 2879, "row": 44, "col": 63, "demand_2027": 439.0784158669856}}, {"type": "Feature", "geometry": {"type": "Point", "coordinates": [77.45, 13.051428571428572]}, "properties": {"point_id": 2880, "row": 45, "col": 0, "demand_2027": 240.338857400677}}, {"type": "Feature", "geometry": {"type": "Point", "coordinates": [77.4552380952381, 13.051428571428572]}, "properties": {"point_id": 2881, "row": 45, "col": 1, "demand_2027": 272.04286150436906}}, {"type": "Feature", "geometry": {"type": "Point", "coordinates": [77.4604761904762, 13.051428571428572]}, "properties": {"point_id": 2882, "row": 45, "col": 2, "demand_2027": 281.7942762170452}}, {"type": "Feature", "geometry": {"type": "Point", "coordinates": [77.46571428571428, 13.051428571428572]}, "properties": {"point_id": 2883, "row": 45, "col": 3, "demand_2027": 277.5854617303667}}, {"type": "Feature", "geometry": {"type": "Point", "coordinates": [77.47095238095238, 13.051428571428572]}, "properties": {"point_id": 2884, "row": 45, "col": 4, "demand_2027": 250.0640739522037}}, {"type": "Feature", "geometry": {"type": "Point", "coordinates": [77.47619047619048, 13.051428571428572]}, "properties": {"point_id": 2885, "row": 45, "col": 5, "demand_2027": 273.4304402459284}}, {"type": "Feature", "geometry": {"type": "Point", "coordinates": [77.48142857142858, 13.051428571428572]}, "properties": {"point_id": 2886, "row": 45, "col": 6, "demand_2027": 274.4348514788383}}, {"type": "Feature", "geometry": {"type": "Point", "coordinates": [77.48666666666666, 13.051428571428572]}, "properties": {"point_id": 2887, "row": 45, "col": 7, "demand_2027": 276.96311863103}}, {"type": "Feature", "geometry": {"type": "Point", "coordinates": [77.49190476190476, 13.051428571428572]}, "properties": {"point_id": 2888, "row": 45, "col": 8, "demand_2027": 264.00385707359146}}, {"type": "Feature", "geometry": {"type": "Point", "coordinates": [77.49714285714286, 13.051428571428572]}, "properties": {"point_id": 2889, "row": 45, "col": 9, "demand_2027": 284.5460705254447}}, {"type": "Feature", "geometry": {"type": "Point", "coordinates": [77.50238095238096, 13.051428571428572]}, "properties": {"point_id": 2890, "row": 45, "col": 10, "demand_2027": 271.5421540806807}}, {"type": "Feature", "geometry": {"type": "Point", "coordinates": [77.50761904761904, 13.051428571428572]}, "properties": {"point_id": 2891, "row": 45, "col": 11, "demand_2027": 345.6716293699752}}, {"type": "Feature", "geometry": {"type": "Point", "coordinates": [77.51285714285714, 13.051428571428572]}, "properties": {"point_id": 2892, "row": 45, "col": 12, "demand_2027": 336.3096681060718}}, {"type": "Feature", "geometry": {"type": "Point", "coordinates": [77.51809523809524, 13.051428571428572]}, "properties": {"point_id": 2893, "row": 45, "col": 13, "demand_2027": 346.06868383517633}}, {"type": "Feature", "geometry": {"type": "Point", "coordinates": [77.52333333333334, 13.051428571428572]}, "properties": {"point_id": 2894, "row": 45, "col": 14, "demand_2027": 388.0470156124888}}, {"type": "Feature", "geometry": {"type": "Point", "coordinates": [77.52857142857142, 13.051428571428572]}, "properties": {"point_id": 2895, "row": 45, "col": 15, "demand_2027": 394.74843183337526}}, {"type": "Feature", "geometry": {"type": "Point", "coordinates": [77.53380952380952, 13.051428571428572]}, "properties": {"point_id": 2896, "row": 45, "col": 16, "demand_2027": 620.5850584472884}}, {"type": "Feature", "geometry": {"type": "Point", "coordinates": [77.53904761904762, 13.051428571428572]}, "properties": {"point_id": 2897, "row": 45, "col": 17, "demand_2027": 555.1104409792986}}, {"type": "Feature", "geometry": {"type": "Point", "coordinates": [77.54428571428572, 13.051428571428572]}, "properties": {"point_id": 2898, "row": 45, "col": 18, "demand_2027": 569.8109409471825}}, {"type": "Feature", "geometry": {"type": "Point", "coordinates": [77.5495238095238, 13.051428571428572]}, "properties": {"point_id": 2899, "row": 45, "col": 19, "demand_2027": 789.7259742918238}}, {"type": "Feature", "geometry": {"type": "Point", "coordinates": [77.5547619047619, 13.051428571428572]}, "properties": {"point_id": 2900, "row": 45, "col": 20, "demand_2027": 723.4403885470792}}, {"type": "Feature", "geometry": {"type": "Point", "coordinates": [77.56, 13.051428571428572]}, "properties": {"point_id": 2901, "row": 45, "col": 21, "demand_2027": 663.7577664867957}}, {"type": "Feature", "geometry": {"type": "Point", "coordinates": [77.5652380952381, 13.051428571428572]}, "properties": {"point_id": 2902, "row": 45, "col": 22, "demand_2027": 1020.5690945517338}}, {"type": "Feature", "geometry": {"type": "Point", "coordinates": [77.5704761904762, 13.051428571428572]}, "properties": {"point_id": 2903, "row": 45, "col": 23, "demand_2027": 931.1162689731445}}, {"type": "Feature", "geometry": {"type": "Point", "coordinates": [77.57571428571428, 13.051428571428572]}, "properties": {"point_id": 2904, "row": 45, "col": 24, "demand_2027": 921.6731617823136}}, {"type": "Feature", "geometry": {"type": "Point", "coordinates": [77.58095238095238, 13.051428571428572]}, "properties": {"point_id": 2905, "row": 45, "col": 25, "demand_2027": 1068.597754675546}}, {"type": "Feature", "geometry": {"type": "Point", "coordinates": [77.58619047619048, 13.051428571428572]}, "properties": {"point_id": 2906, "row": 45, "col": 26, "demand_2027": 1281.2201056894808}}, {"type": "Feature", "geometry": {"type": "Point", "coordinates": [77.59142857142858, 13.051428571428572]}, "properties": {"point_id": 2907, "row": 45, "col": 27, "demand_2027": 1105.7700038838682}}, {"type": "Feature", "geometry": {"type": "Point", "coordinates": [77.59666666666666, 13.051428571428572]}, "properties": {"point_id": 2908, "row": 45, "col": 28, "demand_2027": 873.7455308249293}}, {"type": "Feature", "geometry": {"type": "Point", "coordinates": [77.60190476190476, 13.051428571428572]}, "properties": {"point_id": 2909, "row": 45, "col": 29, "demand_2027": 1337.133314637905}}, {"type": "Feature", "geometry": {"type": "Point", "coordinates": [77.60714285714286, 13.051428571428572]}, "properties": {"point_id": 2910, "row": 45, "col": 30, "demand_2027": 935.4603533434441}}, {"type": "Feature", "geometry": {"type": "Point", "coordinates": [77.61238095238096, 13.051428571428572]}, "properties": {"point_id": 2911, "row": 45, "col": 31, "demand_2027": 1442.4145399162858}}, {"type": "Feature", "geometry": {"type": "Point", "coordinates": [77.61761904761904, 13.051428571428572]}, "properties": {"point_id": 2912, "row": 45, "col": 32, "demand_2027": 979.2124172660638}}, {"type": "Feature", "geometry": {"type": "Point", "coordinates": [77.62285714285714, 13.051428571428572]}, "properties": {"point_id": 2913, "row": 45, "col": 33, "demand_2027": 658.2987799309783}}, {"type": "Feature", "geometry": {"type": "Point", "coordinates": [77.62809523809524, 13.051428571428572]}, "properties": {"point_id": 2914, "row": 45, "col": 34, "demand_2027": 970.2693391025945}}, {"type": "Feature", "geometry": {"type": "Point", "coordinates": [77.63333333333334, 13.051428571428572]}, "properties": {"point_id": 2915, "row": 45, "col": 35, "demand_2027": 1151.7301054415934}}, {"type": "Feature", "geometry": {"type": "Point", "coordinates": [77.63857142857142, 13.051428571428572]}, "properties": {"point_id": 2916, "row": 45, "col": 36, "demand_2027": 1028.0643324966513}}, {"type": "Feature", "geometry": {"type": "Point", "coordinates": [77.64380952380952, 13.051428571428572]}, "properties": {"point_id": 2917, "row": 45, "col": 37, "demand_2027": 949.3330101327922}}, {"type": "Feature", "geometry": {"type": "Point", "coordinates": [77.64904761904762, 13.051428571428572]}, "properties": {"point_id": 2918, "row": 45, "col": 38, "demand_2027": 563.9471410162789}}, {"type": "Feature", "geometry": {"type": "Point", "coordinates": [77.65428571428572, 13.051428571428572]}, "properties": {"point_id": 2919, "row": 45, "col": 39, "demand_2027": 737.0750362659613}}, {"type": "Feature", "geometry": {"type": "Point", "coordinates": [77.6595238095238, 13.051428571428572]}, "properties": {"point_id": 2920, "row": 45, "col": 40, "demand_2027": 561.3971694119194}}, {"type": "Feature", "geometry": {"type": "Point", "coordinates": [77.6647619047619, 13.051428571428572]}, "properties": {"point_id": 2921, "row": 45, "col": 41, "demand_2027": 585.1933674941818}}, {"type": "Feature", "geometry": {"type": "Point", "coordinates": [77.67, 13.051428571428572]}, "properties": {"point_id": 2922, "row": 45, "col": 42, "demand_2027": 413.37205646107776}}, {"type": "Feature", "geometry": {"type": "Point", "coordinates": [77.6752380952381, 13.051428571428572]}, "properties": {"point_id": 2923, "row": 45, "col": 43, "demand_2027": 464.17839020713967}}, {"type": "Feature", "geometry": {"type": "Point", "coordinates": [77.6804761904762, 13.051428571428572]}, "properties": {"point_id": 2924, "row": 45, "col": 44, "demand_2027": 447.275278130293}}, {"type": "Feature", "geometry": {"type": "Point", "coordinates": [77.68571428571428, 13.051428571428572]}, "properties": {"point_id": 2925, "row": 45, "col": 45, "demand_2027": 538.7408116788563}}, {"type": "Feature", "geometry": {"type": "Point", "coordinates": [77.69095238095238, 13.051428571428572]}, "properties": {"point_id": 2926, "row": 45, "col": 46, "demand_2027": 516.4024629479732}}, {"type": "Feature", "geometry": {"type": "Point", "coordinates": [77.69619047619048, 13.051428571428572]}, "properties": {"point_id": 2927, "row": 45, "col": 47, "demand_2027": 479.29537120250245}}, {"type": "Feature", "geometry": {"type": "Point", "coordinates": [77.70142857142858, 13.051428571428572]}, "properties": {"point_id": 2928, "row": 45, "col": 48, "demand_2027": 362.50800039100596}}, {"type": "Feature", "geometry": {"type": "Point", "coordinates": [77.70666666666666, 13.051428571428572]}, "properties": {"point_id": 2929, "row": 45, "col": 49, "demand_2027": 464.1790721243911}}, {"type": "Feature", "geometry": {"type": "Point", "coordinates": [77.71190476190476, 13.051428571428572]}, "properties": {"point_id": 2930, "row": 45, "col": 50, "demand_2027": 416.9841757207106}}, {"type": "Feature", "geometry": {"type": "Point", "coordinates": [77.71714285714286, 13.051428571428572]}, "properties": {"point_id": 2931, "row": 45, "col": 51, "demand_2027": 542.343775033114}}, {"type": "Feature", "geometry": {"type": "Point", "coordinates": [77.72238095238096, 13.051428571428572]}, "properties": {"point_id": 2932, "row": 45, "col": 52, "demand_2027": 583.1301712952339}}, {"type": "Feature", "geometry": {"type": "Point", "coordinates": [77.72761904761904, 13.051428571428572]}, "properties": {"point_id": 2933, "row": 45, "col": 53, "demand_2027": 620.0934564851494}}, {"type": "Feature", "geometry": {"type": "Point", "coordinates": [77.73285714285714, 13.051428571428572]}, "properties": {"point_id": 2934, "row": 45, "col": 54, "demand_2027": 416.1819292463126}}, {"type": "Feature", "geometry": {"type": "Point", "coordinates": [77.73809523809524, 13.051428571428572]}, "properties": {"point_id": 2935, "row": 45, "col": 55, "demand_2027": 284.8768879783432}}, {"type": "Feature", "geometry": {"type": "Point", "coordinates": [77.74333333333334, 13.051428571428572]}, "properties": {"point_id": 2936, "row": 45, "col": 56, "demand_2027": 341.0851628190721}}, {"type": "Feature", "geometry": {"type": "Point", "coordinates": [77.74857142857142, 13.051428571428572]}, "properties": {"point_id": 2937, "row": 45, "col": 57, "demand_2027": 581.9568614763064}}, {"type": "Feature", "geometry": {"type": "Point", "coordinates": [77.75380952380952, 13.051428571428572]}, "properties": {"point_id": 2938, "row": 45, "col": 58, "demand_2027": 442.22740441493784}}, {"type": "Feature", "geometry": {"type": "Point", "coordinates": [77.75904761904762, 13.051428571428572]}, "properties": {"point_id": 2939, "row": 45, "col": 59, "demand_2027": 376.68504021967425}}, {"type": "Feature", "geometry": {"type": "Point", "coordinates": [77.76428571428572, 13.051428571428572]}, "properties": {"point_id": 2940, "row": 45, "col": 60, "demand_2027": 549.7925032103649}}, {"type": "Feature", "geometry": {"type": "Point", "coordinates": [77.7695238095238, 13.051428571428572]}, "properties": {"point_id": 2941, "row": 45, "col": 61, "demand_2027": 501.25622029071644}}, {"type": "Feature", "geometry": {"type": "Point", "coordinates": [77.7747619047619, 13.051428571428572]}, "properties": {"point_id": 2942, "row": 45, "col": 62, "demand_2027": 412.50282735464197}}, {"type": "Feature", "geometry": {"type": "Point", "coordinates": [77.78, 13.051428571428572]}, "properties": {"point_id": 2943, "row": 45, "col": 63, "demand_2027": 369.8035715138729}}, {"type": "Feature", "geometry": {"type": "Point", "coordinates": [77.45, 13.056349206349207]}, "properties": {"point_id": 2944, "row": 46, "col": 0, "demand_2027": 224.89339417737833}}, {"type": "Feature", "geometry": {"type": "Point", "coordinates": [77.4552380952381, 13.056349206349207]}, "properties": {"point_id": 2945, "row": 46, "col": 1, "demand_2027": 242.15649225970287}}, {"type": "Feature", "geometry": {"type": "Point", "coordinates": [77.4604761904762, 13.056349206349207]}, "properties": {"point_id": 2946, "row": 46, "col": 2, "demand_2027": 291.48589544705646}}, {"type": "Feature", "geometry": {"type": "Point", "coordinates": [77.46571428571428, 13.056349206349207]}, "properties": {"point_id": 2947, "row": 46, "col": 3, "demand_2027": 270.82510368954996}}, {"type": "Feature", "geometry": {"type": "Point", "coordinates": [77.47095238095238, 13.056349206349207]}, "properties": {"point_id": 2948, "row": 46, "col": 4, "demand_2027": 270.5183894553729}}, {"type": "Feature", "geometry": {"type": "Point", "coordinates": [77.47619047619048, 13.056349206349207]}, "properties": {"point_id": 2949, "row": 46, "col": 5, "demand_2027": 289.78899692620655}}, {"type": "Feature", "geometry": {"type": "Point", "coordinates": [77.48142857142858, 13.056349206349207]}, "properties": {"point_id": 2950, "row": 46, "col": 6, "demand_2027": 215.3466679854025}}, {"type": "Feature", "geometry": {"type": "Point", "coordinates": [77.48666666666666, 13.056349206349207]}, "properties": {"point_id": 2951, "row": 46, "col": 7, "demand_2027": 279.45254496911866}}, {"type": "Feature", "geometry": {"type": "Point", "coordinates": [77.49190476190476, 13.056349206349207]}, "properties": {"point_id": 2952, "row": 46, "col": 8, "demand_2027": 262.83888563573703}}, {"type": "Feature", "geometry": {"type": "Point", "coordinates": [77.49714285714286, 13.056349206349207]}, "properties": {"point_id": 2953, "row": 46, "col": 9, "demand_2027": 190.58213651440923}}, {"type": "Feature", "geometry": {"type": "Point", "coordinates": [77.50238095238096, 13.056349206349207]}, "properties": {"point_id": 2954, "row": 46, "col": 10, "demand_2027": 202.97335436336493}}, {"type": "Feature", "geometry": {"type": "Point", "coordinates": [77.50761904761904, 13.056349206349207]}, "properties": {"point_id": 2955, "row": 46, "col": 11, "demand_2027": 279.4800933297622}}, {"type": "Feature", "geometry": {"type": "Point", "coordinates": [77.51285714285714, 13.056349206349207]}, "properties": {"point_id": 2956, "row": 46, "col": 12, "demand_2027": 376.1555991159648}}, {"type": "Feature", "geometry": {"type": "Point", "coordinates": [77.51809523809524, 13.056349206349207]}, "properties": {"point_id": 2957, "row": 46, "col": 13, "demand_2027": 380.7870347409133}}, {"type": "Feature", "geometry": {"type": "Point", "coordinates": [77.52333333333334, 13.056349206349207]}, "properties": {"point_id": 2958, "row": 46, "col": 14, "demand_2027": 447.719888277366}}, {"type": "Feature", "geometry": {"type": "Point", "coordinates": [77.52857142857142, 13.056349206349207]}, "properties": {"point_id": 2959, "row": 46, "col": 15, "demand_2027": 573.2668516363008}}, {"type": "Feature", "geometry": {"type": "Point", "coordinates": [77.53380952380952, 13.056349206349207]}, "properties": {"point_id": 2960, "row": 46, "col": 16, "demand_2027": 393.6806293749642}}, {"type": "Feature", "geometry": {"type": "Point", "coordinates": [77.53904761904762, 13.056349206349207]}, "properties": {"point_id": 2961, "row": 46, "col": 17, "demand_2027": 555.1730804624224}}, {"type": "Feature", "geometry": {"type": "Point", "coordinates": [77.54428571428572, 13.056349206349207]}, "properties": {"point_id": 2962, "row": 46, "col": 18, "demand_2027": 639.7326780885733}}, {"type": "Feature", "geometry": {"type": "Point", "coordinates": [77.5495238095238, 13.056349206349207]}, "properties": {"point_id": 2963, "row": 46, "col": 19, "demand_2027": 610.1031684082128}}, {"type": "Feature", "geometry": {"type": "Point", "coordinates": [77.5547619047619, 13.056349206349207]}, "properties": {"point_id": 2964, "row": 46, "col": 20, "demand_2027": 755.3842636240955}}, {"type": "Feature", "geometry": {"type": "Point", "coordinates": [77.56, 13.056349206349207]}, "properties": {"point_id": 2965, "row": 46, "col": 21, "demand_2027": 601.9244141227371}}, {"type": "Feature", "geometry": {"type": "Point", "coordinates": [77.5652380952381, 13.056349206349207]}, "properties": {"point_id": 2966, "row": 46, "col": 22, "demand_2027": 1115.6663447294636}}, {"type": "Feature", "geometry": {"type": "Point", "coordinates": [77.5704761904762, 13.056349206349207]}, "properties": {"point_id": 2967, "row": 46, "col": 23, "demand_2027": 814.5090098920775}}, {"type": "Feature", "geometry": {"type": "Point", "coordinates": [77.57571428571428, 13.056349206349207]}, "properties": {"point_id": 2968, "row": 46, "col": 24, "demand_2027": 1327.3319671966556}}, {"type": "Feature", "geometry": {"type": "Point", "coordinates": [77.58095238095238, 13.056349206349207]}, "properties": {"point_id": 2969, "row": 46, "col": 25, "demand_2027": 1032.0678598758013}}, {"type": "Feature", "geometry": {"type": "Point", "coordinates": [77.58619047619048, 13.056349206349207]}, "properties": {"point_id": 2970, "row": 46, "col": 26, "demand_2027": 1231.0339759023072}}, {"type": "Feature", "geometry": {"type": "Point", "coordinates": [77.59142857142858, 13.056349206349207]}, "properties": {"point_id": 2971, "row": 46, "col": 27, "demand_2027": 1035.0478968327268}}, {"type": "Feature", "geometry": {"type": "Point", "coordinates": [77.59666666666666, 13.056349206349207]}, "properties": {"point_id": 2972, "row": 46, "col": 28, "demand_2027": 1123.7048081332987}}, {"type": "Feature", "geometry": {"type": "Point", "coordinates": [77.60190476190476, 13.056349206349207]}, "properties": {"point_id": 2973, "row": 46, "col": 29, "demand_2027": 1004.1804200451995}}, {"type": "Feature", "geometry": {"type": "Point", "coordinates": [77.60714285714286, 13.056349206349207]}, "properties": {"point_id": 2974, "row": 46, "col": 30, "demand_2027": 1097.9472494013307}}, {"type": "Feature", "geometry": {"type": "Point", "coordinates": [77.61238095238096, 13.056349206349207]}, "properties": {"point_id": 2975, "row": 46, "col": 31, "demand_2027": 1192.4345313247559}}, {"type": "Feature", "geometry": {"type": "Point", "coordinates": [77.61761904761904, 13.056349206349207]}, "properties": {"point_id": 2976, "row": 46, "col": 32, "demand_2027": 853.6775596427565}}, {"type": "Feature", "geometry": {"type": "Point", "coordinates": [77.62285714285714, 13.056349206349207]}, "properties": {"point_id": 2977, "row": 46, "col": 33, "demand_2027": 934.6823827003861}}, {"type": "Feature", "geometry": {"type": "Point", "coordinates": [77.62809523809524, 13.056349206349207]}, "properties": {"point_id": 2978, "row": 46, "col": 34, "demand_2027": 821.3895386422427}}, {"type": "Feature", "geometry": {"type": "Point", "coordinates": [77.63333333333334, 13.056349206349207]}, "properties": {"point_id": 2979, "row": 46, "col": 35, "demand_2027": 1144.3304026734959}}, {"type": "Feature", "geometry": {"type": "Point", "coordinates": [77.63857142857142, 13.056349206349207]}, "properties": {"point_id": 2980, "row": 46, "col": 36, "demand_2027": 760.2931299415175}}, {"type": "Feature", "geometry": {"type": "Point", "coordinates": [77.64380952380952, 13.056349206349207]}, "properties": {"point_id": 2981, "row": 46, "col": 37, "demand_2027": 872.7051320561925}}, {"type": "Feature", "geometry": {"type": "Point", "coordinates": [77.64904761904762, 13.056349206349207]}, "properties": {"point_id": 2982, "row": 46, "col": 38, "demand_2027": 640.2052079927361}}, {"type": "Feature", "geometry": {"type": "Point", "coordinates": [77.65428571428572, 13.056349206349207]}, "properties": {"point_id": 2983, "row": 46, "col": 39, "demand_2027": 625.7484657829224}}, {"type": "Feature", "geometry": {"type": "Point", "coordinates": [77.6595238095238, 13.056349206349207]}, "properties": {"point_id": 2984, "row": 46, "col": 40, "demand_2027": 439.28808301175644}}, {"type": "Feature", "geometry": {"type": "Point", "coordinates": [77.6647619047619, 13.056349206349207]}, "properties": {"point_id": 2985, "row": 46, "col": 41, "demand_2027": 472.57988431242825}}, {"type": "Feature", "geometry": {"type": "Point", "coordinates": [77.67, 13.056349206349207]}, "properties": {"point_id": 2986, "row": 46, "col": 42, "demand_2027": 526.4470564414339}}, {"type": "Feature", "geometry": {"type": "Point", "coordinates": [77.6752380952381, 13.056349206349207]}, "properties": {"point_id": 2987, "row": 46, "col": 43, "demand_2027": 572.5941602868872}}, {"type": "Feature", "geometry": {"type": "Point", "coordinates": [77.6804761904762, 13.056349206349207]}, "properties": {"point_id": 2988, "row": 46, "col": 44, "demand_2027": 468.22496725995234}}, {"type": "Feature", "geometry": {"type": "Point", "coordinates": [77.68571428571428, 13.056349206349207]}, "properties": {"point_id": 2989, "row": 46, "col": 45, "demand_2027": 538.5145090012448}}, {"type": "Feature", "geometry": {"type": "Point", "coordinates": [77.69095238095238, 13.056349206349207]}, "properties": {"point_id": 2990, "row": 46, "col": 46, "demand_2027": 467.6526163486028}}, {"type": "Feature", "geometry": {"type": "Point", "coordinates": [77.69619047619048, 13.056349206349207]}, "properties": {"point_id": 2991, "row": 46, "col": 47, "demand_2027": 542.5842319731895}}, {"type": "Feature", "geometry": {"type": "Point", "coordinates": [77.70142857142858, 13.056349206349207]}, "properties": {"point_id": 2992, "row": 46, "col": 48, "demand_2027": 436.4487561622419}}, {"type": "Feature", "geometry": {"type": "Point", "coordinates": [77.70666666666666, 13.056349206349207]}, "properties": {"point_id": 2993, "row": 46, "col": 49, "demand_2027": 573.9400311348653}}, {"type": "Feature", "geometry": {"type": "Point", "coordinates": [77.71190476190476, 13.056349206349207]}, "properties": {"point_id": 2994, "row": 46, "col": 50, "demand_2027": 414.47182666897817}}, {"type": "Feature", "geometry": {"type": "Point", "coordinates": [77.71714285714286, 13.056349206349207]}, "properties": {"point_id": 2995, "row": 46, "col": 51, "demand_2027": 387.49820328195574}}, {"type": "Feature", "geometry": {"type": "Point", "coordinates": [77.72238095238096, 13.056349206349207]}, "properties": {"point_id": 2996, "row": 46, "col": 52, "demand_2027": 336.1325347119153}}, {"type": "Feature", "geometry": {"type": "Point", "coordinates": [77.72761904761904, 13.056349206349207]}, "properties": {"point_id": 2997, "row": 46, "col": 53, "demand_2027": 571.9374274649591}}, {"type": "Feature", "geometry": {"type": "Point", "coordinates": [77.73285714285714, 13.056349206349207]}, "properties": {"point_id": 2998, "row": 46, "col": 54, "demand_2027": 470.44462635168344}}, {"type": "Feature", "geometry": {"type": "Point", "coordinates": [77.73809523809524, 13.056349206349207]}, "properties": {"point_id": 2999, "row": 46, "col": 55, "demand_2027": 407.7794726588906}}, {"type": "Feature", "geometry": {"type": "Point", "coordinates": [77.74333333333334, 13.056349206349207]}, "properties": {"point_id": 3000, "row": 46, "col": 56, "demand_2027": 497.7145055245966}}, {"type": "Feature", "geometry": {"type": "Point", "coordinates": [77.74857142857142, 13.056349206349207]}, "properties": {"point_id": 3001, "row": 46, "col": 57, "demand_2027": 464.57704914764435}}, {"type": "Feature", "geometry": {"type": "Point", "coordinates": [77.75380952380952, 13.056349206349207]}, "properties": {"point_id": 3002, "row": 46, "col": 58, "demand_2027": 532.5238865748998}}, {"type": "Feature", "geometry": {"type": "Point", "coordinates": [77.75904761904762, 13.056349206349207]}, "properties": {"point_id": 3003, "row": 46, "col": 59, "demand_2027": 310.50069378181985}}, {"type": "Feature", "geometry": {"type": "Point", "coordinates": [77.76428571428572, 13.056349206349207]}, "properties": {"point_id": 3004, "row": 46, "col": 60, "demand_2027": 363.00312934222427}}, {"type": "Feature", "geometry": {"type": "Point", "coordinates": [77.7695238095238, 13.056349206349207]}, "properties": {"point_id": 3005, "row": 46, "col": 61, "demand_2027": 342.2418689291176}}, {"type": "Feature", "geometry": {"type": "Point", "coordinates": [77.7747619047619, 13.056349206349207]}, "properties": {"point_id": 3006, "row": 46, "col": 62, "demand_2027": 249.21916526862796}}, {"type": "Feature", "geometry": {"type": "Point", "coordinates": [77.78, 13.056349206349207]}, "properties": {"point_id": 3007, "row": 46, "col": 63, "demand_2027": 399.2593297960908}}, {"type": "Feature", "geometry": {"type": "Point", "coordinates": [77.45, 13.061269841269842]}, "properties": {"point_id": 3008, "row": 47, "col": 0, "demand_2027": 232.007459694267}}, {"type": "Feature", "geometry": {"type": "Point", "coordinates": [77.4552380952381, 13.061269841269842]}, "properties": {"point_id": 3009, "row": 47, "col": 1, "demand_2027": 263.6070934547967}}, {"type": "Feature", "geometry": {"type": "Point", "coordinates": [77.4604761904762, 13.061269841269842]}, "properties": {"point_id": 3010, "row": 47, "col": 2, "demand_2027": 308.1033064822807}}, {"type": "Feature", "geometry": {"type": "Point", "coordinates": [77.46571428571428, 13.061269841269842]}, "properties": {"point_id": 3011, "row": 47, "col": 3, "demand_2027": 239.08901462468415}}, {"type": "Feature", "geometry": {"type": "Point", "coordinates": [77.47095238095238, 13.061269841269842]}, "properties": {"point_id": 3012, "row": 47, "col": 4, "demand_2027": 243.56466062145634}}, {"type": "Feature", "geometry": {"type": "Point", "coordinates": [77.47619047619048, 13.061269841269842]}, "properties": {"point_id": 3013, "row": 47, "col": 5, "demand_2027": 253.09580624686635}}, {"type": "Feature", "geometry": {"type": "Point", "coordinates": [77.48142857142858, 13.061269841269842]}, "properties": {"point_id": 3014, "row": 47, "col": 6, "demand_2027": 285.5753783628386}}, {"type": "Feature", "geometry": {"type": "Point", "coordinates": [77.48666666666666, 13.061269841269842]}, "properties": {"point_id": 3015, "row": 47, "col": 7, "demand_2027": 236.77688842828064}}, {"type": "Feature", "geometry": {"type": "Point", "coordinates": [77.49190476190476, 13.061269841269842]}, "properties": {"point_id": 3016, "row": 47, "col": 8, "demand_2027": 240.43122479102692}}, {"type": "Feature", "geometry": {"type": "Point", "coordinates": [77.49714285714286, 13.061269841269842]}, "properties": {"point_id": 3017, "row": 47, "col": 9, "demand_2027": 332.8184844819889}}, {"type": "Feature", "geometry": {"type": "Point", "coordinates": [77.50238095238096, 13.061269841269842]}, "properties": {"point_id": 3018, "row": 47, "col": 10, "demand_2027": 303.25856582838395}}, {"type": "Feature", "geometry": {"type": "Point", "coordinates": [77.50761904761904, 13.061269841269842]}, "properties": {"point_id": 3019, "row": 47, "col": 11, "demand_2027": 225.24590539307644}}, {"type": "Feature", "geometry": {"type": "Point", "coordinates": [77.51285714285714, 13.061269841269842]}, "properties": {"point_id": 3020, "row": 47, "col": 12, "demand_2027": 258.66931921242536}}, {"type": "Feature", "geometry": {"type": "Point", "coordinates": [77.51809523809524, 13.061269841269842]}, "properties": {"point_id": 3021, "row": 47, "col": 13, "demand_2027": 439.3920784615567}}, {"type": "Feature", "geometry": {"type": "Point", "coordinates": [77.52333333333334, 13.061269841269842]}, "properties": {"point_id": 3022, "row": 47, "col": 14, "demand_2027": 409.74639913916315}}, {"type": "Feature", "geometry": {"type": "Point", "coordinates": [77.52857142857142, 13.061269841269842]}, "properties": {"point_id": 3023, "row": 47, "col": 15, "demand_2027": 375.1212912720229}}, {"type": "Feature", "geometry": {"type": "Point", "coordinates": [77.53380952380952, 13.061269841269842]}, "properties": {"point_id": 3024, "row": 47, "col": 16, "demand_2027": 462.4845993778826}}, {"type": "Feature", "geometry": {"type": "Point", "coordinates": [77.53904761904762, 13.061269841269842]}, "properties": {"point_id": 3025, "row": 47, "col": 17, "demand_2027": 517.7495827473441}}, {"type": "Feature", "geometry": {"type": "Point", "coordinates": [77.54428571428572, 13.061269841269842]}, "properties": {"point_id": 3026, "row": 47, "col": 18, "demand_2027": 637.0454196753964}}, {"type": "Feature", "geometry": {"type": "Point", "coordinates": [77.5495238095238, 13.061269841269842]}, "properties": {"point_id": 3027, "row": 47, "col": 19, "demand_2027": 530.2340425092732}}, {"type": "Feature", "geometry": {"type": "Point", "coordinates": [77.5547619047619, 13.061269841269842]}, "properties": {"point_id": 3028, "row": 47, "col": 20, "demand_2027": 608.6155815799386}}, {"type": "Feature", "geometry": {"type": "Point", "coordinates": [77.56, 13.061269841269842]}, "properties": {"point_id": 3029, "row": 47, "col": 21, "demand_2027": 844.9398827970459}}, {"type": "Feature", "geometry": {"type": "Point", "coordinates": [77.5652380952381, 13.061269841269842]}, "properties": {"point_id": 3030, "row": 47, "col": 22, "demand_2027": 840.3055469045048}}, {"type": "Feature", "geometry": {"type": "Point", "coordinates": [77.5704761904762, 13.061269841269842]}, "properties": {"point_id": 3031, "row": 47, "col": 23, "demand_2027": 985.2954844455074}}, {"type": "Feature", "geometry": {"type": "Point", "coordinates": [77.57571428571428, 13.061269841269842]}, "properties": {"point_id": 3032, "row": 47, "col": 24, "demand_2027": 777.3303638532113}}, {"type": "Feature", "geometry": {"type": "Point", "coordinates": [77.58095238095238, 13.061269841269842]}, "properties": {"point_id": 3033, "row": 47, "col": 25, "demand_2027": 1058.8626496096801}}, {"type": "Feature", "geometry": {"type": "Point", "coordinates": [77.58619047619048, 13.061269841269842]}, "properties": {"point_id": 3034, "row": 47, "col": 26, "demand_2027": 1203.786485677145}}, {"type": "Feature", "geometry": {"type": "Point", "coordinates": [77.59142857142858, 13.061269841269842]}, "properties": {"point_id": 3035, "row": 47, "col": 27, "demand_2027": 1136.249005392702}}, {"type": "Feature", "geometry": {"type": "Point", "coordinates": [77.59666666666666, 13.061269841269842]}, "properties": {"point_id": 3036, "row": 47, "col": 28, "demand_2027": 1029.9338258676341}}, {"type": "Feature", "geometry": {"type": "Point", "coordinates": [77.60190476190476, 13.061269841269842]}, "properties": {"point_id": 3037, "row": 47, "col": 29, "demand_2027": 1058.9378074473234}}, {"type": "Feature", "geometry": {"type": "Point", "coordinates": [77.60714285714286, 13.061269841269842]}, "properties": {"point_id": 3038, "row": 47, "col": 30, "demand_2027": 907.7014302428476}}, {"type": "Feature", "geometry": {"type": "Point", "coordinates": [77.61238095238096, 13.061269841269842]}, "properties": {"point_id": 3039, "row": 47, "col": 31, "demand_2027": 1063.3284414155166}}, {"type": "Feature", "geometry": {"type": "Point", "coordinates": [77.61761904761904, 13.061269841269842]}, "properties": {"point_id": 3040, "row": 47, "col": 32, "demand_2027": 1054.140442350314}}, {"type": "Feature", "geometry": {"type": "Point", "coordinates": [77.62285714285714, 13.061269841269842]}, "properties": {"point_id": 3041, "row": 47, "col": 33, "demand_2027": 914.1496442060645}}, {"type": "Feature", "geometry": {"type": "Point", "coordinates": [77.62809523809524, 13.061269841269842]}, "properties": {"point_id": 3042, "row": 47, "col": 34, "demand_2027": 770.7458951552051}}, {"type": "Feature", "geometry": {"type": "Point", "coordinates": [77.63333333333334, 13.061269841269842]}, "properties": {"point_id": 3043, "row": 47, "col": 35, "demand_2027": 710.3193210919981}}, {"type": "Feature", "geometry": {"type": "Point", "coordinates": [77.63857142857142, 13.061269841269842]}, "properties": {"point_id": 3044, "row": 47, "col": 36, "demand_2027": 753.6558824163297}}, {"type": "Feature", "geometry": {"type": "Point", "coordinates": [77.64380952380952, 13.061269841269842]}, "properties": {"point_id": 3045, "row": 47, "col": 37, "demand_2027": 673.2675005045039}}, {"type": "Feature", "geometry": {"type": "Point", "coordinates": [77.64904761904762, 13.061269841269842]}, "properties": {"point_id": 3046, "row": 47, "col": 38, "demand_2027": 667.3691668597793}}, {"type": "Feature", "geometry": {"type": "Point", "coordinates": [77.65428571428572, 13.061269841269842]}, "properties": {"point_id": 3047, "row": 47, "col": 39, "demand_2027": 613.8903831331742}}, {"type": "Feature", "geometry": {"type": "Point", "coordinates": [77.6595238095238, 13.061269841269842]}, "properties": {"point_id": 3048, "row": 47, "col": 40, "demand_2027": 575.875977161072}}, {"type": "Feature", "geometry": {"type": "Point", "coordinates": [77.6647619047619, 13.061269841269842]}, "properties": {"point_id": 3049, "row": 47, "col": 41, "demand_2027": 594.4829635120323}}, {"type": "Feature", "geometry": {"type": "Point", "coordinates": [77.67, 13.061269841269842]}, "properties": {"point_id": 3050, "row": 47, "col": 42, "demand_2027": 531.565717920983}}, {"type": "Feature", "geometry": {"type": "Point", "coordinates": [77.6752380952381, 13.061269841269842]}, "properties": {"point_id": 3051, "row": 47, "col": 43, "demand_2027": 373.13224131399227}}, {"type": "Feature", "geometry": {"type": "Point", "coordinates": [77.6804761904762, 13.061269841269842]}, "properties": {"point_id": 3052, "row": 47, "col": 44, "demand_2027": 363.1535133144711}}, {"type": "Feature", "geometry": {"type": "Point", "coordinates": [77.68571428571428, 13.061269841269842]}, "properties": {"point_id": 3053, "row": 47, "col": 45, "demand_2027": 377.1415254574833}}, {"type": "Feature", "geometry": {"type": "Point", "coordinates": [77.69095238095238, 13.061269841269842]}, "properties": {"point_id": 3054, "row": 47, "col": 46, "demand_2027": 370.0604313416558}}, {"type": "Feature", "geometry": {"type": "Point", "coordinates": [77.69619047619048, 13.061269841269842]}, "properties": {"point_id": 3055, "row": 47, "col": 47, "demand_2027": 331.91864156942455}}, {"type": "Feature", "geometry": {"type": "Point", "coordinates": [77.70142857142858, 13.061269841269842]}, "properties": {"point_id": 3056, "row": 47, "col": 48, "demand_2027": 379.0091704352701}}, {"type": "Feature", "geometry": {"type": "Point", "coordinates": [77.70666666666666, 13.061269841269842]}, "properties": {"point_id": 3057, "row": 47, "col": 49, "demand_2027": 376.99058910820713}}, {"type": "Feature", "geometry": {"type": "Point", "coordinates": [77.71190476190476, 13.061269841269842]}, "properties": {"point_id": 3058, "row": 47, "col": 50, "demand_2027": 341.5270777961607}}, {"type": "Feature", "geometry": {"type": "Point", "coordinates": [77.71714285714286, 13.061269841269842]}, "properties": {"point_id": 3059, "row": 47, "col": 51, "demand_2027": 370.1569193532997}}, {"type": "Feature", "geometry": {"type": "Point", "coordinates": [77.72238095238096, 13.061269841269842]}, "properties": {"point_id": 3060, "row": 47, "col": 52, "demand_2027": 456.5066198124667}}, {"type": "Feature", "geometry": {"type": "Point", "coordinates": [77.72761904761904, 13.061269841269842]}, "properties": {"point_id": 3061, "row": 47, "col": 53, "demand_2027": 379.84836214232615}}, {"type": "Feature", "geometry": {"type": "Point", "coordinates": [77.73285714285714, 13.061269841269842]}, "properties": {"point_id": 3062, "row": 47, "col": 54, "demand_2027": 535.8769393214208}}, {"type": "Feature", "geometry": {"type": "Point", "coordinates": [77.73809523809524, 13.061269841269842]}, "properties": {"point_id": 3063, "row": 47, "col": 55, "demand_2027": 395.26019681414306}}, {"type": "Feature", "geometry": {"type": "Point", "coordinates": [77.74333333333334, 13.061269841269842]}, "properties": {"point_id": 3064, "row": 47, "col": 56, "demand_2027": 364.98875465465505}}, {"type": "Feature", "geometry": {"type": "Point", "coordinates": [77.74857142857142, 13.061269841269842]}, "properties": {"point_id": 3065, "row": 47, "col": 57, "demand_2027": 378.0730010295867}}, {"type": "Feature", "geometry": {"type": "Point", "coordinates": [77.75380952380952, 13.061269841269842]}, "properties": {"point_id": 3066, "row": 47, "col": 58, "demand_2027": 387.86399423094673}}, {"type": "Feature", "geometry": {"type": "Point", "coordinates": [77.75904761904762, 13.061269841269842]}, "properties": {"point_id": 3067, "row": 47, "col": 59, "demand_2027": 396.719831315838}}, {"type": "Feature", "geometry": {"type": "Point", "coordinates": [77.76428571428572, 13.061269841269842]}, "properties": {"point_id": 3068, "row": 47, "col": 60, "demand_2027": 486.7179331934776}}, {"type": "Feature", "geometry": {"type": "Point", "coordinates": [77.7695238095238, 13.061269841269842]}, "properties": {"point_id": 3069, "row": 47, "col": 61, "demand_2027": 300.567415934336}}, {"type": "Feature", "geometry": {"type": "Point", "coordinates": [77.7747619047619, 13.061269841269842]}, "properties": {"point_id": 3070, "row": 47, "col": 62, "demand_2027": 395.587277739287}}, {"type": "Feature", "geometry": {"type": "Point", "coordinates": [77.78, 13.061269841269842]}, "properties": {"point_id": 3071, "row": 47, "col": 63, "demand_2027": 356.29870260346394}}, {"type": "Feature", "geometry": {"type": "Point", "coordinates": [77.45, 13.066190476190476]}, "properties": {"point_id": 3072, "row": 48, "col": 0, "demand_2027": 173.28083941689596}}, {"type": "Feature", "geometry": {"type": "Point", "coordinates": [77.4552380952381, 13.066190476190476]}, "properties": {"point_id": 3073, "row": 48, "col": 1, "demand_2027": 254.42041749461822}}, {"type": "Feature", "geometry": {"type": "Point", "coordinates": [77.4604761904762, 13.066190476190476]}, "properties": {"point_id": 3074, "row": 48, "col": 2, "demand_2027": 280.77131210821454}}, {"type": "Feature", "geometry": {"type": "Point", "coordinates": [77.46571428571428, 13.066190476190476]}, "properties": {"point_id": 3075, "row": 48, "col": 3, "demand_2027": 220.22541332419948}}, {"type": "Feature", "geometry": {"type": "Point", "coordinates": [77.47095238095238, 13.066190476190476]}, "properties": {"point_id": 3076, "row": 48, "col": 4, "demand_2027": 228.01236388563916}}, {"type": "Feature", "geometry": {"type": "Point", "coordinates": [77.47619047619048, 13.066190476190476]}, "properties": {"point_id": 3077, "row": 48, "col": 5, "demand_2027": 178.9029351220039}}, {"type": "Feature", "geometry": {"type": "Point", "coordinates": [77.48142857142858, 13.066190476190476]}, "properties": {"point_id": 3078, "row": 48, "col": 6, "demand_2027": 201.83339057476007}}, {"type": "Feature", "geometry": {"type": "Point", "coordinates": [77.48666666666666, 13.066190476190476]}, "properties": {"point_id": 3079, "row": 48, "col": 7, "demand_2027": 308.26035234909165}}, {"type": "Feature", "geometry": {"type": "Point", "coordinates": [77.49190476190476, 13.066190476190476]}, "properties": {"point_id": 3080, "row": 48, "col": 8, "demand_2027": 248.99331809210278}}, {"type": "Feature", "geometry": {"type": "Point", "coordinates": [77.49714285714286, 13.066190476190476]}, "properties": {"point_id": 3081, "row": 48, "col": 9, "demand_2027": 234.18681044285327}}, {"type": "Feature", "geometry": {"type": "Point", "coordinates": [77.50238095238096, 13.066190476190476]}, "properties": {"point_id": 3082, "row": 48, "col": 10, "demand_2027": 304.8336477366552}}, {"type": "Feature", "geometry": {"type": "Point", "coordinates": [77.50761904761904, 13.066190476190476]}, "properties": {"point_id": 3083, "row": 48, "col": 11, "demand_2027": 280.72709706770456}}, {"type": "Feature", "geometry": {"type": "Point", "coordinates": [77.51285714285714, 13.066190476190476]}, "properties": {"point_id": 3084, "row": 48, "col": 12, "demand_2027": 302.0980178787021}}, {"type": "Feature", "geometry": {"type": "Point", "coordinates": [77.51809523809524, 13.066190476190476]}, "properties": {"point_id": 3085, "row": 48, "col": 13, "demand_2027": 397.80322817007936}}, {"type": "Feature", "geometry": {"type": "Point", "coordinates": [77.52333333333334, 13.066190476190476]}, "properties": {"point_id": 3086, "row": 48, "col": 14, "demand_2027": 296.0235754111487}}, {"type": "Feature", "geometry": {"type": "Point", "coordinates": [77.52857142857142, 13.066190476190476]}, "properties": {"point_id": 3087, "row": 48, "col": 15, "demand_2027": 375.9914810209311}}, {"type": "Feature", "geometry": {"type": "Point", "coordinates": [77.53380952380952, 13.066190476190476]}, "properties": {"point_id": 3088, "row": 48, "col": 16, "demand_2027": 469.6698050096162}}, {"type": "Feature", "geometry": {"type": "Point", "coordinates": [77.53904761904762, 13.066190476190476]}, "properties": {"point_id": 3089, "row": 48, "col": 17, "demand_2027": 599.5835124517012}}, {"type": "Feature", "geometry": {"type": "Point", "coordinates": [77.54428571428572, 13.066190476190476]}, "properties": {"point_id": 3090, "row": 48, "col": 18, "demand_2027": 659.7163716967166}}, {"type": "Feature", "geometry": {"type": "Point", "coordinates": [77.5495238095238, 13.066190476190476]}, "properties": {"point_id": 3091, "row": 48, "col": 19, "demand_2027": 559.6901991707805}}, {"type": "Feature", "geometry": {"type": "Point", "coordinates": [77.5547619047619, 13.066190476190476]}, "properties": {"point_id": 3092, "row": 48, "col": 20, "demand_2027": 804.5391472811052}}, {"type": "Feature", "geometry": {"type": "Point", "coordinates": [77.56, 13.066190476190476]}, "properties": {"point_id": 3093, "row": 48, "col": 21, "demand_2027": 679.3865133933583}}, {"type": "Feature", "geometry": {"type": "Point", "coordinates": [77.5652380952381, 13.066190476190476]}, "properties": {"point_id": 3094, "row": 48, "col": 22, "demand_2027": 1132.8536444031265}}, {"type": "Feature", "geometry": {"type": "Point", "coordinates": [77.5704761904762, 13.066190476190476]}, "properties": {"point_id": 3095, "row": 48, "col": 23, "demand_2027": 717.3576869993939}}, {"type": "Feature", "geometry": {"type": "Point", "coordinates": [77.57571428571428, 13.066190476190476]}, "properties": {"point_id": 3096, "row": 48, "col": 24, "demand_2027": 1160.4086609189203}}, {"type": "Feature", "geometry": {"type": "Point", "coordinates": [77.58095238095238, 13.066190476190476]}, "properties": {"point_id": 3097, "row": 48, "col": 25, "demand_2027": 878.5038137268048}}, {"type": "Feature", "geometry": {"type": "Point", "coordinates": [77.58619047619048, 13.066190476190476]}, "properties": {"point_id": 3098, "row": 48, "col": 26, "demand_2027": 1319.902234359137}}, {"type": "Feature", "geometry": {"type": "Point", "coordinates": [77.59142857142858, 13.066190476190476]}, "properties": {"point_id": 3099, "row": 48, "col": 27, "demand_2027": 1139.4802657727578}}, {"type": "Feature", "geometry": {"type": "Point", "coordinates": [77.59666666666666, 13.066190476190476]}, "properties": {"point_id": 3100, "row": 48, "col": 28, "demand_2027": 856.9430306746381}}, {"type": "Feature", "geometry": {"type": "Point", "coordinates": [77.60190476190476, 13.066190476190476]}, "properties": {"point_id": 3101, "row": 48, "col": 29, "demand_2027": 961.1979991284993}}, {"type": "Feature", "geometry": {"type": "Point", "coordinates": [77.60714285714286, 13.066190476190476]}, "properties": {"point_id": 3102, "row": 48, "col": 30, "demand_2027": 1142.988545526318}}, {"type": "Feature", "geometry": {"type": "Point", "coordinates": [77.61238095238096, 13.066190476190476]}, "properties": {"point_id": 3103, "row": 48, "col": 31, "demand_2027": 1138.4613885289943}}, {"type": "Feature", "geometry": {"type": "Point", "coordinates": [77.61761904761904, 13.066190476190476]}, "properties": {"point_id": 3104, "row": 48, "col": 32, "demand_2027": 1023.5102828663296}}, {"type": "Feature", "geometry": {"type": "Point", "coordinates": [77.62285714285714, 13.066190476190476]}, "properties": {"point_id": 3105, "row": 48, "col": 33, "demand_2027": 934.3241678843767}}, {"type": "Feature", "geometry": {"type": "Point", "coordinates": [77.62809523809524, 13.066190476190476]}, "properties": {"point_id": 3106, "row": 48, "col": 34, "demand_2027": 956.5135490051487}}, {"type": "Feature", "geometry": {"type": "Point", "coordinates": [77.63333333333334, 13.066190476190476]}, "properties": {"point_id": 3107, "row": 48, "col": 35, "demand_2027": 766.1476210157301}}, {"type": "Feature", "geometry": {"type": "Point", "coordinates": [77.63857142857142, 13.066190476190476]}, "properties": {"point_id": 3108, "row": 48, "col": 36, "demand_2027": 572.110968664331}}, {"type": "Feature", "geometry": {"type": "Point", "coordinates": [77.64380952380952, 13.066190476190476]}, "properties": {"point_id": 3109, "row": 48, "col": 37, "demand_2027": 567.1173271170449}}, {"type": "Feature", "geometry": {"type": "Point", "coordinates": [77.64904761904762, 13.066190476190476]}, "properties": {"point_id": 3110, "row": 48, "col": 38, "demand_2027": 640.111090987468}}, {"type": "Feature", "geometry": {"type": "Point", "coordinates": [77.65428571428572, 13.066190476190476]}, "properties": {"point_id": 3111, "row": 48, "col": 39, "demand_2027": 672.304586174103}}, {"type": "Feature", "geometry": {"type": "Point", "coordinates": [77.6595238095238, 13.066190476190476]}, "properties": {"point_id": 3112, "row": 48, "col": 40, "demand_2027": 619.9746975578029}}, {"type": "Feature", "geometry": {"type": "Point", "coordinates": [77.6647619047619, 13.066190476190476]}, "properties": {"point_id": 3113, "row": 48, "col": 41, "demand_2027": 501.4327667858185}}, {"type": "Feature", "geometry": {"type": "Point", "coordinates": [77.67, 13.066190476190476]}, "properties": {"point_id": 3114, "row": 48, "col": 42, "demand_2027": 447.2594036943519}}, {"type": "Feature", "geometry": {"type": "Point", "coordinates": [77.6752380952381, 13.066190476190476]}, "properties": {"point_id": 3115, "row": 48, "col": 43, "demand_2027": 444.6924323319547}}, {"type": "Feature", "geometry": {"type": "Point", "coordinates": [77.6804761904762, 13.066190476190476]}, "properties": {"point_id": 3116, "row": 48, "col": 44, "demand_2027": 347.72508925070287}}, {"type": "Feature", "geometry": {"type": "Point", "coordinates": [77.68571428571428, 13.066190476190476]}, "properties": {"point_id": 3117, "row": 48, "col": 45, "demand_2027": 389.68253651571877}}, {"type": "Feature", "geometry": {"type": "Point", "coordinates": [77.69095238095238, 13.066190476190476]}, "properties": {"point_id": 3118, "row": 48, "col": 46, "demand_2027": 306.3572437214541}}, {"type": "Feature", "geometry": {"type": "Point", "coordinates": [77.69619047619048, 13.066190476190476]}, "properties": {"point_id": 3119, "row": 48, "col": 47, "demand_2027": 285.8711337761201}}, {"type": "Feature", "geometry": {"type": "Point", "coordinates": [77.70142857142858, 13.066190476190476]}, "properties": {"point_id": 3120, "row": 48, "col": 48, "demand_2027": 370.65243239556344}}, {"type": "Feature", "geometry": {"type": "Point", "coordinates": [77.70666666666666, 13.066190476190476]}, "properties": {"point_id": 3121, "row": 48, "col": 49, "demand_2027": 357.30888519608925}}, {"type": "Feature", "geometry": {"type": "Point", "coordinates": [77.71190476190476, 13.066190476190476]}, "properties": {"point_id": 3122, "row": 48, "col": 50, "demand_2027": 399.8768252153339}}, {"type": "Feature", "geometry": {"type": "Point", "coordinates": [77.71714285714286, 13.066190476190476]}, "properties": {"point_id": 3123, "row": 48, "col": 51, "demand_2027": 371.91775439117816}}, {"type": "Feature", "geometry": {"type": "Point", "coordinates": [77.72238095238096, 13.066190476190476]}, "properties": {"point_id": 3124, "row": 48, "col": 52, "demand_2027": 395.7435560363967}}, {"type": "Feature", "geometry": {"type": "Point", "coordinates": [77.72761904761904, 13.066190476190476]}, "properties": {"point_id": 3125, "row": 48, "col": 53, "demand_2027": 365.63899283405135}}, {"type": "Feature", "geometry": {"type": "Point", "coordinates": [77.73285714285714, 13.066190476190476]}, "properties": {"point_id": 3126, "row": 48, "col": 54, "demand_2027": 341.72168770376584}}, {"type": "Feature", "geometry": {"type": "Point", "coordinates": [77.73809523809524, 13.066190476190476]}, "properties": {"point_id": 3127, "row": 48, "col": 55, "demand_2027": 383.6765426667357}}, {"type": "Feature", "geometry": {"type": "Point", "coordinates": [77.74333333333334, 13.066190476190476]}, "properties": {"point_id": 3128, "row": 48, "col": 56, "demand_2027": 307.1760877038283}}, {"type": "Feature", "geometry": {"type": "Point", "coordinates": [77.74857142857142, 13.066190476190476]}, "properties": {"point_id": 3129, "row": 48, "col": 57, "demand_2027": 357.7692119346004}}, {"type": "Feature", "geometry": {"type": "Point", "coordinates": [77.75380952380952, 13.066190476190476]}, "properties": {"point_id": 3130, "row": 48, "col": 58, "demand_2027": 377.14298107362646}}, {"type": "Feature", "geometry": {"type": "Point", "coordinates": [77.75904761904762, 13.066190476190476]}, "properties": {"point_id": 3131, "row": 48, "col": 59, "demand_2027": 301.2190781338476}}, {"type": "Feature", "geometry": {"type": "Point", "coordinates": [77.76428571428572, 13.066190476190476]}, "properties": {"point_id": 3132, "row": 48, "col": 60, "demand_2027": 358.0117559976079}}, {"type": "Feature", "geometry": {"type": "Point", "coordinates": [77.7695238095238, 13.066190476190476]}, "properties": {"point_id": 3133, "row": 48, "col": 61, "demand_2027": 297.8983633175268}}, {"type": "Feature", "geometry": {"type": "Point", "coordinates": [77.7747619047619, 13.066190476190476]}, "properties": {"point_id": 3134, "row": 48, "col": 62, "demand_2027": 303.8061224406881}}, {"type": "Feature", "geometry": {"type": "Point", "coordinates": [77.78, 13.066190476190476]}, "properties": {"point_id": 3135, "row": 48, "col": 63, "demand_2027": 257.20458649027535}}, {"type": "Feature", "geometry": {"type": "Point", "coordinates": [77.45, 13.071111111111112]}, "properties": {"point_id": 3136, "row": 49, "col": 0, "demand_2027": 274.5820512910057}}, {"type": "Feature", "geometry": {"type": "Point", "coordinates": [77.4552380952381, 13.071111111111112]}, "properties": {"point_id": 3137, "row": 49, "col": 1, "demand_2027": 277.2626804159006}}, {"type": "Feature", "geometry": {"type": "Point", "coordinates": [77.4604761904762, 13.071111111111112]}, "properties": {"point_id": 3138, "row": 49, "col": 2, "demand_2027": 262.829722150957}}, {"type": "Feature", "geometry": {"type": "Point", "coordinates": [77.46571428571428, 13.071111111111112]}, "properties": {"point_id": 3139, "row": 49, "col": 3, "demand_2027": 314.8495818858213}}, {"type": "Feature", "geometry": {"type": "Point", "coordinates": [77.47095238095238, 13.071111111111112]}, "properties": {"point_id": 3140, "row": 49, "col": 4, "demand_2027": 228.19949127345726}}, {"type": "Feature", "geometry": {"type": "Point", "coordinates": [77.47619047619048, 13.071111111111112]}, "properties": {"point_id": 3141, "row": 49, "col": 5, "demand_2027": 368.4325050886904}}, {"type": "Feature", "geometry": {"type": "Point", "coordinates": [77.48142857142858, 13.071111111111112]}, "properties": {"point_id": 3142, "row": 49, "col": 6, "demand_2027": 241.01124103492492}}, {"type": "Feature", "geometry": {"type": "Point", "coordinates": [77.48666666666666, 13.071111111111112]}, "properties": {"point_id": 3143, "row": 49, "col": 7, "demand_2027": 262.43043439486985}}, {"type": "Feature", "geometry": {"type": "Point", "coordinates": [77.49190476190476, 13.071111111111112]}, "properties": {"point_id": 3144, "row": 49, "col": 8, "demand_2027": 248.76246090002473}}, {"type": "Feature", "geometry": {"type": "Point", "coordinates": [77.49714285714286, 13.071111111111112]}, "properties": {"point_id": 3145, "row": 49, "col": 9, "demand_2027": 283.329300445697}}, {"type": "Feature", "geometry": {"type": "Point", "coordinates": [77.50238095238096, 13.071111111111112]}, "properties": {"point_id": 3146, "row": 49, "col": 10, "demand_2027": 305.74799387018595}}, {"type": "Feature", "geometry": {"type": "Point", "coordinates": [77.50761904761904, 13.071111111111112]}, "properties": {"point_id": 3147, "row": 49, "col": 11, "demand_2027": 276.8728096452509}}, {"type": "Feature", "geometry": {"type": "Point", "coordinates": [77.51285714285714, 13.071111111111112]}, "properties": {"point_id": 3148, "row": 49, "col": 12, "demand_2027": 418.2056469434183}}, {"type": "Feature", "geometry": {"type": "Point", "coordinates": [77.51809523809524, 13.071111111111112]}, "properties": {"point_id": 3149, "row": 49, "col": 13, "demand_2027": 360.9305695750569}}, {"type": "Feature", "geometry": {"type": "Point", "coordinates": [77.52333333333334, 13.071111111111112]}, "properties": {"point_id": 3150, "row": 49, "col": 14, "demand_2027": 384.0416336513972}}, {"type": "Feature", "geometry": {"type": "Point", "coordinates": [77.52857142857142, 13.071111111111112]}, "properties": {"point_id": 3151, "row": 49, "col": 15, "demand_2027": 355.3505100620122}}, {"type": "Feature", "geometry": {"type": "Point", "coordinates": [77.53380952380952, 13.071111111111112]}, "properties": {"point_id": 3152, "row": 49, "col": 16, "demand_2027": 475.80509962265114}}, {"type": "Feature", "geometry": {"type": "Point", "coordinates": [77.53904761904762, 13.071111111111112]}, "properties": {"point_id": 3153, "row": 49, "col": 17, "demand_2027": 474.02524983692484}}, {"type": "Feature", "geometry": {"type": "Point", "coordinates": [77.54428571428572, 13.071111111111112]}, "properties": {"point_id": 3154, "row": 49, "col": 18, "demand_2027": 490.8555619039809}}, {"type": "Feature", "geometry": {"type": "Point", "coordinates": [77.5495238095238, 13.071111111111112]}, "properties": {"point_id": 3155, "row": 49, "col": 19, "demand_2027": 512.5334607045216}}, {"type": "Feature", "geometry": {"type": "Point", "coordinates": [77.5547619047619, 13.071111111111112]}, "properties": {"point_id": 3156, "row": 49, "col": 20, "demand_2027": 902.8479589053953}}, {"type": "Feature", "geometry": {"type": "Point", "coordinates": [77.56, 13.071111111111112]}, "properties": {"point_id": 3157, "row": 49, "col": 21, "demand_2027": 662.5509952296647}}, {"type": "Feature", "geometry": {"type": "Point", "coordinates": [77.5652380952381, 13.071111111111112]}, "properties": {"point_id": 3158, "row": 49, "col": 22, "demand_2027": 556.7008882517979}}, {"type": "Feature", "geometry": {"type": "Point", "coordinates": [77.5704761904762, 13.071111111111112]}, "properties": {"point_id": 3159, "row": 49, "col": 23, "demand_2027": 758.7134038549323}}, {"type": "Feature", "geometry": {"type": "Point", "coordinates": [77.57571428571428, 13.071111111111112]}, "properties": {"point_id": 3160, "row": 49, "col": 24, "demand_2027": 890.9895232795113}}, {"type": "Feature", "geometry": {"type": "Point", "coordinates": [77.58095238095238, 13.071111111111112]}, "properties": {"point_id": 3161, "row": 49, "col": 25, "demand_2027": 961.8514035976918}}, {"type": "Feature", "geometry": {"type": "Point", "coordinates": [77.58619047619048, 13.071111111111112]}, "properties": {"point_id": 3162, "row": 49, "col": 26, "demand_2027": 999.0708975118424}}, {"type": "Feature", "geometry": {"type": "Point", "coordinates": [77.59142857142858, 13.071111111111112]}, "properties": {"point_id": 3163, "row": 49, "col": 27, "demand_2027": 1063.740820058358}}, {"type": "Feature", "geometry": {"type": "Point", "coordinates": [77.59666666666666, 13.071111111111112]}, "properties": {"point_id": 3164, "row": 49, "col": 28, "demand_2027": 937.2568267509836}}, {"type": "Feature", "geometry": {"type": "Point", "coordinates": [77.60190476190476, 13.071111111111112]}, "properties": {"point_id": 3165, "row": 49, "col": 29, "demand_2027": 1012.5246633432197}}, {"type": "Feature", "geometry": {"type": "Point", "coordinates": [77.60714285714286, 13.071111111111112]}, "properties": {"point_id": 3166, "row": 49, "col": 30, "demand_2027": 826.2410364954513}}, {"type": "Feature", "geometry": {"type": "Point", "coordinates": [77.61238095238096, 13.071111111111112]}, "properties": {"point_id": 3167, "row": 49, "col": 31, "demand_2027": 814.9889389949589}}, {"type": "Feature", "geometry": {"type": "Point", "coordinates": [77.61761904761904, 13.071111111111112]}, "properties": {"point_id": 3168, "row": 49, "col": 32, "demand_2027": 740.0066729060288}}, {"type": "Feature", "geometry": {"type": "Point", "coordinates": [77.62285714285714, 13.071111111111112]}, "properties": {"point_id": 3169, "row": 49, "col": 33, "demand_2027": 646.4058888978622}}, {"type": "Feature", "geometry": {"type": "Point", "coordinates": [77.62809523809524, 13.071111111111112]}, "properties": {"point_id": 3170, "row": 49, "col": 34, "demand_2027": 934.2037757546352}}, {"type": "Feature", "geometry": {"type": "Point", "coordinates": [77.63333333333334, 13.071111111111112]}, "properties": {"point_id": 3171, "row": 49, "col": 35, "demand_2027": 851.9826856508284}}, {"type": "Feature", "geometry": {"type": "Point", "coordinates": [77.63857142857142, 13.071111111111112]}, "properties": {"point_id": 3172, "row": 49, "col": 36, "demand_2027": 819.8766119957769}}, {"type": "Feature", "geometry": {"type": "Point", "coordinates": [77.64380952380952, 13.071111111111112]}, "properties": {"point_id": 3173, "row": 49, "col": 37, "demand_2027": 642.064094431688}}, {"type": "Feature", "geometry": {"type": "Point", "coordinates": [77.64904761904762, 13.071111111111112]}, "properties": {"point_id": 3174, "row": 49, "col": 38, "demand_2027": 610.9902113028793}}, {"type": "Feature", "geometry": {"type": "Point", "coordinates": [77.65428571428572, 13.071111111111112]}, "properties": {"point_id": 3175, "row": 49, "col": 39, "demand_2027": 388.20648255003255}}, {"type": "Feature", "geometry": {"type": "Point", "coordinates": [77.6595238095238, 13.071111111111112]}, "properties": {"point_id": 3176, "row": 49, "col": 40, "demand_2027": 553.4902303118819}}, {"type": "Feature", "geometry": {"type": "Point", "coordinates": [77.6647619047619, 13.071111111111112]}, "properties": {"point_id": 3177, "row": 49, "col": 41, "demand_2027": 420.20622932220635}}, {"type": "Feature", "geometry": {"type": "Point", "coordinates": [77.67, 13.071111111111112]}, "properties": {"point_id": 3178, "row": 49, "col": 42, "demand_2027": 438.9968521043231}}, {"type": "Feature", "geometry": {"type": "Point", "coordinates": [77.6752380952381, 13.071111111111112]}, "properties": {"point_id": 3179, "row": 49, "col": 43, "demand_2027": 393.64376287232886}}, {"type": "Feature", "geometry": {"type": "Point", "coordinates": [77.6804761904762, 13.071111111111112]}, "properties": {"point_id": 3180, "row": 49, "col": 44, "demand_2027": 308.54299072405325}}, {"type": "Feature", "geometry": {"type": "Point", "coordinates": [77.68571428571428, 13.071111111111112]}, "properties": {"point_id": 3181, "row": 49, "col": 45, "demand_2027": 271.59611578828554}}, {"type": "Feature", "geometry": {"type": "Point", "coordinates": [77.69095238095238, 13.071111111111112]}, "properties": {"point_id": 3182, "row": 49, "col": 46, "demand_2027": 298.4161243926}}, {"type": "Feature", "geometry": {"type": "Point", "coordinates": [77.69619047619048, 13.071111111111112]}, "properties": {"point_id": 3183, "row": 49, "col": 47, "demand_2027": 360.0875674538339}}, {"type": "Feature", "geometry": {"type": "Point", "coordinates": [77.70142857142858, 13.071111111111112]}, "properties": {"point_id": 3184, "row": 49, "col": 48, "demand_2027": 368.0025676948607}}, {"type": "Feature", "geometry": {"type": "Point", "coordinates": [77.70666666666666, 13.071111111111112]}, "properties": {"point_id": 3185, "row": 49, "col": 49, "demand_2027": 275.4222452299764}}, {"type": "Feature", "geometry": {"type": "Point", "coordinates": [77.71190476190476, 13.071111111111112]}, "properties": {"point_id": 3186, "row": 49, "col": 50, "demand_2027": 292.04871314441164}}, {"type": "Feature", "geometry": {"type": "Point", "coordinates": [77.71714285714286, 13.071111111111112]}, "properties": {"point_id": 3187, "row": 49, "col": 51, "demand_2027": 281.8030754385877}}, {"type": "Feature", "geometry": {"type": "Point", "coordinates": [77.72238095238096, 13.071111111111112]}, "properties": {"point_id": 3188, "row": 49, "col": 52, "demand_2027": 289.30261764322546}}, {"type": "Feature", "geometry": {"type": "Point", "coordinates": [77.72761904761904, 13.071111111111112]}, "properties": {"point_id": 3189, "row": 49, "col": 53, "demand_2027": 257.16137001077607}}, {"type": "Feature", "geometry": {"type": "Point", "coordinates": [77.73285714285714, 13.071111111111112]}, "properties": {"point_id": 3190, "row": 49, "col": 54, "demand_2027": 256.17391275203363}}, {"type": "Feature", "geometry": {"type": "Point", "coordinates": [77.73809523809524, 13.071111111111112]}, "properties": {"point_id": 3191, "row": 49, "col": 55, "demand_2027": 293.60246858326127}}, {"type": "Feature", "geometry": {"type": "Point", "coordinates": [77.74333333333334, 13.071111111111112]}, "properties": {"point_id": 3192, "row": 49, "col": 56, "demand_2027": 317.62824093577035}}, {"type": "Feature", "geometry": {"type": "Point", "coordinates": [77.74857142857142, 13.071111111111112]}, "properties": {"point_id": 3193, "row": 49, "col": 57, "demand_2027": 261.68591578965754}}, {"type": "Feature", "geometry": {"type": "Point", "coordinates": [77.75380952380952, 13.071111111111112]}, "properties": {"point_id": 3194, "row": 49, "col": 58, "demand_2027": 305.3958703546992}}, {"type": "Feature", "geometry": {"type": "Point", "coordinates": [77.75904761904762, 13.071111111111112]}, "properties": {"point_id": 3195, "row": 49, "col": 59, "demand_2027": 374.302322549384}}, {"type": "Feature", "geometry": {"type": "Point", "coordinates": [77.76428571428572, 13.071111111111112]}, "properties": {"point_id": 3196, "row": 49, "col": 60, "demand_2027": 245.6900204189938}}, {"type": "Feature", "geometry": {"type": "Point", "coordinates": [77.7695238095238, 13.071111111111112]}, "properties": {"point_id": 3197, "row": 49, "col": 61, "demand_2027": 299.6548125671944}}, {"type": "Feature", "geometry": {"type": "Point", "coordinates": [77.7747619047619, 13.071111111111112]}, "properties": {"point_id": 3198, "row": 49, "col": 62, "demand_2027": 354.0912960538951}}, {"type": "Feature", "geometry": {"type": "Point", "coordinates": [77.78, 13.071111111111112]}, "properties": {"point_id": 3199, "row": 49, "col": 63, "demand_2027": 282.4805848663845}}, {"type": "Feature", "geometry": {"type": "Point", "coordinates": [77.45, 13.076031746031747]}, "properties": {"point_id": 3200, "row": 50, "col": 0, "demand_2027": 215.45943376533157}}, {"type": "Feature", "geometry": {"type": "Point", "coordinates": [77.4552380952381, 13.076031746031747]}, "properties": {"point_id": 3201, "row": 50, "col": 1, "demand_2027": 269.3812101298614}}, {"type": "Feature", "geometry": {"type": "Point", "coordinates": [77.4604761904762, 13.076031746031747]}, "properties": {"point_id": 3202, "row": 50, "col": 2, "demand_2027": 227.54714073534072}}, {"type": "Feature", "geometry": {"type": "Point", "coordinates": [77.46571428571428, 13.076031746031747]}, "properties": {"point_id": 3203, "row": 50, "col": 3, "demand_2027": 278.26912322270005}}, {"type": "Feature", "geometry": {"type": "Point", "coordinates": [77.47095238095238, 13.076031746031747]}, "properties": {"point_id": 3204, "row": 50, "col": 4, "demand_2027": 267.7379854183452}}, {"type": "Feature", "geometry": {"type": "Point", "coordinates": [77.47619047619048, 13.076031746031747]}, "properties": {"point_id": 3205, "row": 50, "col": 5, "demand_2027": 237.61564621784342}}, {"type": "Feature", "geometry": {"type": "Point", "coordinates": [77.48142857142858, 13.076031746031747]}, "properties": {"point_id": 3206, "row": 50, "col": 6, "demand_2027": 252.52854057263986}}, {"type": "Feature", "geometry": {"type": "Point", "coordinates": [77.48666666666666, 13.076031746031747]}, "properties": {"point_id": 3207, "row": 50, "col": 7, "demand_2027": 260.3713938359497}}, {"type": "Feature", "geometry": {"type": "Point", "coordinates": [77.49190476190476, 13.076031746031747]}, "properties": {"point_id": 3208, "row": 50, "col": 8, "demand_2027": 304.0000053780473}}, {"type": "Feature", "geometry": {"type": "Point", "coordinates": [77.49714285714286, 13.076031746031747]}, "properties": {"point_id": 3209, "row": 50, "col": 9, "demand_2027": 240.7106136324519}}, {"type": "Feature", "geometry": {"type": "Point", "coordinates": [77.50238095238096, 13.076031746031747]}, "properties": {"point_id": 3210, "row": 50, "col": 10, "demand_2027": 272.08700667235826}}, {"type": "Feature", "geometry": {"type": "Point", "coordinates": [77.50761904761904, 13.076031746031747]}, "properties": {"point_id": 3211, "row": 50, "col": 11, "demand_2027": 286.51828749323374}}, {"type": "Feature", "geometry": {"type": "Point", "coordinates": [77.51285714285714, 13.076031746031747]}, "properties": {"point_id": 3212, "row": 50, "col": 12, "demand_2027": 343.1932587592825}}, {"type": "Feature", "geometry": {"type": "Point", "coordinates": [77.51809523809524, 13.076031746031747]}, "properties": {"point_id": 3213, "row": 50, "col": 13, "demand_2027": 280.12388059724765}}, {"type": "Feature", "geometry": {"type": "Point", "coordinates": [77.52333333333334, 13.076031746031747]}, "properties": {"point_id": 3214, "row": 50, "col": 14, "demand_2027": 397.481542662994}}, {"type": "Feature", "geometry": {"type": "Point", "coordinates": [77.52857142857142, 13.076031746031747]}, "properties": {"point_id": 3215, "row": 50, "col": 15, "demand_2027": 409.39311225707127}}, {"type": "Feature", "geometry": {"type": "Point", "coordinates": [77.53380952380952, 13.076031746031747]}, "properties": {"point_id": 3216, "row": 50, "col": 16, "demand_2027": 344.45645110336034}}, {"type": "Feature", "geometry": {"type": "Point", "coordinates": [77.53904761904762, 13.076031746031747]}, "properties": {"point_id": 3217, "row": 50, "col": 17, "demand_2027": 549.889748631479}}, {"type": "Feature", "geometry": {"type": "Point", "coordinates": [77.54428571428572, 13.076031746031747]}, "properties": {"point_id": 3218, "row": 50, "col": 18, "demand_2027": 744.5175067263009}}, {"type": "Feature", "geometry": {"type": "Point", "coordinates": [77.5495238095238, 13.076031746031747]}, "properties": {"point_id": 3219, "row": 50, "col": 19, "demand_2027": 675.7281604848848}}, {"type": "Feature", "geometry": {"type": "Point", "coordinates": [77.5547619047619, 13.076031746031747]}, "properties": {"point_id": 3220, "row": 50, "col": 20, "demand_2027": 750.7090827083681}}, {"type": "Feature", "geometry": {"type": "Point", "coordinates": [77.56, 13.076031746031747]}, "properties": {"point_id": 3221, "row": 50, "col": 21, "demand_2027": 640.8248587704451}}, {"type": "Feature", "geometry": {"type": "Point", "coordinates": [77.5652380952381, 13.076031746031747]}, "properties": {"point_id": 3222, "row": 50, "col": 22, "demand_2027": 553.7582508864673}}, {"type": "Feature", "geometry": {"type": "Point", "coordinates": [77.5704761904762, 13.076031746031747]}, "properties": {"point_id": 3223, "row": 50, "col": 23, "demand_2027": 575.027148331895}}, {"type": "Feature", "geometry": {"type": "Point", "coordinates": [77.57571428571428, 13.076031746031747]}, "properties": {"point_id": 3224, "row": 50, "col": 24, "demand_2027": 870.6621423957132}}, {"type": "Feature", "geometry": {"type": "Point", "coordinates": [77.58095238095238, 13.076031746031747]}, "properties": {"point_id": 3225, "row": 50, "col": 25, "demand_2027": 778.0376831033655}}, {"type": "Feature", "geometry": {"type": "Point", "coordinates": [77.58619047619048, 13.076031746031747]}, "properties": {"point_id": 3226, "row": 50, "col": 26, "demand_2027": 807.3427177229858}}, {"type": "Feature", "geometry": {"type": "Point", "coordinates": [77.59142857142858, 13.076031746031747]}, "properties": {"point_id": 3227, "row": 50, "col": 27, "demand_2027": 910.9714021019536}}, {"type": "Feature", "geometry": {"type": "Point", "coordinates": [77.59666666666666, 13.076031746031747]}, "properties": {"point_id": 3228, "row": 50, "col": 28, "demand_2027": 1054.974900940784}}, {"type": "Feature", "geometry": {"type": "Point", "coordinates": [77.60190476190476, 13.076031746031747]}, "properties": {"point_id": 3229, "row": 50, "col": 29, "demand_2027": 798.9898782920583}}, {"type": "Feature", "geometry": {"type": "Point", "coordinates": [77.60714285714286, 13.076031746031747]}, "properties": {"point_id": 3230, "row": 50, "col": 30, "demand_2027": 860.4618816059433}}, {"type": "Feature", "geometry": {"type": "Point", "coordinates": [77.61238095238096, 13.076031746031747]}, "properties": {"point_id": 3231, "row": 50, "col": 31, "demand_2027": 1038.2245708313274}}, {"type": "Feature", "geometry": {"type": "Point", "coordinates": [77.61761904761904, 13.076031746031747]}, "properties": {"point_id": 3232, "row": 50, "col": 32, "demand_2027": 701.3574791282624}}, {"type": "Feature", "geometry": {"type": "Point", "coordinates": [77.62285714285714, 13.076031746031747]}, "properties": {"point_id": 3233, "row": 50, "col": 33, "demand_2027": 893.0485298561448}}, {"type": "Feature", "geometry": {"type": "Point", "coordinates": [77.62809523809524, 13.076031746031747]}, "properties": {"point_id": 3234, "row": 50, "col": 34, "demand_2027": 723.5737997859133}}, {"type": "Feature", "geometry": {"type": "Point", "coordinates": [77.63333333333334, 13.076031746031747]}, "properties": {"point_id": 3235, "row": 50, "col": 35, "demand_2027": 788.5899418261665}}, {"type": "Feature", "geometry": {"type": "Point", "coordinates": [77.63857142857142, 13.076031746031747]}, "properties": {"point_id": 3236, "row": 50, "col": 36, "demand_2027": 720.9386693529882}}, {"type": "Feature", "geometry": {"type": "Point", "coordinates": [77.64380952380952, 13.076031746031747]}, "properties": {"point_id": 3237, "row": 50, "col": 37, "demand_2027": 666.9206917357425}}, {"type": "Feature", "geometry": {"type": "Point", "coordinates": [77.64904761904762, 13.076031746031747]}, "properties": {"point_id": 3238, "row": 50, "col": 38, "demand_2027": 623.496185186548}}, {"type": "Feature", "geometry": {"type": "Point", "coordinates": [77.65428571428572, 13.076031746031747]}, "properties": {"point_id": 3239, "row": 50, "col": 39, "demand_2027": 402.9925056368471}}, {"type": "Feature", "geometry": {"type": "Point", "coordinates": [77.6595238095238, 13.076031746031747]}, "properties": {"point_id": 3240, "row": 50, "col": 40, "demand_2027": 529.0186424883195}}, {"type": "Feature", "geometry": {"type": "Point", "coordinates": [77.6647619047619, 13.076031746031747]}, "properties": {"point_id": 3241, "row": 50, "col": 41, "demand_2027": 368.55584697790414}}, {"type": "Feature", "geometry": {"type": "Point", "coordinates": [77.67, 13.076031746031747]}, "properties": {"point_id": 3242, "row": 50, "col": 42, "demand_2027": 404.2371046695594}}, {"type": "Feature", "geometry": {"type": "Point", "coordinates": [77.6752380952381, 13.076031746031747]}, "properties": {"point_id": 3243, "row": 50, "col": 43, "demand_2027": 344.4186762863287}}, {"type": "Feature", "geometry": {"type": "Point", "coordinates": [77.6804761904762, 13.076031746031747]}, "properties": {"point_id": 3244, "row": 50, "col": 44, "demand_2027": 380.2628019436177}}, {"type": "Feature", "geometry": {"type": "Point", "coordinates": [77.68571428571428, 13.076031746031747]}, "properties": {"point_id": 3245, "row": 50, "col": 45, "demand_2027": 335.1167905096547}}, {"type": "Feature", "geometry": {"type": "Point", "coordinates": [77.69095238095238, 13.076031746031747]}, "properties": {"point_id": 3246, "row": 50, "col": 46, "demand_2027": 274.7892637906004}}, {"type": "Feature", "geometry": {"type": "Point", "coordinates": [77.69619047619048, 13.076031746031747]}, "properties": {"point_id": 3247, "row": 50, "col": 47, "demand_2027": 227.68176710105539}}, {"type": "Feature", "geometry": {"type": "Point", "coordinates": [77.70142857142858, 13.076031746031747]}, "properties": {"point_id": 3248, "row": 50, "col": 48, "demand_2027": 359.3760938670057}}, {"type": "Feature", "geometry": {"type": "Point", "coordinates": [77.70666666666666, 13.076031746031747]}, "properties": {"point_id": 3249, "row": 50, "col": 49, "demand_2027": 306.6831212689173}}, {"type": "Feature", "geometry": {"type": "Point", "coordinates": [77.71190476190476, 13.076031746031747]}, "properties": {"point_id": 3250, "row": 50, "col": 50, "demand_2027": 361.40633828909}}, {"type": "Feature", "geometry": {"type": "Point", "coordinates": [77.71714285714286, 13.076031746031747]}, "properties": {"point_id": 3251, "row": 50, "col": 51, "demand_2027": 296.2360451808356}}, {"type": "Feature", "geometry": {"type": "Point", "coordinates": [77.72238095238096, 13.076031746031747]}, "properties": {"point_id": 3252, "row": 50, "col": 52, "demand_2027": 250.7290166402047}}, {"type": "Feature", "geometry": {"type": "Point", "coordinates": [77.72761904761904, 13.076031746031747]}, "properties": {"point_id": 3253, "row": 50, "col": 53, "demand_2027": 375.1181645418058}}, {"type": "Feature", "geometry": {"type": "Point", "coordinates": [77.73285714285714, 13.076031746031747]}, "properties": {"point_id": 3254, "row": 50, "col": 54, "demand_2027": 285.71155495255545}}, {"type": "Feature", "geometry": {"type": "Point", "coordinates": [77.73809523809524, 13.076031746031747]}, "properties": {"point_id": 3255, "row": 50, "col": 55, "demand_2027": 309.27114113881896}}, {"type": "Feature", "geometry": {"type": "Point", "coordinates": [77.74333333333334, 13.076031746031747]}, "properties": {"point_id": 3256, "row": 50, "col": 56, "demand_2027": 269.4208837352734}}, {"type": "Feature", "geometry": {"type": "Point", "coordinates": [77.74857142857142, 13.076031746031747]}, "properties": {"point_id": 3257, "row": 50, "col": 57, "demand_2027": 375.78742189327966}}, {"type": "Feature", "geometry": {"type": "Point", "coordinates": [77.75380952380952, 13.076031746031747]}, "properties": {"point_id": 3258, "row": 50, "col": 58, "demand_2027": 260.43041524118894}}, {"type": "Feature", "geometry": {"type": "Point", "coordinates": [77.75904761904762, 13.076031746031747]}, "properties": {"point_id": 3259, "row": 50, "col": 59, "demand_2027": 277.32411446778286}}, {"type": "Feature", "geometry": {"type": "Point", "coordinates": [77.76428571428572, 13.076031746031747]}, "properties": {"point_id": 3260, "row": 50, "col": 60, "demand_2027": 321.4922642723423}}, {"type": "Feature", "geometry": {"type": "Point", "coordinates": [77.7695238095238, 13.076031746031747]}, "properties": {"point_id": 3261, "row": 50, "col": 61, "demand_2027": 229.51110551486823}}, {"type": "Feature", "geometry": {"type": "Point", "coordinates": [77.7747619047619, 13.076031746031747]}, "properties": {"point_id": 3262, "row": 50, "col": 62, "demand_2027": 302.88167044867777}}, {"type": "Feature", "geometry": {"type": "Point", "coordinates": [77.78, 13.076031746031747]}, "properties": {"point_id": 3263, "row": 50, "col": 63, "demand_2027": 357.9242952107691}}, {"type": "Feature", "geometry": {"type": "Point", "coordinates": [77.45, 13.08095238095238]}, "properties": {"point_id": 3264, "row": 51, "col": 0, "demand_2027": 215.58064873755578}}, {"type": "Feature", "geometry": {"type": "Point", "coordinates": [77.4552380952381, 13.08095238095238]}, "properties": {"point_id": 3265, "row": 51, "col": 1, "demand_2027": 244.97585047045447}}, {"type": "Feature", "geometry": {"type": "Point", "coordinates": [77.4604761904762, 13.08095238095238]}, "properties": {"point_id": 3266, "row": 51, "col": 2, "demand_2027": 127.98818866226063}}, {"type": "Feature", "geometry": {"type": "Point", "coordinates": [77.46571428571428, 13.08095238095238]}, "properties": {"point_id": 3267, "row": 51, "col": 3, "demand_2027": 239.4241868940031}}, {"type": "Feature", "geometry": {"type": "Point", "coordinates": [77.47095238095238, 13.08095238095238]}, "properties": {"point_id": 3268, "row": 51, "col": 4, "demand_2027": 221.04209625918892}}, {"type": "Feature", "geometry": {"type": "Point", "coordinates": [77.47619047619048, 13.08095238095238]}, "properties": {"point_id": 3269, "row": 51, "col": 5, "demand_2027": 207.24196164118996}}, {"type": "Feature", "geometry": {"type": "Point", "coordinates": [77.48142857142858, 13.08095238095238]}, "properties": {"point_id": 3270, "row": 51, "col": 6, "demand_2027": 285.9351815271809}}, {"type": "Feature", "geometry": {"type": "Point", "coordinates": [77.48666666666666, 13.08095238095238]}, "properties": {"point_id": 3271, "row": 51, "col": 7, "demand_2027": 234.64533001248478}}, {"type": "Feature", "geometry": {"type": "Point", "coordinates": [77.49190476190476, 13.08095238095238]}, "properties": {"point_id": 3272, "row": 51, "col": 8, "demand_2027": 238.39808782543292}}, {"type": "Feature", "geometry": {"type": "Point", "coordinates": [77.49714285714286, 13.08095238095238]}, "properties": {"point_id": 3273, "row": 51, "col": 9, "demand_2027": 253.61281517171838}}, {"type": "Feature", "geometry": {"type": "Point", "coordinates": [77.50238095238096, 13.08095238095238]}, "properties": {"point_id": 3274, "row": 51, "col": 10, "demand_2027": 196.76613933065016}}, {"type": "Feature", "geometry": {"type": "Point", "coordinates": [77.50761904761904, 13.08095238095238]}, "properties": {"point_id": 3275, "row": 51, "col": 11, "demand_2027": 237.77150643507306}}, {"type": "Feature", "geometry": {"type": "Point", "coordinates": [77.51285714285714, 13.08095238095238]}, "properties": {"point_id": 3276, "row": 51, "col": 12, "demand_2027": 327.06731362110213}}, {"type": "Feature", "geometry": {"type": "Point", "coordinates": [77.51809523809524, 13.08095238095238]}, "properties": {"point_id": 3277, "row": 51, "col": 13, "demand_2027": 208.36558373265422}}, {"type": "Feature", "geometry": {"type": "Point", "coordinates": [77.52333333333334, 13.08095238095238]}, "properties": {"point_id": 3278, "row": 51, "col": 14, "demand_2027": 309.0427701773434}}, {"type": "Feature", "geometry": {"type": "Point", "coordinates": [77.52857142857142, 13.08095238095238]}, "properties": {"point_id": 3279, "row": 51, "col": 15, "demand_2027": 359.9966888078744}}, {"type": "Feature", "geometry": {"type": "Point", "coordinates": [77.53380952380952, 13.08095238095238]}, "properties": {"point_id": 3280, "row": 51, "col": 16, "demand_2027": 518.7940337814832}}, {"type": "Feature", "geometry": {"type": "Point", "coordinates": [77.53904761904762, 13.08095238095238]}, "properties": {"point_id": 3281, "row": 51, "col": 17, "demand_2027": 504.1644512664354}}, {"type": "Feature", "geometry": {"type": "Point", "coordinates": [77.54428571428572, 13.08095238095238]}, "properties": {"point_id": 3282, "row": 51, "col": 18, "demand_2027": 452.3138926102363}}, {"type": "Feature", "geometry": {"type": "Point", "coordinates": [77.5495238095238, 13.08095238095238]}, "properties": {"point_id": 3283, "row": 51, "col": 19, "demand_2027": 650.1401816512802}}, {"type": "Feature", "geometry": {"type": "Point", "coordinates": [77.5547619047619, 13.08095238095238]}, "properties": {"point_id": 3284, "row": 51, "col": 20, "demand_2027": 541.5229725385332}}, {"type": "Feature", "geometry": {"type": "Point", "coordinates": [77.56, 13.08095238095238]}, "properties": {"point_id": 3285, "row": 51, "col": 21, "demand_2027": 736.4111428493924}}, {"type": "Feature", "geometry": {"type": "Point", "coordinates": [77.5652380952381, 13.08095238095238]}, "properties": {"point_id": 3286, "row": 51, "col": 22, "demand_2027": 529.6964242508526}}, {"type": "Feature", "geometry": {"type": "Point", "coordinates": [77.5704761904762, 13.08095238095238]}, "properties": {"point_id": 3287, "row": 51, "col": 23, "demand_2027": 916.9411666109571}}, {"type": "Feature", "geometry": {"type": "Point", "coordinates": [77.57571428571428, 13.08095238095238]}, "properties": {"point_id": 3288, "row": 51, "col": 24, "demand_2027": 777.2969573123734}}, {"type": "Feature", "geometry": {"type": "Point", "coordinates": [77.58095238095238, 13.08095238095238]}, "properties": {"point_id": 3289, "row": 51, "col": 25, "demand_2027": 725.6616167115462}}, {"type": "Feature", "geometry": {"type": "Point", "coordinates": [77.58619047619048, 13.08095238095238]}, "properties": {"point_id": 3290, "row": 51, "col": 26, "demand_2027": 850.6159817761273}}, {"type": "Feature", "geometry": {"type": "Point", "coordinates": [77.59142857142858, 13.08095238095238]}, "properties": {"point_id": 3291, "row": 51, "col": 27, "demand_2027": 986.8368983718066}}, {"type": "Feature", "geometry": {"type": "Point", "coordinates": [77.59666666666666, 13.08095238095238]}, "properties": {"point_id": 3292, "row": 51, "col": 28, "demand_2027": 741.7900632503636}}, {"type": "Feature", "geometry": {"type": "Point", "coordinates": [77.60190476190476, 13.08095238095238]}, "properties": {"point_id": 3293, "row": 51, "col": 29, "demand_2027": 1015.0520014455374}}, {"type": "Feature", "geometry": {"type": "Point", "coordinates": [77.60714285714286, 13.08095238095238]}, "properties": {"point_id": 3294, "row": 51, "col": 30, "demand_2027": 798.6559211483726}}, {"type": "Feature", "geometry": {"type": "Point", "coordinates": [77.61238095238096, 13.08095238095238]}, "properties": {"point_id": 3295, "row": 51, "col": 31, "demand_2027": 948.7033168096406}}, {"type": "Feature", "geometry": {"type": "Point", "coordinates": [77.61761904761904, 13.08095238095238]}, "properties": {"point_id": 3296, "row": 51, "col": 32, "demand_2027": 840.3705523240225}}, {"type": "Feature", "geometry": {"type": "Point", "coordinates": [77.62285714285714, 13.08095238095238]}, "properties": {"point_id": 3297, "row": 51, "col": 33, "demand_2027": 784.7534027763921}}, {"type": "Feature", "geometry": {"type": "Point", "coordinates": [77.62809523809524, 13.08095238095238]}, "properties": {"point_id": 3298, "row": 51, "col": 34, "demand_2027": 680.4287373662036}}, {"type": "Feature", "geometry": {"type": "Point", "coordinates": [77.63333333333334, 13.08095238095238]}, "properties": {"point_id": 3299, "row": 51, "col": 35, "demand_2027": 678.5083794535396}}, {"type": "Feature", "geometry": {"type": "Point", "coordinates": [77.63857142857142, 13.08095238095238]}, "properties": {"point_id": 3300, "row": 51, "col": 36, "demand_2027": 670.5748075505314}}, {"type": "Feature", "geometry": {"type": "Point", "coordinates": [77.64380952380952, 13.08095238095238]}, "properties": {"point_id": 3301, "row": 51, "col": 37, "demand_2027": 749.8930120706731}}, {"type": "Feature", "geometry": {"type": "Point", "coordinates": [77.64904761904762, 13.08095238095238]}, "properties": {"point_id": 3302, "row": 51, "col": 38, "demand_2027": 590.4923111453545}}, {"type": "Feature", "geometry": {"type": "Point", "coordinates": [77.65428571428572, 13.08095238095238]}, "properties": {"point_id": 3303, "row": 51, "col": 39, "demand_2027": 551.9501147240882}}, {"type": "Feature", "geometry": {"type": "Point", "coordinates": [77.6595238095238, 13.08095238095238]}, "properties": {"point_id": 3304, "row": 51, "col": 40, "demand_2027": 651.1810680266234}}, {"type": "Feature", "geometry": {"type": "Point", "coordinates": [77.6647619047619, 13.08095238095238]}, "properties": {"point_id": 3305, "row": 51, "col": 41, "demand_2027": 412.4096488498062}}, {"type": "Feature", "geometry": {"type": "Point", "coordinates": [77.67, 13.08095238095238]}, "properties": {"point_id": 3306, "row": 51, "col": 42, "demand_2027": 386.28328972857815}}, {"type": "Feature", "geometry": {"type": "Point", "coordinates": [77.6752380952381, 13.08095238095238]}, "properties": {"point_id": 3307, "row": 51, "col": 43, "demand_2027": 382.39969518058626}}, {"type": "Feature", "geometry": {"type": "Point", "coordinates": [77.6804761904762, 13.08095238095238]}, "properties": {"point_id": 3308, "row": 51, "col": 44, "demand_2027": 285.9871820413506}}, {"type": "Feature", "geometry": {"type": "Point", "coordinates": [77.68571428571428, 13.08095238095238]}, "properties": {"point_id": 3309, "row": 51, "col": 45, "demand_2027": 295.51954835534275}}, {"type": "Feature", "geometry": {"type": "Point", "coordinates": [77.69095238095238, 13.08095238095238]}, "properties": {"point_id": 3310, "row": 51, "col": 46, "demand_2027": 293.1519756494317}}, {"type": "Feature", "geometry": {"type": "Point", "coordinates": [77.69619047619048, 13.08095238095238]}, "properties": {"point_id": 3311, "row": 51, "col": 47, "demand_2027": 331.0416969329415}}, {"type": "Feature", "geometry": {"type": "Point", "coordinates": [77.70142857142858, 13.08095238095238]}, "properties": {"point_id": 3312, "row": 51, "col": 48, "demand_2027": 270.8095396553036}}, {"type": "Feature", "geometry": {"type": "Point", "coordinates": [77.70666666666666, 13.08095238095238]}, "properties": {"point_id": 3313, "row": 51, "col": 49, "demand_2027": 295.3640775822609}}, {"type": "Feature", "geometry": {"type": "Point", "coordinates": [77.71190476190476, 13.08095238095238]}, "properties": {"point_id": 3314, "row": 51, "col": 50, "demand_2027": 333.4912437953523}}, {"type": "Feature", "geometry": {"type": "Point", "coordinates": [77.71714285714286, 13.08095238095238]}, "properties": {"point_id": 3315, "row": 51, "col": 51, "demand_2027": 315.69196580942605}}, {"type": "Feature", "geometry": {"type": "Point", "coordinates": [77.72238095238096, 13.08095238095238]}, "properties": {"point_id": 3316, "row": 51, "col": 52, "demand_2027": 285.1883627413074}}, {"type": "Feature", "geometry": {"type": "Point", "coordinates": [77.72761904761904, 13.08095238095238]}, "properties": {"point_id": 3317, "row": 51, "col": 53, "demand_2027": 250.62679902323336}}, {"type": "Feature", "geometry": {"type": "Point", "coordinates": [77.73285714285714, 13.08095238095238]}, "properties": {"point_id": 3318, "row": 51, "col": 54, "demand_2027": 331.59376120260225}}, {"type": "Feature", "geometry": {"type": "Point", "coordinates": [77.73809523809524, 13.08095238095238]}, "properties": {"point_id": 3319, "row": 51, "col": 55, "demand_2027": 320.38782390387365}}, {"type": "Feature", "geometry": {"type": "Point", "coordinates": [77.74333333333334, 13.08095238095238]}, "properties": {"point_id": 3320, "row": 51, "col": 56, "demand_2027": 214.09409791301337}}, {"type": "Feature", "geometry": {"type": "Point", "coordinates": [77.74857142857142, 13.08095238095238]}, "properties": {"point_id": 3321, "row": 51, "col": 57, "demand_2027": 275.014132763371}}, {"type": "Feature", "geometry": {"type": "Point", "coordinates": [77.75380952380952, 13.08095238095238]}, "properties": {"point_id": 3322, "row": 51, "col": 58, "demand_2027": 294.90176017208006}}, {"type": "Feature", "geometry": {"type": "Point", "coordinates": [77.75904761904762, 13.08095238095238]}, "properties": {"point_id": 3323, "row": 51, "col": 59, "demand_2027": 317.95351255522104}}, {"type": "Feature", "geometry": {"type": "Point", "coordinates": [77.76428571428572, 13.08095238095238]}, "properties": {"point_id": 3324, "row": 51, "col": 60, "demand_2027": 303.2781532634345}}, {"type": "Feature", "geometry": {"type": "Point", "coordinates": [77.7695238095238, 13.08095238095238]}, "properties": {"point_id": 3325, "row": 51, "col": 61, "demand_2027": 298.08428450206907}}, {"type": "Feature", "geometry": {"type": "Point", "coordinates": [77.7747619047619, 13.08095238095238]}, "properties": {"point_id": 3326, "row": 51, "col": 62, "demand_2027": 277.878613511159}}, {"type": "Feature", "geometry": {"type": "Point", "coordinates": [77.78, 13.08095238095238]}, "properties": {"point_id": 3327, "row": 51, "col": 63, "demand_2027": 268.43975858061714}}, {"type": "Feature", "geometry": {"type": "Point", "coordinates": [77.45, 13.085873015873016]}, "properties": {"point_id": 3328, "row": 52, "col": 0, "demand_2027": 196.05858665553308}}, {"type": "Feature", "geometry": {"type": "Point", "coordinates": [77.4552380952381, 13.085873015873016]}, "properties": {"point_id": 3329, "row": 52, "col": 1, "demand_2027": 221.24334208970572}}, {"type": "Feature", "geometry": {"type": "Point", "coordinates": [77.4604761904762, 13.085873015873016]}, "properties": {"point_id": 3330, "row": 52, "col": 2, "demand_2027": 237.47278100983064}}, {"type": "Feature", "geometry": {"type": "Point", "coordinates": [77.46571428571428, 13.085873015873016]}, "properties": {"point_id": 3331, "row": 52, "col": 3, "demand_2027": 235.14824370867}}, {"type": "Feature", "geometry": {"type": "Point", "coordinates": [77.47095238095238, 13.085873015873016]}, "properties": {"point_id": 3332, "row": 52, "col": 4, "demand_2027": 163.40300917492127}}, {"type": "Feature", "geometry": {"type": "Point", "coordinates": [77.47619047619048, 13.085873015873016]}, "properties": {"point_id": 3333, "row": 52, "col": 5, "demand_2027": 220.210421060755}}, {"type": "Feature", "geometry": {"type": "Point", "coordinates": [77.48142857142858, 13.085873015873016]}, "properties": {"point_id": 3334, "row": 52, "col": 6, "demand_2027": 246.8742968661525}}, {"type": "Feature", "geometry": {"type": "Point", "coordinates": [77.48666666666666, 13.085873015873016]}, "properties": {"point_id": 3335, "row": 52, "col": 7, "demand_2027": 240.7238244585783}}, {"type": "Feature", "geometry": {"type": "Point", "coordinates": [77.49190476190476, 13.085873015873016]}, "properties": {"point_id": 3336, "row": 52, "col": 8, "demand_2027": 243.805365152511}}, {"type": "Feature", "geometry": {"type": "Point", "coordinates": [77.49714285714286, 13.085873015873016]}, "properties": {"point_id": 3337, "row": 52, "col": 9, "demand_2027": 286.0678917293815}}, {"type": "Feature", "geometry": {"type": "Point", "coordinates": [77.50238095238096, 13.085873015873016]}, "properties": {"point_id": 3338, "row": 52, "col": 10, "demand_2027": 218.61573030190397}}, {"type": "Feature", "geometry": {"type": "Point", "coordinates": [77.50761904761904, 13.085873015873016]}, "properties": {"point_id": 3339, "row": 52, "col": 11, "demand_2027": 199.2700301957025}}, {"type": "Feature", "geometry": {"type": "Point", "coordinates": [77.51285714285714, 13.085873015873016]}, "properties": {"point_id": 3340, "row": 52, "col": 12, "demand_2027": 279.15599009357953}}, {"type": "Feature", "geometry": {"type": "Point", "coordinates": [77.51809523809524, 13.085873015873016]}, "properties": {"point_id": 3341, "row": 52, "col": 13, "demand_2027": 351.2406480073037}}, {"type": "Feature", "geometry": {"type": "Point", "coordinates": [77.52333333333334, 13.085873015873016]}, "properties": {"point_id": 3342, "row": 52, "col": 14, "demand_2027": 418.1808811466515}}, {"type": "Feature", "geometry": {"type": "Point", "coordinates": [77.52857142857142, 13.085873015873016]}, "properties": {"point_id": 3343, "row": 52, "col": 15, "demand_2027": 408.4946291058747}}, {"type": "Feature", "geometry": {"type": "Point", "coordinates": [77.53380952380952, 13.085873015873016]}, "properties": {"point_id": 3344, "row": 52, "col": 16, "demand_2027": 309.0745400556638}}, {"type": "Feature", "geometry": {"type": "Point", "coordinates": [77.53904761904762, 13.085873015873016]}, "properties": {"point_id": 3345, "row": 52, "col": 17, "demand_2027": 426.32212949750436}}, {"type": "Feature", "geometry": {"type": "Point", "coordinates": [77.54428571428572, 13.085873015873016]}, "properties": {"point_id": 3346, "row": 52, "col": 18, "demand_2027": 501.88851303509193}}, {"type": "Feature", "geometry": {"type": "Point", "coordinates": [77.5495238095238, 13.085873015873016]}, "properties": {"point_id": 3347, "row": 52, "col": 19, "demand_2027": 524.5995681407449}}, {"type": "Feature", "geometry": {"type": "Point", "coordinates": [77.5547619047619, 13.085873015873016]}, "properties": {"point_id": 3348, "row": 52, "col": 20, "demand_2027": 627.8474506144472}}, {"type": "Feature", "geometry": {"type": "Point", "coordinates": [77.56, 13.085873015873016]}, "properties": {"point_id": 3349, "row": 52, "col": 21, "demand_2027": 573.3647899621217}}, {"type": "Feature", "geometry": {"type": "Point", "coordinates": [77.5652380952381, 13.085873015873016]}, "properties": {"point_id": 3350, "row": 52, "col": 22, "demand_2027": 669.2956751295249}}, {"type": "Feature", "geometry": {"type": "Point", "coordinates": [77.5704761904762, 13.085873015873016]}, "properties": {"point_id": 3351, "row": 52, "col": 23, "demand_2027": 781.7678861171672}}, {"type": "Feature", "geometry": {"type": "Point", "coordinates": [77.57571428571428, 13.085873015873016]}, "properties": {"point_id": 3352, "row": 52, "col": 24, "demand_2027": 872.1663813287469}}, {"type": "Feature", "geometry": {"type": "Point", "coordinates": [77.58095238095238, 13.085873015873016]}, "properties": {"point_id": 3353, "row": 52, "col": 25, "demand_2027": 722.8682909047142}}, {"type": "Feature", "geometry": {"type": "Point", "coordinates": [77.58619047619048, 13.085873015873016]}, "properties": {"point_id": 3354, "row": 52, "col": 26, "demand_2027": 757.8809939353537}}, {"type": "Feature", "geometry": {"type": "Point", "coordinates": [77.59142857142858, 13.085873015873016]}, "properties": {"point_id": 3355, "row": 52, "col": 27, "demand_2027": 514.265830264113}}, {"type": "Feature", "geometry": {"type": "Point", "coordinates": [77.59666666666666, 13.085873015873016]}, "properties": {"point_id": 3356, "row": 52, "col": 28, "demand_2027": 807.868300723205}}, {"type": "Feature", "geometry": {"type": "Point", "coordinates": [77.60190476190476, 13.085873015873016]}, "properties": {"point_id": 3357, "row": 52, "col": 29, "demand_2027": 784.6434856447171}}, {"type": "Feature", "geometry": {"type": "Point", "coordinates": [77.60714285714286, 13.085873015873016]}, "properties": {"point_id": 3358, "row": 52, "col": 30, "demand_2027": 717.0322706132496}}, {"type": "Feature", "geometry": {"type": "Point", "coordinates": [77.61238095238096, 13.085873015873016]}, "properties": {"point_id": 3359, "row": 52, "col": 31, "demand_2027": 853.1730615675413}}, {"type": "Feature", "geometry": {"type": "Point", "coordinates": [77.61761904761904, 13.085873015873016]}, "properties": {"point_id": 3360, "row": 52, "col": 32, "demand_2027": 848.8030602987983}}, {"type": "Feature", "geometry": {"type": "Point", "coordinates": [77.62285714285714, 13.085873015873016]}, "properties": {"point_id": 3361, "row": 52, "col": 33, "demand_2027": 472.40519508486136}}, {"type": "Feature", "geometry": {"type": "Point", "coordinates": [77.62809523809524, 13.085873015873016]}, "properties": {"point_id": 3362, "row": 52, "col": 34, "demand_2027": 691.0384866053944}}, {"type": "Feature", "geometry": {"type": "Point", "coordinates": [77.63333333333334, 13.085873015873016]}, "properties": {"point_id": 3363, "row": 52, "col": 35, "demand_2027": 527.1007016696018}}, {"type": "Feature", "geometry": {"type": "Point", "coordinates": [77.63857142857142, 13.085873015873016]}, "properties": {"point_id": 3364, "row": 52, "col": 36, "demand_2027": 657.0874204857828}}, {"type": "Feature", "geometry": {"type": "Point", "coordinates": [77.64380952380952, 13.085873015873016]}, "properties": {"point_id": 3365, "row": 52, "col": 37, "demand_2027": 434.6947223601795}}, {"type": "Feature", "geometry": {"type": "Point", "coordinates": [77.64904761904762, 13.085873015873016]}, "properties": {"point_id": 3366, "row": 52, "col": 38, "demand_2027": 516.0265157964549}}, {"type": "Feature", "geometry": {"type": "Point", "coordinates": [77.65428571428572, 13.085873015873016]}, "properties": {"point_id": 3367, "row": 52, "col": 39, "demand_2027": 428.14865839608973}}, {"type": "Feature", "geometry": {"type": "Point", "coordinates": [77.6595238095238, 13.085873015873016]}, "properties": {"point_id": 3368, "row": 52, "col": 40, "demand_2027": 426.64999088868746}}, {"type": "Feature", "geometry": {"type": "Point", "coordinates": [77.6647619047619, 13.085873015873016]}, "properties": {"point_id": 3369, "row": 52, "col": 41, "demand_2027": 390.3545503306401}}, {"type": "Feature", "geometry": {"type": "Point", "coordinates": [77.67, 13.085873015873016]}, "properties": {"point_id": 3370, "row": 52, "col": 42, "demand_2027": 336.8220542700099}}, {"type": "Feature", "geometry": {"type": "Point", "coordinates": [77.6752380952381, 13.085873015873016]}, "properties": {"point_id": 3371, "row": 52, "col": 43, "demand_2027": 240.1030344858552}}, {"type": "Feature", "geometry": {"type": "Point", "coordinates": [77.6804761904762, 13.085873015873016]}, "properties": {"point_id": 3372, "row": 52, "col": 44, "demand_2027": 244.00039387523728}}, {"type": "Feature", "geometry": {"type": "Point", "coordinates": [77.68571428571428, 13.085873015873016]}, "properties": {"point_id": 3373, "row": 52, "col": 45, "demand_2027": 277.7110871949592}}, {"type": "Feature", "geometry": {"type": "Point", "coordinates": [77.69095238095238, 13.085873015873016]}, "properties": {"point_id": 3374, "row": 52, "col": 46, "demand_2027": 301.9633499597146}}, {"type": "Feature", "geometry": {"type": "Point", "coordinates": [77.69619047619048, 13.085873015873016]}, "properties": {"point_id": 3375, "row": 52, "col": 47, "demand_2027": 252.13496933939322}}, {"type": "Feature", "geometry": {"type": "Point", "coordinates": [77.70142857142858, 13.085873015873016]}, "properties": {"point_id": 3376, "row": 52, "col": 48, "demand_2027": 307.0730803236682}}, {"type": "Feature", "geometry": {"type": "Point", "coordinates": [77.70666666666666, 13.085873015873016]}, "properties": {"point_id": 3377, "row": 52, "col": 49, "demand_2027": 266.63823291640574}}, {"type": "Feature", "geometry": {"type": "Point", "coordinates": [77.71190476190476, 13.085873015873016]}, "properties": {"point_id": 3378, "row": 52, "col": 50, "demand_2027": 233.09550354243947}}, {"type": "Feature", "geometry": {"type": "Point", "coordinates": [77.71714285714286, 13.085873015873016]}, "properties": {"point_id": 3379, "row": 52, "col": 51, "demand_2027": 257.8668719994812}}, {"type": "Feature", "geometry": {"type": "Point", "coordinates": [77.72238095238096, 13.085873015873016]}, "properties": {"point_id": 3380, "row": 52, "col": 52, "demand_2027": 290.1799347553188}}, {"type": "Feature", "geometry": {"type": "Point", "coordinates": [77.72761904761904, 13.085873015873016]}, "properties": {"point_id": 3381, "row": 52, "col": 53, "demand_2027": 295.12972034403543}}, {"type": "Feature", "geometry": {"type": "Point", "coordinates": [77.73285714285714, 13.085873015873016]}, "properties": {"point_id": 3382, "row": 52, "col": 54, "demand_2027": 344.86029477922824}}, {"type": "Feature", "geometry": {"type": "Point", "coordinates": [77.73809523809524, 13.085873015873016]}, "properties": {"point_id": 3383, "row": 52, "col": 55, "demand_2027": 240.3122320470879}}, {"type": "Feature", "geometry": {"type": "Point", "coordinates": [77.74333333333334, 13.085873015873016]}, "properties": {"point_id": 3384, "row": 52, "col": 56, "demand_2027": 262.1409090362295}}, {"type": "Feature", "geometry": {"type": "Point", "coordinates": [77.74857142857142, 13.085873015873016]}, "properties": {"point_id": 3385, "row": 52, "col": 57, "demand_2027": 289.40748674165417}}, {"type": "Feature", "geometry": {"type": "Point", "coordinates": [77.75380952380952, 13.085873015873016]}, "properties": {"point_id": 3386, "row": 52, "col": 58, "demand_2027": 267.112134789181}}, {"type": "Feature", "geometry": {"type": "Point", "coordinates": [77.75904761904762, 13.085873015873016]}, "properties": {"point_id": 3387, "row": 52, "col": 59, "demand_2027": 246.2684697007776}}, {"type": "Feature", "geometry": {"type": "Point", "coordinates": [77.76428571428572, 13.085873015873016]}, "properties": {"point_id": 3388, "row": 52, "col": 60, "demand_2027": 205.671532199998}}, {"type": "Feature", "geometry": {"type": "Point", "coordinates": [77.7695238095238, 13.085873015873016]}, "properties": {"point_id": 3389, "row": 52, "col": 61, "demand_2027": 223.05444241579337}}, {"type": "Feature", "geometry": {"type": "Point", "coordinates": [77.7747619047619, 13.085873015873016]}, "properties": {"point_id": 3390, "row": 52, "col": 62, "demand_2027": 220.6814995715772}}, {"type": "Feature", "geometry": {"type": "Point", "coordinates": [77.78, 13.085873015873016]}, "properties": {"point_id": 3391, "row": 52, "col": 63, "demand_2027": 192.75520168706302}}, {"type": "Feature", "geometry": {"type": "Point", "coordinates": [77.45, 13.090793650793652]}, "properties": {"point_id": 3392, "row": 53, "col": 0, "demand_2027": 205.07446744766008}}, {"type": "Feature", "geometry": {"type": "Point", "coordinates": [77.4552380952381, 13.090793650793652]}, "properties": {"point_id": 3393, "row": 53, "col": 1, "demand_2027": 191.3112892365468}}, {"type": "Feature", "geometry": {"type": "Point", "coordinates": [77.4604761904762, 13.090793650793652]}, "properties": {"point_id": 3394, "row": 53, "col": 2, "demand_2027": 248.81867525237655}}, {"type": "Feature", "geometry": {"type": "Point", "coordinates": [77.46571428571428, 13.090793650793652]}, "properties": {"point_id": 3395, "row": 53, "col": 3, "demand_2027": 262.36412045198296}}, {"type": "Feature", "geometry": {"type": "Point", "coordinates": [77.47095238095238, 13.090793650793652]}, "properties": {"point_id": 3396, "row": 53, "col": 4, "demand_2027": 196.68384727193813}}, {"type": "Feature", "geometry": {"type": "Point", "coordinates": [77.47619047619048, 13.090793650793652]}, "properties": {"point_id": 3397, "row": 53, "col": 5, "demand_2027": 239.8604029310483}}, {"type": "Feature", "geometry": {"type": "Point", "coordinates": [77.48142857142858, 13.090793650793652]}, "properties": {"point_id": 3398, "row": 53, "col": 6, "demand_2027": 177.59321567067192}}, {"type": "Feature", "geometry": {"type": "Point", "coordinates": [77.48666666666666, 13.090793650793652]}, "properties": {"point_id": 3399, "row": 53, "col": 7, "demand_2027": 236.5622107936985}}, {"type": "Feature", "geometry": {"type": "Point", "coordinates": [77.49190476190476, 13.090793650793652]}, "properties": {"point_id": 3400, "row": 53, "col": 8, "demand_2027": 256.12527031796833}}, {"type": "Feature", "geometry": {"type": "Point", "coordinates": [77.49714285714286, 13.090793650793652]}, "properties": {"point_id": 3401, "row": 53, "col": 9, "demand_2027": 288.5754429545959}}, {"type": "Feature", "geometry": {"type": "Point", "coordinates": [77.50238095238096, 13.090793650793652]}, "properties": {"point_id": 3402, "row": 53, "col": 10, "demand_2027": 223.340395452669}}, {"type": "Feature", "geometry": {"type": "Point", "coordinates": [77.50761904761904, 13.090793650793652]}, "properties": {"point_id": 3403, "row": 53, "col": 11, "demand_2027": 327.22542277631715}}, {"type": "Feature", "geometry": {"type": "Point", "coordinates": [77.51285714285714, 13.090793650793652]}, "properties": {"point_id": 3404, "row": 53, "col": 12, "demand_2027": 216.28227657375234}}, {"type": "Feature", "geometry": {"type": "Point", "coordinates": [77.51809523809524, 13.090793650793652]}, "properties": {"point_id": 3405, "row": 53, "col": 13, "demand_2027": 246.79701096313437}}, {"type": "Feature", "geometry": {"type": "Point", "coordinates": [77.52333333333334, 13.090793650793652]}, "properties": {"point_id": 3406, "row": 53, "col": 14, "demand_2027": 363.6153235390595}}, {"type": "Feature", "geometry": {"type": "Point", "coordinates": [77.52857142857142, 13.090793650793652]}, "properties": {"point_id": 3407, "row": 53, "col": 15, "demand_2027": 419.2625071478638}}, {"type": "Feature", "geometry": {"type": "Point", "coordinates": [77.53380952380952, 13.090793650793652]}, "properties": {"point_id": 3408, "row": 53, "col": 16, "demand_2027": 426.62695002045456}}, {"type": "Feature", "geometry": {"type": "Point", "coordinates": [77.53904761904762, 13.090793650793652]}, "properties": {"point_id": 3409, "row": 53, "col": 17, "demand_2027": 409.613885800683}}, {"type": "Feature", "geometry": {"type": "Point", "coordinates": [77.54428571428572, 13.090793650793652]}, "properties": {"point_id": 3410, "row": 53, "col": 18, "demand_2027": 297.511161807882}}, {"type": "Feature", "geometry": {"type": "Point", "coordinates": [77.5495238095238, 13.090793650793652]}, "properties": {"point_id": 3411, "row": 53, "col": 19, "demand_2027": 340.1087804847477}}, {"type": "Feature", "geometry": {"type": "Point", "coordinates": [77.5547619047619, 13.090793650793652]}, "properties": {"point_id": 3412, "row": 53, "col": 20, "demand_2027": 598.8657125632034}}, {"type": "Feature", "geometry": {"type": "Point", "coordinates": [77.56, 13.090793650793652]}, "properties": {"point_id": 3413, "row": 53, "col": 21, "demand_2027": 582.3143623839767}}, {"type": "Feature", "geometry": {"type": "Point", "coordinates": [77.5652380952381, 13.090793650793652]}, "properties": {"point_id": 3414, "row": 53, "col": 22, "demand_2027": 531.5100300295094}}, {"type": "Feature", "geometry": {"type": "Point", "coordinates": [77.5704761904762, 13.090793650793652]}, "properties": {"point_id": 3415, "row": 53, "col": 23, "demand_2027": 694.7235418812938}}, {"type": "Feature", "geometry": {"type": "Point", "coordinates": [77.57571428571428, 13.090793650793652]}, "properties": {"point_id": 3416, "row": 53, "col": 24, "demand_2027": 749.6381895418683}}, {"type": "Feature", "geometry": {"type": "Point", "coordinates": [77.58095238095238, 13.090793650793652]}, "properties": {"point_id": 3417, "row": 53, "col": 25, "demand_2027": 886.2124594600999}}, {"type": "Feature", "geometry": {"type": "Point", "coordinates": [77.58619047619048, 13.090793650793652]}, "properties": {"point_id": 3418, "row": 53, "col": 26, "demand_2027": 822.3286550778396}}, {"type": "Feature", "geometry": {"type": "Point", "coordinates": [77.59142857142858, 13.090793650793652]}, "properties": {"point_id": 3419, "row": 53, "col": 27, "demand_2027": 1027.8872011878602}}, {"type": "Feature", "geometry": {"type": "Point", "coordinates": [77.59666666666666, 13.090793650793652]}, "properties": {"point_id": 3420, "row": 53, "col": 28, "demand_2027": 873.3667888212199}}, {"type": "Feature", "geometry": {"type": "Point", "coordinates": [77.60190476190476, 13.090793650793652]}, "properties": {"point_id": 3421, "row": 53, "col": 29, "demand_2027": 812.4907895296454}}, {"type": "Feature", "geometry": {"type": "Point", "coordinates": [77.60714285714286, 13.090793650793652]}, "properties": {"point_id": 3422, "row": 53, "col": 30, "demand_2027": 911.3561562558465}}, {"type": "Feature", "geometry": {"type": "Point", "coordinates": [77.61238095238096, 13.090793650793652]}, "properties": {"point_id": 3423, "row": 53, "col": 31, "demand_2027": 634.4141593645622}}, {"type": "Feature", "geometry": {"type": "Point", "coordinates": [77.61761904761904, 13.090793650793652]}, "properties": {"point_id": 3424, "row": 53, "col": 32, "demand_2027": 1078.8804213220492}}, {"type": "Feature", "geometry": {"type": "Point", "coordinates": [77.62285714285714, 13.090793650793652]}, "properties": {"point_id": 3425, "row": 53, "col": 33, "demand_2027": 714.4289467449221}}, {"type": "Feature", "geometry": {"type": "Point", "coordinates": [77.62809523809524, 13.090793650793652]}, "properties": {"point_id": 3426, "row": 53, "col": 34, "demand_2027": 707.4669467287081}}, {"type": "Feature", "geometry": {"type": "Point", "coordinates": [77.63333333333334, 13.090793650793652]}, "properties": {"point_id": 3427, "row": 53, "col": 35, "demand_2027": 639.7978795009343}}, {"type": "Feature", "geometry": {"type": "Point", "coordinates": [77.63857142857142, 13.090793650793652]}, "properties": {"point_id": 3428, "row": 53, "col": 36, "demand_2027": 741.147404295204}}, {"type": "Feature", "geometry": {"type": "Point", "coordinates": [77.64380952380952, 13.090793650793652]}, "properties": {"point_id": 3429, "row": 53, "col": 37, "demand_2027": 592.8848454413192}}, {"type": "Feature", "geometry": {"type": "Point", "coordinates": [77.64904761904762, 13.090793650793652]}, "properties": {"point_id": 3430, "row": 53, "col": 38, "demand_2027": 340.64304984640387}}, {"type": "Feature", "geometry": {"type": "Point", "coordinates": [77.65428571428572, 13.090793650793652]}, "properties": {"point_id": 3431, "row": 53, "col": 39, "demand_2027": 559.6025464208922}}, {"type": "Feature", "geometry": {"type": "Point", "coordinates": [77.6595238095238, 13.090793650793652]}, "properties": {"point_id": 3432, "row": 53, "col": 40, "demand_2027": 369.3005838623659}}, {"type": "Feature", "geometry": {"type": "Point", "coordinates": [77.6647619047619, 13.090793650793652]}, "properties": {"point_id": 3433, "row": 53, "col": 41, "demand_2027": 366.9746867705275}}, {"type": "Feature", "geometry": {"type": "Point", "coordinates": [77.67, 13.090793650793652]}, "properties": {"point_id": 3434, "row": 53, "col": 42, "demand_2027": 272.50147372838876}}, {"type": "Feature", "geometry": {"type": "Point", "coordinates": [77.6752380952381, 13.090793650793652]}, "properties": {"point_id": 3435, "row": 53, "col": 43, "demand_2027": 340.79672715202963}}, {"type": "Feature", "geometry": {"type": "Point", "coordinates": [77.6804761904762, 13.090793650793652]}, "properties": {"point_id": 3436, "row": 53, "col": 44, "demand_2027": 275.5693700693958}}, {"type": "Feature", "geometry": {"type": "Point", "coordinates": [77.68571428571428, 13.090793650793652]}, "properties": {"point_id": 3437, "row": 53, "col": 45, "demand_2027": 309.3468215834059}}, {"type": "Feature", "geometry": {"type": "Point", "coordinates": [77.69095238095238, 13.090793650793652]}, "properties": {"point_id": 3438, "row": 53, "col": 46, "demand_2027": 267.1185404600775}}, {"type": "Feature", "geometry": {"type": "Point", "coordinates": [77.69619047619048, 13.090793650793652]}, "properties": {"point_id": 3439, "row": 53, "col": 47, "demand_2027": 351.2844965866487}}, {"type": "Feature", "geometry": {"type": "Point", "coordinates": [77.70142857142858, 13.090793650793652]}, "properties": {"point_id": 3440, "row": 53, "col": 48, "demand_2027": 360.51553150841}}, {"type": "Feature", "geometry": {"type": "Point", "coordinates": [77.70666666666666, 13.090793650793652]}, "properties": {"point_id": 3441, "row": 53, "col": 49, "demand_2027": 268.80878213420675}}, {"type": "Feature", "geometry": {"type": "Point", "coordinates": [77.71190476190476, 13.090793650793652]}, "properties": {"point_id": 3442, "row": 53, "col": 50, "demand_2027": 255.298104671742}}, {"type": "Feature", "geometry": {"type": "Point", "coordinates": [77.71714285714286, 13.090793650793652]}, "properties": {"point_id": 3443, "row": 53, "col": 51, "demand_2027": 243.89161804576833}}, {"type": "Feature", "geometry": {"type": "Point", "coordinates": [77.72238095238096, 13.090793650793652]}, "properties": {"point_id": 3444, "row": 53, "col": 52, "demand_2027": 303.66816737051903}}, {"type": "Feature", "geometry": {"type": "Point", "coordinates": [77.72761904761904, 13.090793650793652]}, "properties": {"point_id": 3445, "row": 53, "col": 53, "demand_2027": 243.93241604783364}}, {"type": "Feature", "geometry": {"type": "Point", "coordinates": [77.73285714285714, 13.090793650793652]}, "properties": {"point_id": 3446, "row": 53, "col": 54, "demand_2027": 236.02549672353197}}, {"type": "Feature", "geometry": {"type": "Point", "coordinates": [77.73809523809524, 13.090793650793652]}, "properties": {"point_id": 3447, "row": 53, "col": 55, "demand_2027": 303.760735001771}}, {"type": "Feature", "geometry": {"type": "Point", "coordinates": [77.74333333333334, 13.090793650793652]}, "properties": {"point_id": 3448, "row": 53, "col": 56, "demand_2027": 229.1769692545817}}, {"type": "Feature", "geometry": {"type": "Point", "coordinates": [77.74857142857142, 13.090793650793652]}, "properties": {"point_id": 3449, "row": 53, "col": 57, "demand_2027": 274.60119395362557}}, {"type": "Feature", "geometry": {"type": "Point", "coordinates": [77.75380952380952, 13.090793650793652]}, "properties": {"point_id": 3450, "row": 53, "col": 58, "demand_2027": 194.71624642388542}}, {"type": "Feature", "geometry": {"type": "Point", "coordinates": [77.75904761904762, 13.090793650793652]}, "properties": {"point_id": 3451, "row": 53, "col": 59, "demand_2027": 293.97582254283606}}, {"type": "Feature", "geometry": {"type": "Point", "coordinates": [77.76428571428572, 13.090793650793652]}, "properties": {"point_id": 3452, "row": 53, "col": 60, "demand_2027": 331.3241886086298}}, {"type": "Feature", "geometry": {"type": "Point", "coordinates": [77.7695238095238, 13.090793650793652]}, "properties": {"point_id": 3453, "row": 53, "col": 61, "demand_2027": 286.2228260612664}}, {"type": "Feature", "geometry": {"type": "Point", "coordinates": [77.7747619047619, 13.090793650793652]}, "properties": {"point_id": 3454, "row": 53, "col": 62, "demand_2027": 298.9365622341845}}, {"type": "Feature", "geometry": {"type": "Point", "coordinates": [77.78, 13.090793650793652]}, "properties": {"point_id": 3455, "row": 53, "col": 63, "demand_2027": 214.72703043174053}}, {"type": "Feature", "geometry": {"type": "Point", "coordinates": [77.45, 13.095714285714287]}, "properties": {"point_id": 3456, "row": 54, "col": 0, "demand_2027": 237.73431474828448}}, {"type": "Feature", "geometry": {"type": "Point", "coordinates": [77.4552380952381, 13.095714285714287]}, "properties": {"point_id": 3457, "row": 54, "col": 1, "demand_2027": 195.20196060474348}}, {"type": "Feature", "geometry": {"type": "Point", "coordinates": [77.4604761904762, 13.095714285714287]}, "properties": {"point_id": 3458, "row": 54, "col": 2, "demand_2027": 214.84424868510987}}, {"type": "Feature", "geometry": {"type": "Point", "coordinates": [77.46571428571428, 13.095714285714287]}, "properties": {"point_id": 3459, "row": 54, "col": 3, "demand_2027": 259.08905847036215}}, {"type": "Feature", "geometry": {"type": "Point", "coordinates": [77.47095238095238, 13.095714285714287]}, "properties": {"point_id": 3460, "row": 54, "col": 4, "demand_2027": 222.87559929494202}}, {"type": "Feature", "geometry": {"type": "Point", "coordinates": [77.47619047619048, 13.095714285714287]}, "properties": {"point_id": 3461, "row": 54, "col": 5, "demand_2027": 187.4489847576262}}, {"type": "Feature", "geometry": {"type": "Point", "coordinates": [77.48142857142858, 13.095714285714287]}, "properties": {"point_id": 3462, "row": 54, "col": 6, "demand_2027": 184.83691690093767}}, {"type": "Feature", "geometry": {"type": "Point", "coordinates": [77.48666666666666, 13.095714285714287]}, "properties": {"point_id": 3463, "row": 54, "col": 7, "demand_2027": 196.05302370886957}}, {"type": "Feature", "geometry": {"type": "Point", "coordinates": [77.49190476190476, 13.095714285714287]}, "properties": {"point_id": 3464, "row": 54, "col": 8, "demand_2027": 264.1032469514629}}, {"type": "Feature", "geometry": {"type": "Point", "coordinates": [77.49714285714286, 13.095714285714287]}, "properties": {"point_id": 3465, "row": 54, "col": 9, "demand_2027": 323.5837581347331}}, {"type": "Feature", "geometry": {"type": "Point", "coordinates": [77.50238095238096, 13.095714285714287]}, "properties": {"point_id": 3466, "row": 54, "col": 10, "demand_2027": 308.3540362771865}}, {"type": "Feature", "geometry": {"type": "Point", "coordinates": [77.50761904761904, 13.095714285714287]}, "properties": {"point_id": 3467, "row": 54, "col": 11, "demand_2027": 178.92369482574975}}, {"type": "Feature", "geometry": {"type": "Point", "coordinates": [77.51285714285714, 13.095714285714287]}, "properties": {"point_id": 3468, "row": 54, "col": 12, "demand_2027": 353.0615018989046}}, {"type": "Feature", "geometry": {"type": "Point", "coordinates": [77.51809523809524, 13.095714285714287]}, "properties": {"point_id": 3469, "row": 54, "col": 13, "demand_2027": 345.7548984338558}}, {"type": "Feature", "geometry": {"type": "Point", "coordinates": [77.52333333333334, 13.095714285714287]}, "properties": {"point_id": 3470, "row": 54, "col": 14, "demand_2027": 234.92657588478357}}, {"type": "Feature", "geometry": {"type": "Point", "coordinates": [77.52857142857142, 13.095714285714287]}, "properties": {"point_id": 3471, "row": 54, "col": 15, "demand_2027": 334.67433622866935}}, {"type": "Feature", "geometry": {"type": "Point", "coordinates": [77.53380952380952, 13.095714285714287]}, "properties": {"point_id": 3472, "row": 54, "col": 16, "demand_2027": 440.8781246616893}}, {"type": "Feature", "geometry": {"type": "Point", "coordinates": [77.53904761904762, 13.095714285714287]}, "properties": {"point_id": 3473, "row": 54, "col": 17, "demand_2027": 469.5039856035587}}, {"type": "Feature", "geometry": {"type": "Point", "coordinates": [77.54428571428572, 13.095714285714287]}, "properties": {"point_id": 3474, "row": 54, "col": 18, "demand_2027": 350.11209220975127}}, {"type": "Feature", "geometry": {"type": "Point", "coordinates": [77.5495238095238, 13.095714285714287]}, "properties": {"point_id": 3475, "row": 54, "col": 19, "demand_2027": 548.0530138105562}}, {"type": "Feature", "geometry": {"type": "Point", "coordinates": [77.5547619047619, 13.095714285714287]}, "properties": {"point_id": 3476, "row": 54, "col": 20, "demand_2027": 360.32212800987315}}, {"type": "Feature", "geometry": {"type": "Point", "coordinates": [77.56, 13.095714285714287]}, "properties": {"point_id": 3477, "row": 54, "col": 21, "demand_2027": 554.9176604571339}}, {"type": "Feature", "geometry": {"type": "Point", "coordinates": [77.5652380952381, 13.095714285714287]}, "properties": {"point_id": 3478, "row": 54, "col": 22, "demand_2027": 730.614075901621}}, {"type": "Feature", "geometry": {"type": "Point", "coordinates": [77.5704761904762, 13.095714285714287]}, "properties": {"point_id": 3479, "row": 54, "col": 23, "demand_2027": 665.3438244551486}}, {"type": "Feature", "geometry": {"type": "Point", "coordinates": [77.57571428571428, 13.095714285714287]}, "properties": {"point_id": 3480, "row": 54, "col": 24, "demand_2027": 661.6893013340352}}, {"type": "Feature", "geometry": {"type": "Point", "coordinates": [77.58095238095238, 13.095714285714287]}, "properties": {"point_id": 3481, "row": 54, "col": 25, "demand_2027": 868.2737789216592}}, {"type": "Feature", "geometry": {"type": "Point", "coordinates": [77.58619047619048, 13.095714285714287]}, "properties": {"point_id": 3482, "row": 54, "col": 26, "demand_2027": 905.5572001854003}}, {"type": "Feature", "geometry": {"type": "Point", "coordinates": [77.59142857142858, 13.095714285714287]}, "properties": {"point_id": 3483, "row": 54, "col": 27, "demand_2027": 976.3940815125882}}, {"type": "Feature", "geometry": {"type": "Point", "coordinates": [77.59666666666666, 13.095714285714287]}, "properties": {"point_id": 3484, "row": 54, "col": 28, "demand_2027": 930.4892258570952}}, {"type": "Feature", "geometry": {"type": "Point", "coordinates": [77.60190476190476, 13.095714285714287]}, "properties": {"point_id": 3485, "row": 54, "col": 29, "demand_2027": 889.8402744637543}}, {"type": "Feature", "geometry": {"type": "Point", "coordinates": [77.60714285714286, 13.095714285714287]}, "properties": {"point_id": 3486, "row": 54, "col": 30, "demand_2027": 812.8244716012414}}, {"type": "Feature", "geometry": {"type": "Point", "coordinates": [77.61238095238096, 13.095714285714287]}, "properties": {"point_id": 3487, "row": 54, "col": 31, "demand_2027": 733.7884616252879}}, {"type": "Feature", "geometry": {"type": "Point", "coordinates": [77.61761904761904, 13.095714285714287]}, "properties": {"point_id": 3488, "row": 54, "col": 32, "demand_2027": 756.7568233395032}}, {"type": "Feature", "geometry": {"type": "Point", "coordinates": [77.62285714285714, 13.095714285714287]}, "properties": {"point_id": 3489, "row": 54, "col": 33, "demand_2027": 674.8077766872501}}, {"type": "Feature", "geometry": {"type": "Point", "coordinates": [77.62809523809524, 13.095714285714287]}, "properties": {"point_id": 3490, "row": 54, "col": 34, "demand_2027": 516.36836175475}}, {"type": "Feature", "geometry": {"type": "Point", "coordinates": [77.63333333333334, 13.095714285714287]}, "properties": {"point_id": 3491, "row": 54, "col": 35, "demand_2027": 495.0867627226614}}, {"type": "Feature", "geometry": {"type": "Point", "coordinates": [77.63857142857142, 13.095714285714287]}, "properties": {"point_id": 3492, "row": 54, "col": 36, "demand_2027": 488.838330461175}}, {"type": "Feature", "geometry": {"type": "Point", "coordinates": [77.64380952380952, 13.095714285714287]}, "properties": {"point_id": 3493, "row": 54, "col": 37, "demand_2027": 499.8200693817366}}, {"type": "Feature", "geometry": {"type": "Point", "coordinates": [77.64904761904762, 13.095714285714287]}, "properties": {"point_id": 3494, "row": 54, "col": 38, "demand_2027": 549.780275257615}}, {"type": "Feature", "geometry": {"type": "Point", "coordinates": [77.65428571428572, 13.095714285714287]}, "properties": {"point_id": 3495, "row": 54, "col": 39, "demand_2027": 420.7686209016086}}, {"type": "Feature", "geometry": {"type": "Point", "coordinates": [77.6595238095238, 13.095714285714287]}, "properties": {"point_id": 3496, "row": 54, "col": 40, "demand_2027": 445.4866616276577}}, {"type": "Feature", "geometry": {"type": "Point", "coordinates": [77.6647619047619, 13.095714285714287]}, "properties": {"point_id": 3497, "row": 54, "col": 41, "demand_2027": 423.2960708135544}}, {"type": "Feature", "geometry": {"type": "Point", "coordinates": [77.67, 13.095714285714287]}, "properties": {"point_id": 3498, "row": 54, "col": 42, "demand_2027": 301.3266449877647}}, {"type": "Feature", "geometry": {"type": "Point", "coordinates": [77.6752380952381, 13.095714285714287]}, "properties": {"point_id": 3499, "row": 54, "col": 43, "demand_2027": 333.5368371759391}}, {"type": "Feature", "geometry": {"type": "Point", "coordinates": [77.6804761904762, 13.095714285714287]}, "properties": {"point_id": 3500, "row": 54, "col": 44, "demand_2027": 300.13393739913045}}, {"type": "Feature", "geometry": {"type": "Point", "coordinates": [77.68571428571428, 13.095714285714287]}, "properties": {"point_id": 3501, "row": 54, "col": 45, "demand_2027": 337.9779971793937}}, {"type": "Feature", "geometry": {"type": "Point", "coordinates": [77.69095238095238, 13.095714285714287]}, "properties": {"point_id": 3502, "row": 54, "col": 46, "demand_2027": 290.18375764956136}}, {"type": "Feature", "geometry": {"type": "Point", "coordinates": [77.69619047619048, 13.095714285714287]}, "properties": {"point_id": 3503, "row": 54, "col": 47, "demand_2027": 204.90098721279463}}, {"type": "Feature", "geometry": {"type": "Point", "coordinates": [77.70142857142858, 13.095714285714287]}, "properties": {"point_id": 3504, "row": 54, "col": 48, "demand_2027": 266.67495649762157}}, {"type": "Feature", "geometry": {"type": "Point", "coordinates": [77.70666666666666, 13.095714285714287]}, "properties": {"point_id": 3505, "row": 54, "col": 49, "demand_2027": 312.5042820269452}}, {"type": "Feature", "geometry": {"type": "Point", "coordinates": [77.71190476190476, 13.095714285714287]}, "properties": {"point_id": 3506, "row": 54, "col": 50, "demand_2027": 262.5172410305596}}, {"type": "Feature", "geometry": {"type": "Point", "coordinates": [77.71714285714286, 13.095714285714287]}, "properties": {"point_id": 3507, "row": 54, "col": 51, "demand_2027": 271.01218337526103}}, {"type": "Feature", "geometry": {"type": "Point", "coordinates": [77.72238095238096, 13.095714285714287]}, "properties": {"point_id": 3508, "row": 54, "col": 52, "demand_2027": 270.8817184021014}}, {"type": "Feature", "geometry": {"type": "Point", "coordinates": [77.72761904761904, 13.095714285714287]}, "properties": {"point_id": 3509, "row": 54, "col": 53, "demand_2027": 220.22028349898602}}, {"type": "Feature", "geometry": {"type": "Point", "coordinates": [77.73285714285714, 13.095714285714287]}, "properties": {"point_id": 3510, "row": 54, "col": 54, "demand_2027": 274.93396501681264}}, {"type": "Feature", "geometry": {"type": "Point", "coordinates": [77.73809523809524, 13.095714285714287]}, "properties": {"point_id": 3511, "row": 54, "col": 55, "demand_2027": 200.27949239658608}}, {"type": "Feature", "geometry": {"type": "Point", "coordinates": [77.74333333333334, 13.095714285714287]}, "properties": {"point_id": 3512, "row": 54, "col": 56, "demand_2027": 225.36474566307632}}, {"type": "Feature", "geometry": {"type": "Point", "coordinates": [77.74857142857142, 13.095714285714287]}, "properties": {"point_id": 3513, "row": 54, "col": 57, "demand_2027": 295.4157819845393}}, {"type": "Feature", "geometry": {"type": "Point", "coordinates": [77.75380952380952, 13.095714285714287]}, "properties": {"point_id": 3514, "row": 54, "col": 58, "demand_2027": 273.8668322500119}}, {"type": "Feature", "geometry": {"type": "Point", "coordinates": [77.75904761904762, 13.095714285714287]}, "properties": {"point_id": 3515, "row": 54, "col": 59, "demand_2027": 238.4404801753104}}, {"type": "Feature", "geometry": {"type": "Point", "coordinates": [77.76428571428572, 13.095714285714287]}, "properties": {"point_id": 3516, "row": 54, "col": 60, "demand_2027": 264.2491049835491}}, {"type": "Feature", "geometry": {"type": "Point", "coordinates": [77.7695238095238, 13.095714285714287]}, "properties": {"point_id": 3517, "row": 54, "col": 61, "demand_2027": 226.40611436239212}}, {"type": "Feature", "geometry": {"type": "Point", "coordinates": [77.7747619047619, 13.095714285714287]}, "properties": {"point_id": 3518, "row": 54, "col": 62, "demand_2027": 239.4412952478741}}, {"type": "Feature", "geometry": {"type": "Point", "coordinates": [77.78, 13.095714285714287]}, "properties": {"point_id": 3519, "row": 54, "col": 63, "demand_2027": 278.3196672969326}}, {"type": "Feature", "geometry": {"type": "Point", "coordinates": [77.45, 13.10063492063492]}, "properties": {"point_id": 3520, "row": 55, "col": 0, "demand_2027": 196.96372600988053}}, {"type": "Feature", "geometry": {"type": "Point", "coordinates": [77.4552380952381, 13.10063492063492]}, "properties": {"point_id": 3521, "row": 55, "col": 1, "demand_2027": 237.86686015580372}}, {"type": "Feature", "geometry": {"type": "Point", "coordinates": [77.4604761904762, 13.10063492063492]}, "properties": {"point_id": 3522, "row": 55, "col": 2, "demand_2027": 226.99675469051286}}, {"type": "Feature", "geometry": {"type": "Point", "coordinates": [77.46571428571428, 13.10063492063492]}, "properties": {"point_id": 3523, "row": 55, "col": 3, "demand_2027": 170.21569129765348}}, {"type": "Feature", "geometry": {"type": "Point", "coordinates": [77.47095238095238, 13.10063492063492]}, "properties": {"point_id": 3524, "row": 55, "col": 4, "demand_2027": 200.88765718565492}}, {"type": "Feature", "geometry": {"type": "Point", "coordinates": [77.47619047619048, 13.10063492063492]}, "properties": {"point_id": 3525, "row": 55, "col": 5, "demand_2027": 297.1181353744429}}, {"type": "Feature", "geometry": {"type": "Point", "coordinates": [77.48142857142858, 13.10063492063492]}, "properties": {"point_id": 3526, "row": 55, "col": 6, "demand_2027": 247.30537725623557}}, {"type": "Feature", "geometry": {"type": "Point", "coordinates": [77.48666666666666, 13.10063492063492]}, "properties": {"point_id": 3527, "row": 55, "col": 7, "demand_2027": 195.76666708615105}}, {"type": "Feature", "geometry": {"type": "Point", "coordinates": [77.49190476190476, 13.10063492063492]}, "properties": {"point_id": 3528, "row": 55, "col": 8, "demand_2027": 189.3910631231463}}, {"type": "Feature", "geometry": {"type": "Point", "coordinates": [77.49714285714286, 13.10063492063492]}, "properties": {"point_id": 3529, "row": 55, "col": 9, "demand_2027": 251.10626488254854}}, {"type": "Feature", "geometry": {"type": "Point", "coordinates": [77.50238095238096, 13.10063492063492]}, "properties": {"point_id": 3530, "row": 55, "col": 10, "demand_2027": 321.76898407632785}}, {"type": "Feature", "geometry": {"type": "Point", "coordinates": [77.50761904761904, 13.10063492063492]}, "properties": {"point_id": 3531, "row": 55, "col": 11, "demand_2027": 254.65545773830164}}, {"type": "Feature", "geometry": {"type": "Point", "coordinates": [77.51285714285714, 13.10063492063492]}, "properties": {"point_id": 3532, "row": 55, "col": 12, "demand_2027": 324.1580643332693}}, {"type": "Feature", "geometry": {"type": "Point", "coordinates": [77.51809523809524, 13.10063492063492]}, "properties": {"point_id": 3533, "row": 55, "col": 13, "demand_2027": 311.48318851539955}}, {"type": "Feature", "geometry": {"type": "Point", "coordinates": [77.52333333333334, 13.10063492063492]}, "properties": {"point_id": 3534, "row": 55, "col": 14, "demand_2027": 351.08076634492335}}, {"type": "Feature", "geometry": {"type": "Point", "coordinates": [77.52857142857142, 13.10063492063492]}, "properties": {"point_id": 3535, "row": 55, "col": 15, "demand_2027": 266.8773015236137}}, {"type": "Feature", "geometry": {"type": "Point", "coordinates": [77.53380952380952, 13.10063492063492]}, "properties": {"point_id": 3536, "row": 55, "col": 16, "demand_2027": 401.81182045404097}}, {"type": "Feature", "geometry": {"type": "Point", "coordinates": [77.53904761904762, 13.10063492063492]}, "properties": {"point_id": 3537, "row": 55, "col": 17, "demand_2027": 371.44725519782287}}, {"type": "Feature", "geometry": {"type": "Point", "coordinates": [77.54428571428572, 13.10063492063492]}, "properties": {"point_id": 3538, "row": 55, "col": 18, "demand_2027": 500.90537133034326}}, {"type": "Feature", "geometry": {"type": "Point", "coordinates": [77.5495238095238, 13.10063492063492]}, "properties": {"point_id": 3539, "row": 55, "col": 19, "demand_2027": 412.13185508208005}}, {"type": "Feature", "geometry": {"type": "Point", "coordinates": [77.5547619047619, 13.10063492063492]}, "properties": {"point_id": 3540, "row": 55, "col": 20, "demand_2027": 512.8636283622149}}, {"type": "Feature", "geometry": {"type": "Point", "coordinates": [77.56, 13.10063492063492]}, "properties": {"point_id": 3541, "row": 55, "col": 21, "demand_2027": 617.0723542006017}}, {"type": "Feature", "geometry": {"type": "Point", "coordinates": [77.5652380952381, 13.10063492063492]}, "properties": {"point_id": 3542, "row": 55, "col": 22, "demand_2027": 617.4361106918001}}, {"type": "Feature", "geometry": {"type": "Point", "coordinates": [77.5704761904762, 13.10063492063492]}, "properties": {"point_id": 3543, "row": 55, "col": 23, "demand_2027": 688.9391808274859}}, {"type": "Feature", "geometry": {"type": "Point", "coordinates": [77.57571428571428, 13.10063492063492]}, "properties": {"point_id": 3544, "row": 55, "col": 24, "demand_2027": 708.2786356544453}}, {"type": "Feature", "geometry": {"type": "Point", "coordinates": [77.58095238095238, 13.10063492063492]}, "properties": {"point_id": 3545, "row": 55, "col": 25, "demand_2027": 645.6660884789804}}, {"type": "Feature", "geometry": {"type": "Point", "coordinates": [77.58619047619048, 13.10063492063492]}, "properties": {"point_id": 3546, "row": 55, "col": 26, "demand_2027": 888.8554397763471}}, {"type": "Feature", "geometry": {"type": "Point", "coordinates": [77.59142857142858, 13.10063492063492]}, "properties": {"point_id": 3547, "row": 55, "col": 27, "demand_2027": 869.1867832676253}}, {"type": "Feature", "geometry": {"type": "Point", "coordinates": [77.59666666666666, 13.10063492063492]}, "properties": {"point_id": 3548, "row": 55, "col": 28, "demand_2027": 684.9540695691326}}, {"type": "Feature", "geometry": {"type": "Point", "coordinates": [77.60190476190476, 13.10063492063492]}, "properties": {"point_id": 3549, "row": 55, "col": 29, "demand_2027": 838.7912112670217}}, {"type": "Feature", "geometry": {"type": "Point", "coordinates": [77.60714285714286, 13.10063492063492]}, "properties": {"point_id": 3550, "row": 55, "col": 30, "demand_2027": 623.6205822225729}}, {"type": "Feature", "geometry": {"type": "Point", "coordinates": [77.61238095238096, 13.10063492063492]}, "properties": {"point_id": 3551, "row": 55, "col": 31, "demand_2027": 588.5942435851944}}, {"type": "Feature", "geometry": {"type": "Point", "coordinates": [77.61761904761904, 13.10063492063492]}, "properties": {"point_id": 3552, "row": 55, "col": 32, "demand_2027": 793.8517577574465}}, {"type": "Feature", "geometry": {"type": "Point", "coordinates": [77.62285714285714, 13.10063492063492]}, "properties": {"point_id": 3553, "row": 55, "col": 33, "demand_2027": 448.5870885974672}}, {"type": "Feature", "geometry": {"type": "Point", "coordinates": [77.62809523809524, 13.10063492063492]}, "properties": {"point_id": 3554, "row": 55, "col": 34, "demand_2027": 669.4670175447568}}, {"type": "Feature", "geometry": {"type": "Point", "coordinates": [77.63333333333334, 13.10063492063492]}, "properties": {"point_id": 3555, "row": 55, "col": 35, "demand_2027": 523.5573608043625}}, {"type": "Feature", "geometry": {"type": "Point", "coordinates": [77.63857142857142, 13.10063492063492]}, "properties": {"point_id": 3556, "row": 55, "col": 36, "demand_2027": 492.94676918953877}}, {"type": "Feature", "geometry": {"type": "Point", "coordinates": [77.64380952380952, 13.10063492063492]}, "properties": {"point_id": 3557, "row": 55, "col": 37, "demand_2027": 508.91807947337054}}, {"type": "Feature", "geometry": {"type": "Point", "coordinates": [77.64904761904762, 13.10063492063492]}, "properties": {"point_id": 3558, "row": 55, "col": 38, "demand_2027": 455.7264837395762}}, {"type": "Feature", "geometry": {"type": "Point", "coordinates": [77.65428571428572, 13.10063492063492]}, "properties": {"point_id": 3559, "row": 55, "col": 39, "demand_2027": 345.1758204833508}}, {"type": "Feature", "geometry": {"type": "Point", "coordinates": [77.6595238095238, 13.10063492063492]}, "properties": {"point_id": 3560, "row": 55, "col": 40, "demand_2027": 415.04442264473465}}, {"type": "Feature", "geometry": {"type": "Point", "coordinates": [77.6647619047619, 13.10063492063492]}, "properties": {"point_id": 3561, "row": 55, "col": 41, "demand_2027": 335.62286258135043}}, {"type": "Feature", "geometry": {"type": "Point", "coordinates": [77.67, 13.10063492063492]}, "properties": {"point_id": 3562, "row": 55, "col": 42, "demand_2027": 262.2283398808647}}, {"type": "Feature", "geometry": {"type": "Point", "coordinates": [77.6752380952381, 13.10063492063492]}, "properties": {"point_id": 3563, "row": 55, "col": 43, "demand_2027": 305.4498369031078}}, {"type": "Feature", "geometry": {"type": "Point", "coordinates": [77.6804761904762, 13.10063492063492]}, "properties": {"point_id": 3564, "row": 55, "col": 44, "demand_2027": 344.33066042782417}}, {"type": "Feature", "geometry": {"type": "Point", "coordinates": [77.68571428571428, 13.10063492063492]}, "properties": {"point_id": 3565, "row": 55, "col": 45, "demand_2027": 352.1727609547157}}, {"type": "Feature", "geometry": {"type": "Point", "coordinates": [77.69095238095238, 13.10063492063492]}, "properties": {"point_id": 3566, "row": 55, "col": 46, "demand_2027": 296.90004674267686}}, {"type": "Feature", "geometry": {"type": "Point", "coordinates": [77.69619047619048, 13.10063492063492]}, "properties": {"point_id": 3567, "row": 55, "col": 47, "demand_2027": 206.74198286402222}}, {"type": "Feature", "geometry": {"type": "Point", "coordinates": [77.70142857142858, 13.10063492063492]}, "properties": {"point_id": 3568, "row": 55, "col": 48, "demand_2027": 274.1778999897727}}, {"type": "Feature", "geometry": {"type": "Point", "coordinates": [77.70666666666666, 13.10063492063492]}, "properties": {"point_id": 3569, "row": 55, "col": 49, "demand_2027": 287.91482438998077}}, {"type": "Feature", "geometry": {"type": "Point", "coordinates": [77.71190476190476, 13.10063492063492]}, "properties": {"point_id": 3570, "row": 55, "col": 50, "demand_2027": 274.15364819407614}}, {"type": "Feature", "geometry": {"type": "Point", "coordinates": [77.71714285714286, 13.10063492063492]}, "properties": {"point_id": 3571, "row": 55, "col": 51, "demand_2027": 270.64757224630756}}, {"type": "Feature", "geometry": {"type": "Point", "coordinates": [77.72238095238096, 13.10063492063492]}, "properties": {"point_id": 3572, "row": 55, "col": 52, "demand_2027": 276.28683983004026}}, {"type": "Feature", "geometry": {"type": "Point", "coordinates": [77.72761904761904, 13.10063492063492]}, "properties": {"point_id": 3573, "row": 55, "col": 53, "demand_2027": 248.38361101576743}}, {"type": "Feature", "geometry": {"type": "Point", "coordinates": [77.73285714285714, 13.10063492063492]}, "properties": {"point_id": 3574, "row": 55, "col": 54, "demand_2027": 221.05597760352615}}, {"type": "Feature", "geometry": {"type": "Point", "coordinates": [77.73809523809524, 13.10063492063492]}, "properties": {"point_id": 3575, "row": 55, "col": 55, "demand_2027": 170.37596007155352}}, {"type": "Feature", "geometry": {"type": "Point", "coordinates": [77.74333333333334, 13.10063492063492]}, "properties": {"point_id": 3576, "row": 55, "col": 56, "demand_2027": 267.47150139814266}}, {"type": "Feature", "geometry": {"type": "Point", "coordinates": [77.74857142857142, 13.10063492063492]}, "properties": {"point_id": 3577, "row": 55, "col": 57, "demand_2027": 234.91013949746693}}, {"type": "Feature", "geometry": {"type": "Point", "coordinates": [77.75380952380952, 13.10063492063492]}, "properties": {"point_id": 3578, "row": 55, "col": 58, "demand_2027": 273.28098358741454}}, {"type": "Feature", "geometry": {"type": "Point", "coordinates": [77.75904761904762, 13.10063492063492]}, "properties": {"point_id": 3579, "row": 55, "col": 59, "demand_2027": 192.32883973338008}}, {"type": "Feature", "geometry": {"type": "Point", "coordinates": [77.76428571428572, 13.10063492063492]}, "properties": {"point_id": 3580, "row": 55, "col": 60, "demand_2027": 271.6652457743914}}, {"type": "Feature", "geometry": {"type": "Point", "coordinates": [77.7695238095238, 13.10063492063492]}, "properties": {"point_id": 3581, "row": 55, "col": 61, "demand_2027": 326.3873703154114}}, {"type": "Feature", "geometry": {"type": "Point", "coordinates": [77.7747619047619, 13.10063492063492]}, "properties": {"point_id": 3582, "row": 55, "col": 62, "demand_2027": 240.52000088054297}}, {"type": "Feature", "geometry": {"type": "Point", "coordinates": [77.78, 13.10063492063492]}, "properties": {"point_id": 3583, "row": 55, "col": 63, "demand_2027": 239.10609798691155}}, {"type": "Feature", "geometry": {"type": "Point", "coordinates": [77.45, 13.105555555555556]}, "properties": {"point_id": 3584, "row": 56, "col": 0, "demand_2027": 233.8928042637737}}, {"type": "Feature", "geometry": {"type": "Point", "coordinates": [77.4552380952381, 13.105555555555556]}, "properties": {"point_id": 3585, "row": 56, "col": 1, "demand_2027": 307.7658281581685}}, {"type": "Feature", "geometry": {"type": "Point", "coordinates": [77.4604761904762, 13.105555555555556]}, "properties": {"point_id": 3586, "row": 56, "col": 2, "demand_2027": 188.16903059730998}}, {"type": "Feature", "geometry": {"type": "Point", "coordinates": [77.46571428571428, 13.105555555555556]}, "properties": {"point_id": 3587, "row": 56, "col": 3, "demand_2027": 221.7642765092083}}, {"type": "Feature", "geometry": {"type": "Point", "coordinates": [77.47095238095238, 13.105555555555556]}, "properties": {"point_id": 3588, "row": 56, "col": 4, "demand_2027": 201.65081915442926}}, {"type": "Feature", "geometry": {"type": "Point", "coordinates": [77.47619047619048, 13.105555555555556]}, "properties": {"point_id": 3589, "row": 56, "col": 5, "demand_2027": 213.07960166436345}}, {"type": "Feature", "geometry": {"type": "Point", "coordinates": [77.48142857142858, 13.105555555555556]}, "properties": {"point_id": 3590, "row": 56, "col": 6, "demand_2027": 228.96919384636396}}, {"type": "Feature", "geometry": {"type": "Point", "coordinates": [77.48666666666666, 13.105555555555556]}, "properties": {"point_id": 3591, "row": 56, "col": 7, "demand_2027": 303.9553519487314}}, {"type": "Feature", "geometry": {"type": "Point", "coordinates": [77.49190476190476, 13.105555555555556]}, "properties": {"point_id": 3592, "row": 56, "col": 8, "demand_2027": 320.8474484717091}}, {"type": "Feature", "geometry": {"type": "Point", "coordinates": [77.49714285714286, 13.105555555555556]}, "properties": {"point_id": 3593, "row": 56, "col": 9, "demand_2027": 266.331079293146}}, {"type": "Feature", "geometry": {"type": "Point", "coordinates": [77.50238095238096, 13.105555555555556]}, "properties": {"point_id": 3594, "row": 56, "col": 10, "demand_2027": 249.98993435838844}}, {"type": "Feature", "geometry": {"type": "Point", "coordinates": [77.50761904761904, 13.105555555555556]}, "properties": {"point_id": 3595, "row": 56, "col": 11, "demand_2027": 372.17782823892645}}, {"type": "Feature", "geometry": {"type": "Point", "coordinates": [77.51285714285714, 13.105555555555556]}, "properties": {"point_id": 3596, "row": 56, "col": 12, "demand_2027": 247.02062397415494}}, {"type": "Feature", "geometry": {"type": "Point", "coordinates": [77.51809523809524, 13.105555555555556]}, "properties": {"point_id": 3597, "row": 56, "col": 13, "demand_2027": 276.1831003416781}}, {"type": "Feature", "geometry": {"type": "Point", "coordinates": [77.52333333333334, 13.105555555555556]}, "properties": {"point_id": 3598, "row": 56, "col": 14, "demand_2027": 222.46946519734888}}, {"type": "Feature", "geometry": {"type": "Point", "coordinates": [77.52857142857142, 13.105555555555556]}, "properties": {"point_id": 3599, "row": 56, "col": 15, "demand_2027": 393.35310252838065}}, {"type": "Feature", "geometry": {"type": "Point", "coordinates": [77.53380952380952, 13.105555555555556]}, "properties": {"point_id": 3600, "row": 56, "col": 16, "demand_2027": 414.6747901604309}}, {"type": "Feature", "geometry": {"type": "Point", "coordinates": [77.53904761904762, 13.105555555555556]}, "properties": {"point_id": 3601, "row": 56, "col": 17, "demand_2027": 519.4831196213291}}, {"type": "Feature", "geometry": {"type": "Point", "coordinates": [77.54428571428572, 13.105555555555556]}, "properties": {"point_id": 3602, "row": 56, "col": 18, "demand_2027": 322.618202864758}}, {"type": "Feature", "geometry": {"type": "Point", "coordinates": [77.5495238095238, 13.105555555555556]}, "properties": {"point_id": 3603, "row": 56, "col": 19, "demand_2027": 561.9627351383424}}, {"type": "Feature", "geometry": {"type": "Point", "coordinates": [77.5547619047619, 13.105555555555556]}, "properties": {"point_id": 3604, "row": 56, "col": 20, "demand_2027": 480.50632169628005}}, {"type": "Feature", "geometry": {"type": "Point", "coordinates": [77.56, 13.105555555555556]}, "properties": {"point_id": 3605, "row": 56, "col": 21, "demand_2027": 573.4566057571421}}, {"type": "Feature", "geometry": {"type": "Point", "coordinates": [77.5652380952381, 13.105555555555556]}, "properties": {"point_id": 3606, "row": 56, "col": 22, "demand_2027": 421.68769604148537}}, {"type": "Feature", "geometry": {"type": "Point", "coordinates": [77.5704761904762, 13.105555555555556]}, "properties": {"point_id": 3607, "row": 56, "col": 23, "demand_2027": 746.7095018490156}}, {"type": "Feature", "geometry": {"type": "Point", "coordinates": [77.57571428571428, 13.105555555555556]}, "properties": {"point_id": 3608, "row": 56, "col": 24, "demand_2027": 706.0078954018446}}, {"type": "Feature", "geometry": {"type": "Point", "coordinates": [77.58095238095238, 13.105555555555556]}, "properties": {"point_id": 3609, "row": 56, "col": 25, "demand_2027": 647.5242129489086}}, {"type": "Feature", "geometry": {"type": "Point", "coordinates": [77.58619047619048, 13.105555555555556]}, "properties": {"point_id": 3610, "row": 56, "col": 26, "demand_2027": 719.3668297730171}}, {"type": "Feature", "geometry": {"type": "Point", "coordinates": [77.59142857142858, 13.105555555555556]}, "properties": {"point_id": 3611, "row": 56, "col": 27, "demand_2027": 635.9713012058824}}, {"type": "Feature", "geometry": {"type": "Point", "coordinates": [77.59666666666666, 13.105555555555556]}, "properties": {"point_id": 3612, "row": 56, "col": 28, "demand_2027": 609.3599760260946}}, {"type": "Feature", "geometry": {"type": "Point", "coordinates": [77.60190476190476, 13.105555555555556]}, "properties": {"point_id": 3613, "row": 56, "col": 29, "demand_2027": 645.3899046378799}}, {"type": "Feature", "geometry": {"type": "Point", "coordinates": [77.60714285714286, 13.105555555555556]}, "properties": {"point_id": 3614, "row": 56, "col": 30, "demand_2027": 486.480476965569}}, {"type": "Feature", "geometry": {"type": "Point", "coordinates": [77.61238095238096, 13.105555555555556]}, "properties": {"point_id": 3615, "row": 56, "col": 31, "demand_2027": 778.4586659234227}}, {"type": "Feature", "geometry": {"type": "Point", "coordinates": [77.61761904761904, 13.105555555555556]}, "properties": {"point_id": 3616, "row": 56, "col": 32, "demand_2027": 790.4546351490063}}, {"type": "Feature", "geometry": {"type": "Point", "coordinates": [77.62285714285714, 13.105555555555556]}, "properties": {"point_id": 3617, "row": 56, "col": 33, "demand_2027": 543.4773033136979}}, {"type": "Feature", "geometry": {"type": "Point", "coordinates": [77.62809523809524, 13.105555555555556]}, "properties": {"point_id": 3618, "row": 56, "col": 34, "demand_2027": 604.8388356979738}}, {"type": "Feature", "geometry": {"type": "Point", "coordinates": [77.63333333333334, 13.105555555555556]}, "properties": {"point_id": 3619, "row": 56, "col": 35, "demand_2027": 466.43535575059434}}, {"type": "Feature", "geometry": {"type": "Point", "coordinates": [77.63857142857142, 13.105555555555556]}, "properties": {"point_id": 3620, "row": 56, "col": 36, "demand_2027": 521.9050866823486}}, {"type": "Feature", "geometry": {"type": "Point", "coordinates": [77.64380952380952, 13.105555555555556]}, "properties": {"point_id": 3621, "row": 56, "col": 37, "demand_2027": 386.0012888230907}}, {"type": "Feature", "geometry": {"type": "Point", "coordinates": [77.64904761904762, 13.105555555555556]}, "properties": {"point_id": 3622, "row": 56, "col": 38, "demand_2027": 355.7591945285976}}, {"type": "Feature", "geometry": {"type": "Point", "coordinates": [77.65428571428572, 13.105555555555556]}, "properties": {"point_id": 3623, "row": 56, "col": 39, "demand_2027": 453.5562480546361}}, {"type": "Feature", "geometry": {"type": "Point", "coordinates": [77.6595238095238, 13.105555555555556]}, "properties": {"point_id": 3624, "row": 56, "col": 40, "demand_2027": 329.70461174601957}}, {"type": "Feature", "geometry": {"type": "Point", "coordinates": [77.6647619047619, 13.105555555555556]}, "properties": {"point_id": 3625, "row": 56, "col": 41, "demand_2027": 432.8533723066111}}, {"type": "Feature", "geometry": {"type": "Point", "coordinates": [77.67, 13.105555555555556]}, "properties": {"point_id": 3626, "row": 56, "col": 42, "demand_2027": 313.64816844625324}}, {"type": "Feature", "geometry": {"type": "Point", "coordinates": [77.6752380952381, 13.105555555555556]}, "properties": {"point_id": 3627, "row": 56, "col": 43, "demand_2027": 246.3231714289991}}, {"type": "Feature", "geometry": {"type": "Point", "coordinates": [77.6804761904762, 13.105555555555556]}, "properties": {"point_id": 3628, "row": 56, "col": 44, "demand_2027": 328.5889359785377}}, {"type": "Feature", "geometry": {"type": "Point", "coordinates": [77.68571428571428, 13.105555555555556]}, "properties": {"point_id": 3629, "row": 56, "col": 45, "demand_2027": 291.46589493787553}}, {"type": "Feature", "geometry": {"type": "Point", "coordinates": [77.69095238095238, 13.105555555555556]}, "properties": {"point_id": 3630, "row": 56, "col": 46, "demand_2027": 294.02618253712376}}, {"type": "Feature", "geometry": {"type": "Point", "coordinates": [77.69619047619048, 13.105555555555556]}, "properties": {"point_id": 3631, "row": 56, "col": 47, "demand_2027": 314.0824795545026}}, {"type": "Feature", "geometry": {"type": "Point", "coordinates": [77.70142857142858, 13.105555555555556]}, "properties": {"point_id": 3632, "row": 56, "col": 48, "demand_2027": 226.62605780496597}}, {"type": "Feature", "geometry": {"type": "Point", "coordinates": [77.70666666666666, 13.105555555555556]}, "properties": {"point_id": 3633, "row": 56, "col": 49, "demand_2027": 237.00159474411873}}, {"type": "Feature", "geometry": {"type": "Point", "coordinates": [77.71190476190476, 13.105555555555556]}, "properties": {"point_id": 3634, "row": 56, "col": 50, "demand_2027": 239.43799066823985}}, {"type": "Feature", "geometry": {"type": "Point", "coordinates": [77.71714285714286, 13.105555555555556]}, "properties": {"point_id": 3635, "row": 56, "col": 51, "demand_2027": 197.97271934001685}}, {"type": "Feature", "geometry": {"type": "Point", "coordinates": [77.72238095238096, 13.105555555555556]}, "properties": {"point_id": 3636, "row": 56, "col": 52, "demand_2027": 237.79894715307725}}, {"type": "Feature", "geometry": {"type": "Point", "coordinates": [77.72761904761904, 13.105555555555556]}, "properties": {"point_id": 3637, "row": 56, "col": 53, "demand_2027": 280.02117531473795}}, {"type": "Feature", "geometry": {"type": "Point", "coordinates": [77.73285714285714, 13.105555555555556]}, "properties": {"point_id": 3638, "row": 56, "col": 54, "demand_2027": 252.5684704459963}}, {"type": "Feature", "geometry": {"type": "Point", "coordinates": [77.73809523809524, 13.105555555555556]}, "properties": {"point_id": 3639, "row": 56, "col": 55, "demand_2027": 179.96942123786135}}, {"type": "Feature", "geometry": {"type": "Point", "coordinates": [77.74333333333334, 13.105555555555556]}, "properties": {"point_id": 3640, "row": 56, "col": 56, "demand_2027": 183.87276207223198}}, {"type": "Feature", "geometry": {"type": "Point", "coordinates": [77.74857142857142, 13.105555555555556]}, "properties": {"point_id": 3641, "row": 56, "col": 57, "demand_2027": 305.2275104848225}}, {"type": "Feature", "geometry": {"type": "Point", "coordinates": [77.75380952380952, 13.105555555555556]}, "properties": {"point_id": 3642, "row": 56, "col": 58, "demand_2027": 233.95815660569383}}, {"type": "Feature", "geometry": {"type": "Point", "coordinates": [77.75904761904762, 13.105555555555556]}, "properties": {"point_id": 3643, "row": 56, "col": 59, "demand_2027": 219.0973694966063}}, {"type": "Feature", "geometry": {"type": "Point", "coordinates": [77.76428571428572, 13.105555555555556]}, "properties": {"point_id": 3644, "row": 56, "col": 60, "demand_2027": 222.8740672237203}}, {"type": "Feature", "geometry": {"type": "Point", "coordinates": [77.7695238095238, 13.105555555555556]}, "properties": {"point_id": 3645, "row": 56, "col": 61, "demand_2027": 187.25417820394173}}, {"type": "Feature", "geometry": {"type": "Point", "coordinates": [77.7747619047619, 13.105555555555556]}, "properties": {"point_id": 3646, "row": 56, "col": 62, "demand_2027": 284.96237041799606}}, {"type": "Feature", "geometry": {"type": "Point", "coordinates": [77.78, 13.105555555555556]}, "properties": {"point_id": 3647, "row": 56, "col": 63, "demand_2027": 211.74028337270417}}, {"type": "Feature", "geometry": {"type": "Point", "coordinates": [77.45, 13.110476190476192]}, "properties": {"point_id": 3648, "row": 57, "col": 0, "demand_2027": 257.7462194058081}}, {"type": "Feature", "geometry": {"type": "Point", "coordinates": [77.4552380952381, 13.110476190476192]}, "properties": {"point_id": 3649, "row": 57, "col": 1, "demand_2027": 225.62941869507526}}, {"type": "Feature", "geometry": {"type": "Point", "coordinates": [77.4604761904762, 13.110476190476192]}, "properties": {"point_id": 3650, "row": 57, "col": 2, "demand_2027": 283.1705724100063}}, {"type": "Feature", "geometry": {"type": "Point", "coordinates": [77.46571428571428, 13.110476190476192]}, "properties": {"point_id": 3651, "row": 57, "col": 3, "demand_2027": 253.3916730934249}}, {"type": "Feature", "geometry": {"type": "Point", "coordinates": [77.47095238095238, 13.110476190476192]}, "properties": {"point_id": 3652, "row": 57, "col": 4, "demand_2027": 255.0400337456254}}, {"type": "Feature", "geometry": {"type": "Point", "coordinates": [77.47619047619048, 13.110476190476192]}, "properties": {"point_id": 3653, "row": 57, "col": 5, "demand_2027": 258.34890443676437}}, {"type": "Feature", "geometry": {"type": "Point", "coordinates": [77.48142857142858, 13.110476190476192]}, "properties": {"point_id": 3654, "row": 57, "col": 6, "demand_2027": 254.85599115559418}}, {"type": "Feature", "geometry": {"type": "Point", "coordinates": [77.48666666666666, 13.110476190476192]}, "properties": {"point_id": 3655, "row": 57, "col": 7, "demand_2027": 255.92131744510326}}, {"type": "Feature", "geometry": {"type": "Point", "coordinates": [77.49190476190476, 13.110476190476192]}, "properties": {"point_id": 3656, "row": 57, "col": 8, "demand_2027": 231.00313413126824}}, {"type": "Feature", "geometry": {"type": "Point", "coordinates": [77.49714285714286, 13.110476190476192]}, "properties": {"point_id": 3657, "row": 57, "col": 9, "demand_2027": 304.2138657683299}}, {"type": "Feature", "geometry": {"type": "Point", "coordinates": [77.50238095238096, 13.110476190476192]}, "properties": {"point_id": 3658, "row": 57, "col": 10, "demand_2027": 221.96284594145766}}, {"type": "Feature", "geometry": {"type": "Point", "coordinates": [77.50761904761904, 13.110476190476192]}, "properties": {"point_id": 3659, "row": 57, "col": 11, "demand_2027": 253.88534540951483}}, {"type": "Feature", "geometry": {"type": "Point", "coordinates": [77.51285714285714, 13.110476190476192]}, "properties": {"point_id": 3660, "row": 57, "col": 12, "demand_2027": 288.4587531679592}}, {"type": "Feature", "geometry": {"type": "Point", "coordinates": [77.51809523809524, 13.110476190476192]}, "properties": {"point_id": 3661, "row": 57, "col": 13, "demand_2027": 338.40535905138336}}, {"type": "Feature", "geometry": {"type": "Point", "coordinates": [77.52333333333334, 13.110476190476192]}, "properties": {"point_id": 3662, "row": 57, "col": 14, "demand_2027": 278.41875412177683}}, {"type": "Feature", "geometry": {"type": "Point", "coordinates": [77.52857142857142, 13.110476190476192]}, "properties": {"point_id": 3663, "row": 57, "col": 15, "demand_2027": 338.0811770131508}}, {"type": "Feature", "geometry": {"type": "Point", "coordinates": [77.53380952380952, 13.110476190476192]}, "properties": {"point_id": 3664, "row": 57, "col": 16, "demand_2027": 335.85572534074265}}, {"type": "Feature", "geometry": {"type": "Point", "coordinates": [77.53904761904762, 13.110476190476192]}, "properties": {"point_id": 3665, "row": 57, "col": 17, "demand_2027": 274.758287158353}}, {"type": "Feature", "geometry": {"type": "Point", "coordinates": [77.54428571428572, 13.110476190476192]}, "properties": {"point_id": 3666, "row": 57, "col": 18, "demand_2027": 394.884437238238}}, {"type": "Feature", "geometry": {"type": "Point", "coordinates": [77.5495238095238, 13.110476190476192]}, "properties": {"point_id": 3667, "row": 57, "col": 19, "demand_2027": 353.0610325420502}}, {"type": "Feature", "geometry": {"type": "Point", "coordinates": [77.5547619047619, 13.110476190476192]}, "properties": {"point_id": 3668, "row": 57, "col": 20, "demand_2027": 353.07771542496806}}, {"type": "Feature", "geometry": {"type": "Point", "coordinates": [77.56, 13.110476190476192]}, "properties": {"point_id": 3669, "row": 57, "col": 21, "demand_2027": 500.95796917538297}}, {"type": "Feature", "geometry": {"type": "Point", "coordinates": [77.5652380952381, 13.110476190476192]}, "properties": {"point_id": 3670, "row": 57, "col": 22, "demand_2027": 556.677742878016}}, {"type": "Feature", "geometry": {"type": "Point", "coordinates": [77.5704761904762, 13.110476190476192]}, "properties": {"point_id": 3671, "row": 57, "col": 23, "demand_2027": 616.4420448964676}}, {"type": "Feature", "geometry": {"type": "Point", "coordinates": [77.57571428571428, 13.110476190476192]}, "properties": {"point_id": 3672, "row": 57, "col": 24, "demand_2027": 710.5690991733371}}, {"type": "Feature", "geometry": {"type": "Point", "coordinates": [77.58095238095238, 13.110476190476192]}, "properties": {"point_id": 3673, "row": 57, "col": 25, "demand_2027": 440.3920217154874}}, {"type": "Feature", "geometry": {"type": "Point", "coordinates": [77.58619047619048, 13.110476190476192]}, "properties": {"point_id": 3674, "row": 57, "col": 26, "demand_2027": 491.95122726459203}}, {"type": "Feature", "geometry": {"type": "Point", "coordinates": [77.59142857142858, 13.110476190476192]}, "properties": {"point_id": 3675, "row": 57, "col": 27, "demand_2027": 916.2650564021462}}, {"type": "Feature", "geometry": {"type": "Point", "coordinates": [77.59666666666666, 13.110476190476192]}, "properties": {"point_id": 3676, "row": 57, "col": 28, "demand_2027": 538.6219636779133}}, {"type": "Feature", "geometry": {"type": "Point", "coordinates": [77.60190476190476, 13.110476190476192]}, "properties": {"point_id": 3677, "row": 57, "col": 29, "demand_2027": 722.8982177984429}}, {"type": "Feature", "geometry": {"type": "Point", "coordinates": [77.60714285714286, 13.110476190476192]}, "properties": {"point_id": 3678, "row": 57, "col": 30, "demand_2027": 567.1598360908506}}, {"type": "Feature", "geometry": {"type": "Point", "coordinates": [77.61238095238096, 13.110476190476192]}, "properties": {"point_id": 3679, "row": 57, "col": 31, "demand_2027": 588.371504663074}}, {"type": "Feature", "geometry": {"type": "Point", "coordinates": [77.61761904761904, 13.110476190476192]}, "properties": {"point_id": 3680, "row": 57, "col": 32, "demand_2027": 569.9251147958038}}, {"type": "Feature", "geometry": {"type": "Point", "coordinates": [77.62285714285714, 13.110476190476192]}, "properties": {"point_id": 3681, "row": 57, "col": 33, "demand_2027": 600.6677416049082}}, {"type": "Feature", "geometry": {"type": "Point", "coordinates": [77.62809523809524, 13.110476190476192]}, "properties": {"point_id": 3682, "row": 57, "col": 34, "demand_2027": 530.7797792687003}}, {"type": "Feature", "geometry": {"type": "Point", "coordinates": [77.63333333333334, 13.110476190476192]}, "properties": {"point_id": 3683, "row": 57, "col": 35, "demand_2027": 470.89771846134477}}, {"type": "Feature", "geometry": {"type": "Point", "coordinates": [77.63857142857142, 13.110476190476192]}, "properties": {"point_id": 3684, "row": 57, "col": 36, "demand_2027": 378.03868747396416}}, {"type": "Feature", "geometry": {"type": "Point", "coordinates": [77.64380952380952, 13.110476190476192]}, "properties": {"point_id": 3685, "row": 57, "col": 37, "demand_2027": 427.114787885487}}, {"type": "Feature", "geometry": {"type": "Point", "coordinates": [77.64904761904762, 13.110476190476192]}, "properties": {"point_id": 3686, "row": 57, "col": 38, "demand_2027": 309.43965664903493}}, {"type": "Feature", "geometry": {"type": "Point", "coordinates": [77.65428571428572, 13.110476190476192]}, "properties": {"point_id": 3687, "row": 57, "col": 39, "demand_2027": 373.50699649373024}}, {"type": "Feature", "geometry": {"type": "Point", "coordinates": [77.6595238095238, 13.110476190476192]}, "properties": {"point_id": 3688, "row": 57, "col": 40, "demand_2027": 485.8830354811431}}, {"type": "Feature", "geometry": {"type": "Point", "coordinates": [77.6647619047619, 13.110476190476192]}, "properties": {"point_id": 3689, "row": 57, "col": 41, "demand_2027": 384.4801544336462}}, {"type": "Feature", "geometry": {"type": "Point", "coordinates": [77.67, 13.110476190476192]}, "properties": {"point_id": 3690, "row": 57, "col": 42, "demand_2027": 302.3832932148923}}, {"type": "Feature", "geometry": {"type": "Point", "coordinates": [77.6752380952381, 13.110476190476192]}, "properties": {"point_id": 3691, "row": 57, "col": 43, "demand_2027": 281.5129681227222}}, {"type": "Feature", "geometry": {"type": "Point", "coordinates": [77.6804761904762, 13.110476190476192]}, "properties": {"point_id": 3692, "row": 57, "col": 44, "demand_2027": 193.542576475346}}, {"type": "Feature", "geometry": {"type": "Point", "coordinates": [77.68571428571428, 13.110476190476192]}, "properties": {"point_id": 3693, "row": 57, "col": 45, "demand_2027": 189.8535317750051}}, {"type": "Feature", "geometry": {"type": "Point", "coordinates": [77.69095238095238, 13.110476190476192]}, "properties": {"point_id": 3694, "row": 57, "col": 46, "demand_2027": 300.83063936681975}}, {"type": "Feature", "geometry": {"type": "Point", "coordinates": [77.69619047619048, 13.110476190476192]}, "properties": {"point_id": 3695, "row": 57, "col": 47, "demand_2027": 221.4883487960508}}, {"type": "Feature", "geometry": {"type": "Point", "coordinates": [77.70142857142858, 13.110476190476192]}, "properties": {"point_id": 3696, "row": 57, "col": 48, "demand_2027": 211.2750465019619}}, {"type": "Feature", "geometry": {"type": "Point", "coordinates": [77.70666666666666, 13.110476190476192]}, "properties": {"point_id": 3697, "row": 57, "col": 49, "demand_2027": 219.02753030078154}}, {"type": "Feature", "geometry": {"type": "Point", "coordinates": [77.71190476190476, 13.110476190476192]}, "properties": {"point_id": 3698, "row": 57, "col": 50, "demand_2027": 207.0494508261639}}, {"type": "Feature", "geometry": {"type": "Point", "coordinates": [77.71714285714286, 13.110476190476192]}, "properties": {"point_id": 3699, "row": 57, "col": 51, "demand_2027": 192.5325728571375}}, {"type": "Feature", "geometry": {"type": "Point", "coordinates": [77.72238095238096, 13.110476190476192]}, "properties": {"point_id": 3700, "row": 57, "col": 52, "demand_2027": 239.50033980073042}}, {"type": "Feature", "geometry": {"type": "Point", "coordinates": [77.72761904761904, 13.110476190476192]}, "properties": {"point_id": 3701, "row": 57, "col": 53, "demand_2027": 186.97715505445396}}, {"type": "Feature", "geometry": {"type": "Point", "coordinates": [77.73285714285714, 13.110476190476192]}, "properties": {"point_id": 3702, "row": 57, "col": 54, "demand_2027": 214.35015158840727}}, {"type": "Feature", "geometry": {"type": "Point", "coordinates": [77.73809523809524, 13.110476190476192]}, "properties": {"point_id": 3703, "row": 57, "col": 55, "demand_2027": 206.1456047210076}}, {"type": "Feature", "geometry": {"type": "Point", "coordinates": [77.74333333333334, 13.110476190476192]}, "properties": {"point_id": 3704, "row": 57, "col": 56, "demand_2027": 264.42821994835236}}, {"type": "Feature", "geometry": {"type": "Point", "coordinates": [77.74857142857142, 13.110476190476192]}, "properties": {"point_id": 3705, "row": 57, "col": 57, "demand_2027": 220.58418447032716}}, {"type": "Feature", "geometry": {"type": "Point", "coordinates": [77.75380952380952, 13.110476190476192]}, "properties": {"point_id": 3706, "row": 57, "col": 58, "demand_2027": 227.46632998535756}}, {"type": "Feature", "geometry": {"type": "Point", "coordinates": [77.75904761904762, 13.110476190476192]}, "properties": {"point_id": 3707, "row": 57, "col": 59, "demand_2027": 249.95408576251785}}, {"type": "Feature", "geometry": {"type": "Point", "coordinates": [77.76428571428572, 13.110476190476192]}, "properties": {"point_id": 3708, "row": 57, "col": 60, "demand_2027": 225.72222303555347}}, {"type": "Feature", "geometry": {"type": "Point", "coordinates": [77.7695238095238, 13.110476190476192]}, "properties": {"point_id": 3709, "row": 57, "col": 61, "demand_2027": 225.2966350311432}}, {"type": "Feature", "geometry": {"type": "Point", "coordinates": [77.7747619047619, 13.110476190476192]}, "properties": {"point_id": 3710, "row": 57, "col": 62, "demand_2027": 245.72385828402625}}, {"type": "Feature", "geometry": {"type": "Point", "coordinates": [77.78, 13.110476190476192]}, "properties": {"point_id": 3711, "row": 57, "col": 63, "demand_2027": 242.0886844369639}}, {"type": "Feature", "geometry": {"type": "Point", "coordinates": [77.45, 13.115396825396825]}, "properties": {"point_id": 3712, "row": 58, "col": 0, "demand_2027": 227.98952854374903}}, {"type": "Feature", "geometry": {"type": "Point", "coordinates": [77.4552380952381, 13.115396825396825]}, "properties": {"point_id": 3713, "row": 58, "col": 1, "demand_2027": 226.96265446482687}}, {"type": "Feature", "geometry": {"type": "Point", "coordinates": [77.4604761904762, 13.115396825396825]}, "properties": {"point_id": 3714, "row": 58, "col": 2, "demand_2027": 202.68600401295618}}, {"type": "Feature", "geometry": {"type": "Point", "coordinates": [77.46571428571428, 13.115396825396825]}, "properties": {"point_id": 3715, "row": 58, "col": 3, "demand_2027": 201.45026678301224}}, {"type": "Feature", "geometry": {"type": "Point", "coordinates": [77.47095238095238, 13.115396825396825]}, "properties": {"point_id": 3716, "row": 58, "col": 4, "demand_2027": 256.8078934259234}}, {"type": "Feature", "geometry": {"type": "Point", "coordinates": [77.47619047619048, 13.115396825396825]}, "properties": {"point_id": 3717, "row": 58, "col": 5, "demand_2027": 251.80789955199575}}, {"type": "Feature", "geometry": {"type": "Point", "coordinates": [77.48142857142858, 13.115396825396825]}, "properties": {"point_id": 3718, "row": 58, "col": 6, "demand_2027": 239.15200449251543}}, {"type": "Feature", "geometry": {"type": "Point", "coordinates": [77.48666666666666, 13.115396825396825]}, "properties": {"point_id": 3719, "row": 58, "col": 7, "demand_2027": 230.15948397592604}}, {"type": "Feature", "geometry": {"type": "Point", "coordinates": [77.49190476190476, 13.115396825396825]}, "properties": {"point_id": 3720, "row": 58, "col": 8, "demand_2027": 230.9647395454228}}, {"type": "Feature", "geometry": {"type": "Point", "coordinates": [77.49714285714286, 13.115396825396825]}, "properties": {"point_id": 3721, "row": 58, "col": 9, "demand_2027": 256.53779408421036}}, {"type": "Feature", "geometry": {"type": "Point", "coordinates": [77.50238095238096, 13.115396825396825]}, "properties": {"point_id": 3722, "row": 58, "col": 10, "demand_2027": 291.6728258567209}}, {"type": "Feature", "geometry": {"type": "Point", "coordinates": [77.50761904761904, 13.115396825396825]}, "properties": {"point_id": 3723, "row": 58, "col": 11, "demand_2027": 307.3041167221474}}, {"type": "Feature", "geometry": {"type": "Point", "coordinates": [77.51285714285714, 13.115396825396825]}, "properties": {"point_id": 3724, "row": 58, "col": 12, "demand_2027": 249.7492610560529}}, {"type": "Feature", "geometry": {"type": "Point", "coordinates": [77.51809523809524, 13.115396825396825]}, "properties": {"point_id": 3725, "row": 58, "col": 13, "demand_2027": 334.86135353271106}}, {"type": "Feature", "geometry": {"type": "Point", "coordinates": [77.52333333333334, 13.115396825396825]}, "properties": {"point_id": 3726, "row": 58, "col": 14, "demand_2027": 298.94637181239693}}, {"type": "Feature", "geometry": {"type": "Point", "coordinates": [77.52857142857142, 13.115396825396825]}, "properties": {"point_id": 3727, "row": 58, "col": 15, "demand_2027": 331.1790143506058}}, {"type": "Feature", "geometry": {"type": "Point", "coordinates": [77.53380952380952, 13.115396825396825]}, "properties": {"point_id": 3728, "row": 58, "col": 16, "demand_2027": 360.1839620711718}}, {"type": "Feature", "geometry": {"type": "Point", "coordinates": [77.53904761904762, 13.115396825396825]}, "properties": {"point_id": 3729, "row": 58, "col": 17, "demand_2027": 373.69085283675776}}, {"type": "Feature", "geometry": {"type": "Point", "coordinates": [77.54428571428572, 13.115396825396825]}, "properties": {"point_id": 3730, "row": 58, "col": 18, "demand_2027": 340.17241128466975}}, {"type": "Feature", "geometry": {"type": "Point", "coordinates": [77.5495238095238, 13.115396825396825]}, "properties": {"point_id": 3731, "row": 58, "col": 19, "demand_2027": 481.1049364050897}}, {"type": "Feature", "geometry": {"type": "Point", "coordinates": [77.5547619047619, 13.115396825396825]}, "properties": {"point_id": 3732, "row": 58, "col": 20, "demand_2027": 602.8104093199739}}, {"type": "Feature", "geometry": {"type": "Point", "coordinates": [77.56, 13.115396825396825]}, "properties": {"point_id": 3733, "row": 58, "col": 21, "demand_2027": 433.92503745051624}}, {"type": "Feature", "geometry": {"type": "Point", "coordinates": [77.5652380952381, 13.115396825396825]}, "properties": {"point_id": 3734, "row": 58, "col": 22, "demand_2027": 541.7778298749779}}, {"type": "Feature", "geometry": {"type": "Point", "coordinates": [77.5704761904762, 13.115396825396825]}, "properties": {"point_id": 3735, "row": 58, "col": 23, "demand_2027": 518.6115792828565}}, {"type": "Feature", "geometry": {"type": "Point", "coordinates": [77.57571428571428, 13.115396825396825]}, "properties": {"point_id": 3736, "row": 58, "col": 24, "demand_2027": 493.4045605488677}}, {"type": "Feature", "geometry": {"type": "Point", "coordinates": [77.58095238095238, 13.115396825396825]}, "properties": {"point_id": 3737, "row": 58, "col": 25, "demand_2027": 701.2195083760715}}, {"type": "Feature", "geometry": {"type": "Point", "coordinates": [77.58619047619048, 13.115396825396825]}, "properties": {"point_id": 3738, "row": 58, "col": 26, "demand_2027": 563.0926329127266}}, {"type": "Feature", "geometry": {"type": "Point", "coordinates": [77.59142857142858, 13.115396825396825]}, "properties": {"point_id": 3739, "row": 58, "col": 27, "demand_2027": 578.6591735789084}}, {"type": "Feature", "geometry": {"type": "Point", "coordinates": [77.59666666666666, 13.115396825396825]}, "properties": {"point_id": 3740, "row": 58, "col": 28, "demand_2027": 470.830527117232}}, {"type": "Feature", "geometry": {"type": "Point", "coordinates": [77.60190476190476, 13.115396825396825]}, "properties": {"point_id": 3741, "row": 58, "col": 29, "demand_2027": 555.0888472307796}}, {"type": "Feature", "geometry": {"type": "Point", "coordinates": [77.60714285714286, 13.115396825396825]}, "properties": {"point_id": 3742, "row": 58, "col": 30, "demand_2027": 452.1828103284201}}, {"type": "Feature", "geometry": {"type": "Point", "coordinates": [77.61238095238096, 13.115396825396825]}, "properties": {"point_id": 3743, "row": 58, "col": 31, "demand_2027": 658.6685041470332}}, {"type": "Feature", "geometry": {"type": "Point", "coordinates": [77.61761904761904, 13.115396825396825]}, "properties": {"point_id": 3744, "row": 58, "col": 32, "demand_2027": 772.4856377008351}}, {"type": "Feature", "geometry": {"type": "Point", "coordinates": [77.62285714285714, 13.115396825396825]}, "properties": {"point_id": 3745, "row": 58, "col": 33, "demand_2027": 479.9771819939559}}, {"type": "Feature", "geometry": {"type": "Point", "coordinates": [77.62809523809524, 13.115396825396825]}, "properties": {"point_id": 3746, "row": 58, "col": 34, "demand_2027": 397.66744644371636}}, {"type": "Feature", "geometry": {"type": "Point", "coordinates": [77.63333333333334, 13.115396825396825]}, "properties": {"point_id": 3747, "row": 58, "col": 35, "demand_2027": 530.921653862104}}, {"type": "Feature", "geometry": {"type": "Point", "coordinates": [77.63857142857142, 13.115396825396825]}, "properties": {"point_id": 3748, "row": 58, "col": 36, "demand_2027": 386.7070574395281}}, {"type": "Feature", "geometry": {"type": "Point", "coordinates": [77.64380952380952, 13.115396825396825]}, "properties": {"point_id": 3749, "row": 58, "col": 37, "demand_2027": 518.556227589183}}, {"type": "Feature", "geometry": {"type": "Point", "coordinates": [77.64904761904762, 13.115396825396825]}, "properties": {"point_id": 3750, "row": 58, "col": 38, "demand_2027": 380.42215623776156}}, {"type": "Feature", "geometry": {"type": "Point", "coordinates": [77.65428571428572, 13.115396825396825]}, "properties": {"point_id": 3751, "row": 58, "col": 39, "demand_2027": 316.73785811222064}}, {"type": "Feature", "geometry": {"type": "Point", "coordinates": [77.6595238095238, 13.115396825396825]}, "properties": {"point_id": 3752, "row": 58, "col": 40, "demand_2027": 312.6612898099599}}, {"type": "Feature", "geometry": {"type": "Point", "coordinates": [77.6647619047619, 13.115396825396825]}, "properties": {"point_id": 3753, "row": 58, "col": 41, "demand_2027": 366.9375508045868}}, {"type": "Feature", "geometry": {"type": "Point", "coordinates": [77.67, 13.115396825396825]}, "properties": {"point_id": 3754, "row": 58, "col": 42, "demand_2027": 297.7969929132504}}, {"type": "Feature", "geometry": {"type": "Point", "coordinates": [77.6752380952381, 13.115396825396825]}, "properties": {"point_id": 3755, "row": 58, "col": 43, "demand_2027": 260.76807867857434}}, {"type": "Feature", "geometry": {"type": "Point", "coordinates": [77.6804761904762, 13.115396825396825]}, "properties": {"point_id": 3756, "row": 58, "col": 44, "demand_2027": 267.79043038222557}}, {"type": "Feature", "geometry": {"type": "Point", "coordinates": [77.68571428571428, 13.115396825396825]}, "properties": {"point_id": 3757, "row": 58, "col": 45, "demand_2027": 206.07596715456154}}, {"type": "Feature", "geometry": {"type": "Point", "coordinates": [77.69095238095238, 13.115396825396825]}, "properties": {"point_id": 3758, "row": 58, "col": 46, "demand_2027": 256.97120589864033}}, {"type": "Feature", "geometry": {"type": "Point", "coordinates": [77.69619047619048, 13.115396825396825]}, "properties": {"point_id": 3759, "row": 58, "col": 47, "demand_2027": 186.75372933031335}}, {"type": "Feature", "geometry": {"type": "Point", "coordinates": [77.70142857142858, 13.115396825396825]}, "properties": {"point_id": 3760, "row": 58, "col": 48, "demand_2027": 234.88406957755134}}, {"type": "Feature", "geometry": {"type": "Point", "coordinates": [77.70666666666666, 13.115396825396825]}, "properties": {"point_id": 3761, "row": 58, "col": 49, "demand_2027": 274.5700580179302}}, {"type": "Feature", "geometry": {"type": "Point", "coordinates": [77.71190476190476, 13.115396825396825]}, "properties": {"point_id": 3762, "row": 58, "col": 50, "demand_2027": 245.61076875363253}}, {"type": "Feature", "geometry": {"type": "Point", "coordinates": [77.71714285714286, 13.115396825396825]}, "properties": {"point_id": 3763, "row": 58, "col": 51, "demand_2027": 263.7433798492226}}, {"type": "Feature", "geometry": {"type": "Point", "coordinates": [77.72238095238096, 13.115396825396825]}, "properties": {"point_id": 3764, "row": 58, "col": 52, "demand_2027": 238.56729625501072}}, {"type": "Feature", "geometry": {"type": "Point", "coordinates": [77.72761904761904, 13.115396825396825]}, "properties": {"point_id": 3765, "row": 58, "col": 53, "demand_2027": 275.18383725763243}}, {"type": "Feature", "geometry": {"type": "Point", "coordinates": [77.73285714285714, 13.115396825396825]}, "properties": {"point_id": 3766, "row": 58, "col": 54, "demand_2027": 268.09542420564037}}, {"type": "Feature", "geometry": {"type": "Point", "coordinates": [77.73809523809524, 13.115396825396825]}, "properties": {"point_id": 3767, "row": 58, "col": 55, "demand_2027": 249.47218060516755}}, {"type": "Feature", "geometry": {"type": "Point", "coordinates": [77.74333333333334, 13.115396825396825]}, "properties": {"point_id": 3768, "row": 58, "col": 56, "demand_2027": 274.4979964026826}}, {"type": "Feature", "geometry": {"type": "Point", "coordinates": [77.74857142857142, 13.115396825396825]}, "properties": {"point_id": 3769, "row": 58, "col": 57, "demand_2027": 261.78126942807114}}, {"type": "Feature", "geometry": {"type": "Point", "coordinates": [77.75380952380952, 13.115396825396825]}, "properties": {"point_id": 3770, "row": 58, "col": 58, "demand_2027": 212.91190946652318}}, {"type": "Feature", "geometry": {"type": "Point", "coordinates": [77.75904761904762, 13.115396825396825]}, "properties": {"point_id": 3771, "row": 58, "col": 59, "demand_2027": 184.50220045729617}}, {"type": "Feature", "geometry": {"type": "Point", "coordinates": [77.76428571428572, 13.115396825396825]}, "properties": {"point_id": 3772, "row": 58, "col": 60, "demand_2027": 257.65483120764105}}, {"type": "Feature", "geometry": {"type": "Point", "coordinates": [77.7695238095238, 13.115396825396825]}, "properties": {"point_id": 3773, "row": 58, "col": 61, "demand_2027": 240.0620502289911}}, {"type": "Feature", "geometry": {"type": "Point", "coordinates": [77.7747619047619, 13.115396825396825]}, "properties": {"point_id": 3774, "row": 58, "col": 62, "demand_2027": 274.43535369453883}}, {"type": "Feature", "geometry": {"type": "Point", "coordinates": [77.78, 13.115396825396825]}, "properties": {"point_id": 3775, "row": 58, "col": 63, "demand_2027": 196.05987808221232}}, {"type": "Feature", "geometry": {"type": "Point", "coordinates": [77.45, 13.12031746031746]}, "properties": {"point_id": 3776, "row": 59, "col": 0, "demand_2027": 210.6844908210253}}, {"type": "Feature", "geometry": {"type": "Point", "coordinates": [77.4552380952381, 13.12031746031746]}, "properties": {"point_id": 3777, "row": 59, "col": 1, "demand_2027": 247.84575430480754}}, {"type": "Feature", "geometry": {"type": "Point", "coordinates": [77.4604761904762, 13.12031746031746]}, "properties": {"point_id": 3778, "row": 59, "col": 2, "demand_2027": 220.46083743349155}}, {"type": "Feature", "geometry": {"type": "Point", "coordinates": [77.46571428571428, 13.12031746031746]}, "properties": {"point_id": 3779, "row": 59, "col": 3, "demand_2027": 167.16752627472943}}, {"type": "Feature", "geometry": {"type": "Point", "coordinates": [77.47095238095238, 13.12031746031746]}, "properties": {"point_id": 3780, "row": 59, "col": 4, "demand_2027": 245.23524498863776}}, {"type": "Feature", "geometry": {"type": "Point", "coordinates": [77.47619047619048, 13.12031746031746]}, "properties": {"point_id": 3781, "row": 59, "col": 5, "demand_2027": 169.93415436411325}}, {"type": "Feature", "geometry": {"type": "Point", "coordinates": [77.48142857142858, 13.12031746031746]}, "properties": {"point_id": 3782, "row": 59, "col": 6, "demand_2027": 199.35396723563127}}, {"type": "Feature", "geometry": {"type": "Point", "coordinates": [77.48666666666666, 13.12031746031746]}, "properties": {"point_id": 3783, "row": 59, "col": 7, "demand_2027": 271.8136715159932}}, {"type": "Feature", "geometry": {"type": "Point", "coordinates": [77.49190476190476, 13.12031746031746]}, "properties": {"point_id": 3784, "row": 59, "col": 8, "demand_2027": 306.00659622489025}}, {"type": "Feature", "geometry": {"type": "Point", "coordinates": [77.49714285714286, 13.12031746031746]}, "properties": {"point_id": 3785, "row": 59, "col": 9, "demand_2027": 207.44413850997404}}, {"type": "Feature", "geometry": {"type": "Point", "coordinates": [77.50238095238096, 13.12031746031746]}, "properties": {"point_id": 3786, "row": 59, "col": 10, "demand_2027": 236.86136611069392}}, {"type": "Feature", "geometry": {"type": "Point", "coordinates": [77.50761904761904, 13.12031746031746]}, "properties": {"point_id": 3787, "row": 59, "col": 11, "demand_2027": 256.1576758563467}}, {"type": "Feature", "geometry": {"type": "Point", "coordinates": [77.51285714285714, 13.12031746031746]}, "properties": {"point_id": 3788, "row": 59, "col": 12, "demand_2027": 312.25399458048236}}, {"type": "Feature", "geometry": {"type": "Point", "coordinates": [77.51809523809524, 13.12031746031746]}, "properties": {"point_id": 3789, "row": 59, "col": 13, "demand_2027": 254.1532542536712}}, {"type": "Feature", "geometry": {"type": "Point", "coordinates": [77.52333333333334, 13.12031746031746]}, "properties": {"point_id": 3790, "row": 59, "col": 14, "demand_2027": 270.76522169977227}}, {"type": "Feature", "geometry": {"type": "Point", "coordinates": [77.52857142857142, 13.12031746031746]}, "properties": {"point_id": 3791, "row": 59, "col": 15, "demand_2027": 379.35953552136624}}, {"type": "Feature", "geometry": {"type": "Point", "coordinates": [77.53380952380952, 13.12031746031746]}, "properties": {"point_id": 3792, "row": 59, "col": 16, "demand_2027": 301.84814237201573}}, {"type": "Feature", "geometry": {"type": "Point", "coordinates": [77.53904761904762, 13.12031746031746]}, "properties": {"point_id": 3793, "row": 59, "col": 17, "demand_2027": 381.789121180676}}, {"type": "Feature", "geometry": {"type": "Point", "coordinates": [77.54428571428572, 13.12031746031746]}, "properties": {"point_id": 3794, "row": 59, "col": 18, "demand_2027": 289.8910022001103}}, {"type": "Feature", "geometry": {"type": "Point", "coordinates": [77.5495238095238, 13.12031746031746]}, "properties": {"point_id": 3795, "row": 59, "col": 19, "demand_2027": 368.71682656514645}}, {"type": "Feature", "geometry": {"type": "Point", "coordinates": [77.5547619047619, 13.12031746031746]}, "properties": {"point_id": 3796, "row": 59, "col": 20, "demand_2027": 314.69945777540664}}, {"type": "Feature", "geometry": {"type": "Point", "coordinates": [77.56, 13.12031746031746]}, "properties": {"point_id": 3797, "row": 59, "col": 21, "demand_2027": 375.1412004024182}}, {"type": "Feature", "geometry": {"type": "Point", "coordinates": [77.5652380952381, 13.12031746031746]}, "properties": {"point_id": 3798, "row": 59, "col": 22, "demand_2027": 544.6377039772855}}, {"type": "Feature", "geometry": {"type": "Point", "coordinates": [77.5704761904762, 13.12031746031746]}, "properties": {"point_id": 3799, "row": 59, "col": 23, "demand_2027": 505.5988873927696}}, {"type": "Feature", "geometry": {"type": "Point", "coordinates": [77.57571428571428, 13.12031746031746]}, "properties": {"point_id": 3800, "row": 59, "col": 24, "demand_2027": 502.722965602698}}, {"type": "Feature", "geometry": {"type": "Point", "coordinates": [77.58095238095238, 13.12031746031746]}, "properties": {"point_id": 3801, "row": 59, "col": 25, "demand_2027": 493.5330766331204}}, {"type": "Feature", "geometry": {"type": "Point", "coordinates": [77.58619047619048, 13.12031746031746]}, "properties": {"point_id": 3802, "row": 59, "col": 26, "demand_2027": 566.4183524005397}}, {"type": "Feature", "geometry": {"type": "Point", "coordinates": [77.59142857142858, 13.12031746031746]}, "properties": {"point_id": 3803, "row": 59, "col": 27, "demand_2027": 641.1868734197622}}, {"type": "Feature", "geometry": {"type": "Point", "coordinates": [77.59666666666666, 13.12031746031746]}, "properties": {"point_id": 3804, "row": 59, "col": 28, "demand_2027": 696.0121059021326}}, {"type": "Feature", "geometry": {"type": "Point", "coordinates": [77.60190476190476, 13.12031746031746]}, "properties": {"point_id": 3805, "row": 59, "col": 29, "demand_2027": 347.1659970886579}}, {"type": "Feature", "geometry": {"type": "Point", "coordinates": [77.60714285714286, 13.12031746031746]}, "properties": {"point_id": 3806, "row": 59, "col": 30, "demand_2027": 508.4839339009676}}, {"type": "Feature", "geometry": {"type": "Point", "coordinates": [77.61238095238096, 13.12031746031746]}, "properties": {"point_id": 3807, "row": 59, "col": 31, "demand_2027": 537.3904959960863}}, {"type": "Feature", "geometry": {"type": "Point", "coordinates": [77.61761904761904, 13.12031746031746]}, "properties": {"point_id": 3808, "row": 59, "col": 32, "demand_2027": 573.1564458422405}}, {"type": "Feature", "geometry": {"type": "Point", "coordinates": [77.62285714285714, 13.12031746031746]}, "properties": {"point_id": 3809, "row": 59, "col": 33, "demand_2027": 572.4013256041573}}, {"type": "Feature", "geometry": {"type": "Point", "coordinates": [77.62809523809524, 13.12031746031746]}, "properties": {"point_id": 3810, "row": 59, "col": 34, "demand_2027": 525.3306234384705}}, {"type": "Feature", "geometry": {"type": "Point", "coordinates": [77.63333333333334, 13.12031746031746]}, "properties": {"point_id": 3811, "row": 59, "col": 35, "demand_2027": 430.22760941993926}}, {"type": "Feature", "geometry": {"type": "Point", "coordinates": [77.63857142857142, 13.12031746031746]}, "properties": {"point_id": 3812, "row": 59, "col": 36, "demand_2027": 366.1455259738357}}, {"type": "Feature", "geometry": {"type": "Point", "coordinates": [77.64380952380952, 13.12031746031746]}, "properties": {"point_id": 3813, "row": 59, "col": 37, "demand_2027": 365.43270586215885}}, {"type": "Feature", "geometry": {"type": "Point", "coordinates": [77.64904761904762, 13.12031746031746]}, "properties": {"point_id": 3814, "row": 59, "col": 38, "demand_2027": 432.81307660474596}}, {"type": "Feature", "geometry": {"type": "Point", "coordinates": [77.65428571428572, 13.12031746031746]}, "properties": {"point_id": 3815, "row": 59, "col": 39, "demand_2027": 299.9615811633644}}, {"type": "Feature", "geometry": {"type": "Point", "coordinates": [77.6595238095238, 13.12031746031746]}, "properties": {"point_id": 3816, "row": 59, "col": 40, "demand_2027": 321.0497255649319}}, {"type": "Feature", "geometry": {"type": "Point", "coordinates": [77.6647619047619, 13.12031746031746]}, "properties": {"point_id": 3817, "row": 59, "col": 41, "demand_2027": 322.3039334650614}}, {"type": "Feature", "geometry": {"type": "Point", "coordinates": [77.67, 13.12031746031746]}, "properties": {"point_id": 3818, "row": 59, "col": 42, "demand_2027": 355.29441550435405}}, {"type": "Feature", "geometry": {"type": "Point", "coordinates": [77.6752380952381, 13.12031746031746]}, "properties": {"point_id": 3819, "row": 59, "col": 43, "demand_2027": 266.4923271323234}}, {"type": "Feature", "geometry": {"type": "Point", "coordinates": [77.6804761904762, 13.12031746031746]}, "properties": {"point_id": 3820, "row": 59, "col": 44, "demand_2027": 301.43251408806435}}, {"type": "Feature", "geometry": {"type": "Point", "coordinates": [77.68571428571428, 13.12031746031746]}, "properties": {"point_id": 3821, "row": 59, "col": 45, "demand_2027": 297.25724016872505}}, {"type": "Feature", "geometry": {"type": "Point", "coordinates": [77.69095238095238, 13.12031746031746]}, "properties": {"point_id": 3822, "row": 59, "col": 46, "demand_2027": 248.2858470474371}}, {"type": "Feature", "geometry": {"type": "Point", "coordinates": [77.69619047619048, 13.12031746031746]}, "properties": {"point_id": 3823, "row": 59, "col": 47, "demand_2027": 248.68695988041577}}, {"type": "Feature", "geometry": {"type": "Point", "coordinates": [77.70142857142858, 13.12031746031746]}, "properties": {"point_id": 3824, "row": 59, "col": 48, "demand_2027": 234.10605503892597}}, {"type": "Feature", "geometry": {"type": "Point", "coordinates": [77.70666666666666, 13.12031746031746]}, "properties": {"point_id": 3825, "row": 59, "col": 49, "demand_2027": 231.65642328580975}}, {"type": "Feature", "geometry": {"type": "Point", "coordinates": [77.71190476190476, 13.12031746031746]}, "properties": {"point_id": 3826, "row": 59, "col": 50, "demand_2027": 268.3899434899685}}, {"type": "Feature", "geometry": {"type": "Point", "coordinates": [77.71714285714286, 13.12031746031746]}, "properties": {"point_id": 3827, "row": 59, "col": 51, "demand_2027": 238.2227789684302}}, {"type": "Feature", "geometry": {"type": "Point", "coordinates": [77.72238095238096, 13.12031746031746]}, "properties": {"point_id": 3828, "row": 59, "col": 52, "demand_2027": 249.9804142312461}}, {"type": "Feature", "geometry": {"type": "Point", "coordinates": [77.72761904761904, 13.12031746031746]}, "properties": {"point_id": 3829, "row": 59, "col": 53, "demand_2027": 190.29571026799186}}, {"type": "Feature", "geometry": {"type": "Point", "coordinates": [77.73285714285714, 13.12031746031746]}, "properties": {"point_id": 3830, "row": 59, "col": 54, "demand_2027": 197.4864904306429}}, {"type": "Feature", "geometry": {"type": "Point", "coordinates": [77.73809523809524, 13.12031746031746]}, "properties": {"point_id": 3831, "row": 59, "col": 55, "demand_2027": 304.07815642640486}}, {"type": "Feature", "geometry": {"type": "Point", "coordinates": [77.74333333333334, 13.12031746031746]}, "properties": {"point_id": 3832, "row": 59, "col": 56, "demand_2027": 223.68921348428117}}, {"type": "Feature", "geometry": {"type": "Point", "coordinates": [77.74857142857142, 13.12031746031746]}, "properties": {"point_id": 3833, "row": 59, "col": 57, "demand_2027": 208.35114293607464}}, {"type": "Feature", "geometry": {"type": "Point", "coordinates": [77.75380952380952, 13.12031746031746]}, "properties": {"point_id": 3834, "row": 59, "col": 58, "demand_2027": 286.0924286286229}}, {"type": "Feature", "geometry": {"type": "Point", "coordinates": [77.75904761904762, 13.12031746031746]}, "properties": {"point_id": 3835, "row": 59, "col": 59, "demand_2027": 238.87097110359724}}, {"type": "Feature", "geometry": {"type": "Point", "coordinates": [77.76428571428572, 13.12031746031746]}, "properties": {"point_id": 3836, "row": 59, "col": 60, "demand_2027": 251.3094959502506}}, {"type": "Feature", "geometry": {"type": "Point", "coordinates": [77.7695238095238, 13.12031746031746]}, "properties": {"point_id": 3837, "row": 59, "col": 61, "demand_2027": 226.3862446487681}}, {"type": "Feature", "geometry": {"type": "Point", "coordinates": [77.7747619047619, 13.12031746031746]}, "properties": {"point_id": 3838, "row": 59, "col": 62, "demand_2027": 210.07218690522816}}, {"type": "Feature", "geometry": {"type": "Point", "coordinates": [77.78, 13.12031746031746]}, "properties": {"point_id": 3839, "row": 59, "col": 63, "demand_2027": 227.61366614917094}}, {"type": "Feature", "geometry": {"type": "Point", "coordinates": [77.45, 13.125238095238096]}, "properties": {"point_id": 3840, "row": 60, "col": 0, "demand_2027": 173.8791393103827}}, {"type": "Feature", "geometry": {"type": "Point", "coordinates": [77.4552380952381, 13.125238095238096]}, "properties": {"point_id": 3841, "row": 60, "col": 1, "demand_2027": 218.23133397929354}}, {"type": "Feature", "geometry": {"type": "Point", "coordinates": [77.4604761904762, 13.125238095238096]}, "properties": {"point_id": 3842, "row": 60, "col": 2, "demand_2027": 242.16618359227863}}, {"type": "Feature", "geometry": {"type": "Point", "coordinates": [77.46571428571428, 13.125238095238096]}, "properties": {"point_id": 3843, "row": 60, "col": 3, "demand_2027": 273.4272967033892}}, {"type": "Feature", "geometry": {"type": "Point", "coordinates": [77.47095238095238, 13.125238095238096]}, "properties": {"point_id": 3844, "row": 60, "col": 4, "demand_2027": 222.38181655239987}}, {"type": "Feature", "geometry": {"type": "Point", "coordinates": [77.47619047619048, 13.125238095238096]}, "properties": {"point_id": 3845, "row": 60, "col": 5, "demand_2027": 148.1263624263824}}, {"type": "Feature", "geometry": {"type": "Point", "coordinates": [77.48142857142858, 13.125238095238096]}, "properties": {"point_id": 3846, "row": 60, "col": 6, "demand_2027": 221.32549983910755}}, {"type": "Feature", "geometry": {"type": "Point", "coordinates": [77.48666666666666, 13.125238095238096]}, "properties": {"point_id": 3847, "row": 60, "col": 7, "demand_2027": 337.9300101446411}}, {"type": "Feature", "geometry": {"type": "Point", "coordinates": [77.49190476190476, 13.125238095238096]}, "properties": {"point_id": 3848, "row": 60, "col": 8, "demand_2027": 285.24969715837807}}, {"type": "Feature", "geometry": {"type": "Point", "coordinates": [77.49714285714286, 13.125238095238096]}, "properties": {"point_id": 3849, "row": 60, "col": 9, "demand_2027": 205.30432028691237}}, {"type": "Feature", "geometry": {"type": "Point", "coordinates": [77.50238095238096, 13.125238095238096]}, "properties": {"point_id": 3850, "row": 60, "col": 10, "demand_2027": 268.04328673616635}}, {"type": "Feature", "geometry": {"type": "Point", "coordinates": [77.50761904761904, 13.125238095238096]}, "properties": {"point_id": 3851, "row": 60, "col": 11, "demand_2027": 222.4772058412678}}, {"type": "Feature", "geometry": {"type": "Point", "coordinates": [77.51285714285714, 13.125238095238096]}, "properties": {"point_id": 3852, "row": 60, "col": 12, "demand_2027": 203.50169549862926}}, {"type": "Feature", "geometry": {"type": "Point", "coordinates": [77.51809523809524, 13.125238095238096]}, "properties": {"point_id": 3853, "row": 60, "col": 13, "demand_2027": 252.7482442474725}}, {"type": "Feature", "geometry": {"type": "Point", "coordinates": [77.52333333333334, 13.125238095238096]}, "properties": {"point_id": 3854, "row": 60, "col": 14, "demand_2027": 291.0810331086037}}, {"type": "Feature", "geometry": {"type": "Point", "coordinates": [77.52857142857142, 13.125238095238096]}, "properties": {"point_id": 3855, "row": 60, "col": 15, "demand_2027": 211.45655575670574}}, {"type": "Feature", "geometry": {"type": "Point", "coordinates": [77.53380952380952, 13.125238095238096]}, "properties": {"point_id": 3856, "row": 60, "col": 16, "demand_2027": 271.8617933804619}}, {"type": "Feature", "geometry": {"type": "Point", "coordinates": [77.53904761904762, 13.125238095238096]}, "properties": {"point_id": 3857, "row": 60, "col": 17, "demand_2027": 318.175747507103}}, {"type": "Feature", "geometry": {"type": "Point", "coordinates": [77.54428571428572, 13.125238095238096]}, "properties": {"point_id": 3858, "row": 60, "col": 18, "demand_2027": 325.62996006874715}}, {"type": "Feature", "geometry": {"type": "Point", "coordinates": [77.5495238095238, 13.125238095238096]}, "properties": {"point_id": 3859, "row": 60, "col": 19, "demand_2027": 386.488712584718}}, {"type": "Feature", "geometry": {"type": "Point", "coordinates": [77.5547619047619, 13.125238095238096]}, "properties": {"point_id": 3860, "row": 60, "col": 20, "demand_2027": 333.40850256461266}}, {"type": "Feature", "geometry": {"type": "Point", "coordinates": [77.56, 13.125238095238096]}, "properties": {"point_id": 3861, "row": 60, "col": 21, "demand_2027": 476.1992641610272}}, {"type": "Feature", "geometry": {"type": "Point", "coordinates": [77.5652380952381, 13.125238095238096]}, "properties": {"point_id": 3862, "row": 60, "col": 22, "demand_2027": 389.90082527239457}}, {"type": "Feature", "geometry": {"type": "Point", "coordinates": [77.5704761904762, 13.125238095238096]}, "properties": {"point_id": 3863, "row": 60, "col": 23, "demand_2027": 585.0111276148136}}, {"type": "Feature", "geometry": {"type": "Point", "coordinates": [77.57571428571428, 13.125238095238096]}, "properties": {"point_id": 3864, "row": 60, "col": 24, "demand_2027": 356.20739054825646}}, {"type": "Feature", "geometry": {"type": "Point", "coordinates": [77.58095238095238, 13.125238095238096]}, "properties": {"point_id": 3865, "row": 60, "col": 25, "demand_2027": 436.9720277233848}}, {"type": "Feature", "geometry": {"type": "Point", "coordinates": [77.58619047619048, 13.125238095238096]}, "properties": {"point_id": 3866, "row": 60, "col": 26, "demand_2027": 606.1528784289417}}, {"type": "Feature", "geometry": {"type": "Point", "coordinates": [77.59142857142858, 13.125238095238096]}, "properties": {"point_id": 3867, "row": 60, "col": 27, "demand_2027": 713.7866714236985}}, {"type": "Feature", "geometry": {"type": "Point", "coordinates": [77.59666666666666, 13.125238095238096]}, "properties": {"point_id": 3868, "row": 60, "col": 28, "demand_2027": 563.7386472764281}}, {"type": "Feature", "geometry": {"type": "Point", "coordinates": [77.60190476190476, 13.125238095238096]}, "properties": {"point_id": 3869, "row": 60, "col": 29, "demand_2027": 580.4043490701292}}, {"type": "Feature", "geometry": {"type": "Point", "coordinates": [77.60714285714286, 13.125238095238096]}, "properties": {"point_id": 3870, "row": 60, "col": 30, "demand_2027": 511.39664299812415}}, {"type": "Feature", "geometry": {"type": "Point", "coordinates": [77.61238095238096, 13.125238095238096]}, "properties": {"point_id": 3871, "row": 60, "col": 31, "demand_2027": 447.0283311265711}}, {"type": "Feature", "geometry": {"type": "Point", "coordinates": [77.61761904761904, 13.125238095238096]}, "properties": {"point_id": 3872, "row": 60, "col": 32, "demand_2027": 464.03342982720903}}, {"type": "Feature", "geometry": {"type": "Point", "coordinates": [77.62285714285714, 13.125238095238096]}, "properties": {"point_id": 3873, "row": 60, "col": 33, "demand_2027": 394.55626210653077}}, {"type": "Feature", "geometry": {"type": "Point", "coordinates": [77.62809523809524, 13.125238095238096]}, "properties": {"point_id": 3874, "row": 60, "col": 34, "demand_2027": 361.30207635904213}}, {"type": "Feature", "geometry": {"type": "Point", "coordinates": [77.63333333333334, 13.125238095238096]}, "properties": {"point_id": 3875, "row": 60, "col": 35, "demand_2027": 452.97924124445916}}, {"type": "Feature", "geometry": {"type": "Point", "coordinates": [77.63857142857142, 13.125238095238096]}, "properties": {"point_id": 3876, "row": 60, "col": 36, "demand_2027": 340.91089192176645}}, {"type": "Feature", "geometry": {"type": "Point", "coordinates": [77.64380952380952, 13.125238095238096]}, "properties": {"point_id": 3877, "row": 60, "col": 37, "demand_2027": 407.6283783718811}}, {"type": "Feature", "geometry": {"type": "Point", "coordinates": [77.64904761904762, 13.125238095238096]}, "properties": {"point_id": 3878, "row": 60, "col": 38, "demand_2027": 275.08393141898387}}, {"type": "Feature", "geometry": {"type": "Point", "coordinates": [77.65428571428572, 13.125238095238096]}, "properties": {"point_id": 3879, "row": 60, "col": 39, "demand_2027": 345.33850324435195}}, {"type": "Feature", "geometry": {"type": "Point", "coordinates": [77.6595238095238, 13.125238095238096]}, "properties": {"point_id": 3880, "row": 60, "col": 40, "demand_2027": 290.75688980989753}}, {"type": "Feature", "geometry": {"type": "Point", "coordinates": [77.6647619047619, 13.125238095238096]}, "properties": {"point_id": 3881, "row": 60, "col": 41, "demand_2027": 366.874262018913}}, {"type": "Feature", "geometry": {"type": "Point", "coordinates": [77.67, 13.125238095238096]}, "properties": {"point_id": 3882, "row": 60, "col": 42, "demand_2027": 305.26289097979736}}, {"type": "Feature", "geometry": {"type": "Point", "coordinates": [77.6752380952381, 13.125238095238096]}, "properties": {"point_id": 3883, "row": 60, "col": 43, "demand_2027": 317.5988668930178}}, {"type": "Feature", "geometry": {"type": "Point", "coordinates": [77.6804761904762, 13.125238095238096]}, "properties": {"point_id": 3884, "row": 60, "col": 44, "demand_2027": 222.98943675026004}}, {"type": "Feature", "geometry": {"type": "Point", "coordinates": [77.68571428571428, 13.125238095238096]}, "properties": {"point_id": 3885, "row": 60, "col": 45, "demand_2027": 258.718486226549}}, {"type": "Feature", "geometry": {"type": "Point", "coordinates": [77.69095238095238, 13.125238095238096]}, "properties": {"point_id": 3886, "row": 60, "col": 46, "demand_2027": 202.2753854499001}}, {"type": "Feature", "geometry": {"type": "Point", "coordinates": [77.69619047619048, 13.125238095238096]}, "properties": {"point_id": 3887, "row": 60, "col": 47, "demand_2027": 228.38948629639376}}, {"type": "Feature", "geometry": {"type": "Point", "coordinates": [77.70142857142858, 13.125238095238096]}, "properties": {"point_id": 3888, "row": 60, "col": 48, "demand_2027": 216.97511927397616}}, {"type": "Feature", "geometry": {"type": "Point", "coordinates": [77.70666666666666, 13.125238095238096]}, "properties": {"point_id": 3889, "row": 60, "col": 49, "demand_2027": 208.2724770460153}}, {"type": "Feature", "geometry": {"type": "Point", "coordinates": [77.71190476190476, 13.125238095238096]}, "properties": {"point_id": 3890, "row": 60, "col": 50, "demand_2027": 188.71907171374124}}, {"type": "Feature", "geometry": {"type": "Point", "coordinates": [77.71714285714286, 13.125238095238096]}, "properties": {"point_id": 3891, "row": 60, "col": 51, "demand_2027": 185.67103695287227}}, {"type": "Feature", "geometry": {"type": "Point", "coordinates": [77.72238095238096, 13.125238095238096]}, "properties": {"point_id": 3892, "row": 60, "col": 52, "demand_2027": 148.9249939263113}}, {"type": "Feature", "geometry": {"type": "Point", "coordinates": [77.72761904761904, 13.125238095238096]}, "properties": {"point_id": 3893, "row": 60, "col": 53, "demand_2027": 198.00527608327994}}, {"type": "Feature", "geometry": {"type": "Point", "coordinates": [77.73285714285714, 13.125238095238096]}, "properties": {"point_id": 3894, "row": 60, "col": 54, "demand_2027": 279.7056329838184}}, {"type": "Feature", "geometry": {"type": "Point", "coordinates": [77.73809523809524, 13.125238095238096]}, "properties": {"point_id": 3895, "row": 60, "col": 55, "demand_2027": 185.37292962609348}}, {"type": "Feature", "geometry": {"type": "Point", "coordinates": [77.74333333333334, 13.125238095238096]}, "properties": {"point_id": 3896, "row": 60, "col": 56, "demand_2027": 191.7677992926346}}, {"type": "Feature", "geometry": {"type": "Point", "coordinates": [77.74857142857142, 13.125238095238096]}, "properties": {"point_id": 3897, "row": 60, "col": 57, "demand_2027": 280.5144321545366}}, {"type": "Feature", "geometry": {"type": "Point", "coordinates": [77.75380952380952, 13.125238095238096]}, "properties": {"point_id": 3898, "row": 60, "col": 58, "demand_2027": 217.33836061447184}}, {"type": "Feature", "geometry": {"type": "Point", "coordinates": [77.75904761904762, 13.125238095238096]}, "properties": {"point_id": 3899, "row": 60, "col": 59, "demand_2027": 237.44047297381573}}, {"type": "Feature", "geometry": {"type": "Point", "coordinates": [77.76428571428572, 13.125238095238096]}, "properties": {"point_id": 3900, "row": 60, "col": 60, "demand_2027": 243.41704616770477}}, {"type": "Feature", "geometry": {"type": "Point", "coordinates": [77.7695238095238, 13.125238095238096]}, "properties": {"point_id": 3901, "row": 60, "col": 61, "demand_2027": 264.0866596663915}}, {"type": "Feature", "geometry": {"type": "Point", "coordinates": [77.7747619047619, 13.125238095238096]}, "properties": {"point_id": 3902, "row": 60, "col": 62, "demand_2027": 169.43931729262965}}, {"type": "Feature", "geometry": {"type": "Point", "coordinates": [77.78, 13.125238095238096]}, "properties": {"point_id": 3903, "row": 60, "col": 63, "demand_2027": 238.1713060491807}}, {"type": "Feature", "geometry": {"type": "Point", "coordinates": [77.45, 13.130158730158731]}, "properties": {"point_id": 3904, "row": 61, "col": 0, "demand_2027": 174.2015441899129}}, {"type": "Feature", "geometry": {"type": "Point", "coordinates": [77.4552380952381, 13.130158730158731]}, "properties": {"point_id": 3905, "row": 61, "col": 1, "demand_2027": 319.26440669923596}}, {"type": "Feature", "geometry": {"type": "Point", "coordinates": [77.4604761904762, 13.130158730158731]}, "properties": {"point_id": 3906, "row": 61, "col": 2, "demand_2027": 174.80626895443626}}, {"type": "Feature", "geometry": {"type": "Point", "coordinates": [77.46571428571428, 13.130158730158731]}, "properties": {"point_id": 3907, "row": 61, "col": 3, "demand_2027": 186.27240000411584}}, {"type": "Feature", "geometry": {"type": "Point", "coordinates": [77.47095238095238, 13.130158730158731]}, "properties": {"point_id": 3908, "row": 61, "col": 4, "demand_2027": 193.15042355458746}}, {"type": "Feature", "geometry": {"type": "Point", "coordinates": [77.47619047619048, 13.130158730158731]}, "properties": {"point_id": 3909, "row": 61, "col": 5, "demand_2027": 173.09017699070068}}, {"type": "Feature", "geometry": {"type": "Point", "coordinates": [77.48142857142858, 13.130158730158731]}, "properties": {"point_id": 3910, "row": 61, "col": 6, "demand_2027": 276.46393731244814}}, {"type": "Feature", "geometry": {"type": "Point", "coordinates": [77.48666666666666, 13.130158730158731]}, "properties": {"point_id": 3911, "row": 61, "col": 7, "demand_2027": 308.58362684776847}}, {"type": "Feature", "geometry": {"type": "Point", "coordinates": [77.49190476190476, 13.130158730158731]}, "properties": {"point_id": 3912, "row": 61, "col": 8, "demand_2027": 217.7737911501064}}, {"type": "Feature", "geometry": {"type": "Point", "coordinates": [77.49714285714286, 13.130158730158731]}, "properties": {"point_id": 3913, "row": 61, "col": 9, "demand_2027": 190.13555413624474}}, {"type": "Feature", "geometry": {"type": "Point", "coordinates": [77.50238095238096, 13.130158730158731]}, "properties": {"point_id": 3914, "row": 61, "col": 10, "demand_2027": 157.24704822812555}}, {"type": "Feature", "geometry": {"type": "Point", "coordinates": [77.50761904761904, 13.130158730158731]}, "properties": {"point_id": 3915, "row": 61, "col": 11, "demand_2027": 242.51110673528086}}, {"type": "Feature", "geometry": {"type": "Point", "coordinates": [77.51285714285714, 13.130158730158731]}, "properties": {"point_id": 3916, "row": 61, "col": 12, "demand_2027": 243.01559900402606}}, {"type": "Feature", "geometry": {"type": "Point", "coordinates": [77.51809523809524, 13.130158730158731]}, "properties": {"point_id": 3917, "row": 61, "col": 13, "demand_2027": 232.72471332650684}}, {"type": "Feature", "geometry": {"type": "Point", "coordinates": [77.52333333333334, 13.130158730158731]}, "properties": {"point_id": 3918, "row": 61, "col": 14, "demand_2027": 270.9202387821192}}, {"type": "Feature", "geometry": {"type": "Point", "coordinates": [77.52857142857142, 13.130158730158731]}, "properties": {"point_id": 3919, "row": 61, "col": 15, "demand_2027": 301.0212335758776}}, {"type": "Feature", "geometry": {"type": "Point", "coordinates": [77.53380952380952, 13.130158730158731]}, "properties": {"point_id": 3920, "row": 61, "col": 16, "demand_2027": 317.41859711665813}}, {"type": "Feature", "geometry": {"type": "Point", "coordinates": [77.53904761904762, 13.130158730158731]}, "properties": {"point_id": 3921, "row": 61, "col": 17, "demand_2027": 300.27821735318247}}, {"type": "Feature", "geometry": {"type": "Point", "coordinates": [77.54428571428572, 13.130158730158731]}, "properties": {"point_id": 3922, "row": 61, "col": 18, "demand_2027": 284.926568716964}}, {"type": "Feature", "geometry": {"type": "Point", "coordinates": [77.5495238095238, 13.130158730158731]}, "properties": {"point_id": 3923, "row": 61, "col": 19, "demand_2027": 400.7395300394873}}, {"type": "Feature", "geometry": {"type": "Point", "coordinates": [77.5547619047619, 13.130158730158731]}, "properties": {"point_id": 3924, "row": 61, "col": 20, "demand_2027": 380.50214801353997}}, {"type": "Feature", "geometry": {"type": "Point", "coordinates": [77.56, 13.130158730158731]}, "properties": {"point_id": 3925, "row": 61, "col": 21, "demand_2027": 445.22679665942445}}, {"type": "Feature", "geometry": {"type": "Point", "coordinates": [77.5652380952381, 13.130158730158731]}, "properties": {"point_id": 3926, "row": 61, "col": 22, "demand_2027": 475.1874193769972}}, {"type": "Feature", "geometry": {"type": "Point", "coordinates": [77.5704761904762, 13.130158730158731]}, "properties": {"point_id": 3927, "row": 61, "col": 23, "demand_2027": 343.0167722065834}}, {"type": "Feature", "geometry": {"type": "Point", "coordinates": [77.57571428571428, 13.130158730158731]}, "properties": {"point_id": 3928, "row": 61, "col": 24, "demand_2027": 368.62922647291396}}, {"type": "Feature", "geometry": {"type": "Point", "coordinates": [77.58095238095238, 13.130158730158731]}, "properties": {"point_id": 3929, "row": 61, "col": 25, "demand_2027": 432.5615224404385}}, {"type": "Feature", "geometry": {"type": "Point", "coordinates": [77.58619047619048, 13.130158730158731]}, "properties": {"point_id": 3930, "row": 61, "col": 26, "demand_2027": 427.37934470607826}}, {"type": "Feature", "geometry": {"type": "Point", "coordinates": [77.59142857142858, 13.130158730158731]}, "properties": {"point_id": 3931, "row": 61, "col": 27, "demand_2027": 585.2250355743736}}, {"type": "Feature", "geometry": {"type": "Point", "coordinates": [77.59666666666666, 13.130158730158731]}, "properties": {"point_id": 3932, "row": 61, "col": 28, "demand_2027": 545.0283030835842}}, {"type": "Feature", "geometry": {"type": "Point", "coordinates": [77.60190476190476, 13.130158730158731]}, "properties": {"point_id": 3933, "row": 61, "col": 29, "demand_2027": 621.2185073701822}}, {"type": "Feature", "geometry": {"type": "Point", "coordinates": [77.60714285714286, 13.130158730158731]}, "properties": {"point_id": 3934, "row": 61, "col": 30, "demand_2027": 544.0208904559616}}, {"type": "Feature", "geometry": {"type": "Point", "coordinates": [77.61238095238096, 13.130158730158731]}, "properties": {"point_id": 3935, "row": 61, "col": 31, "demand_2027": 524.4688809355582}}, {"type": "Feature", "geometry": {"type": "Point", "coordinates": [77.61761904761904, 13.130158730158731]}, "properties": {"point_id": 3936, "row": 61, "col": 32, "demand_2027": 577.8362410689119}}, {"type": "Feature", "geometry": {"type": "Point", "coordinates": [77.62285714285714, 13.130158730158731]}, "properties": {"point_id": 3937, "row": 61, "col": 33, "demand_2027": 479.5822793475876}}, {"type": "Feature", "geometry": {"type": "Point", "coordinates": [77.62809523809524, 13.130158730158731]}, "properties": {"point_id": 3938, "row": 61, "col": 34, "demand_2027": 438.09073751618274}}, {"type": "Feature", "geometry": {"type": "Point", "coordinates": [77.63333333333334, 13.130158730158731]}, "properties": {"point_id": 3939, "row": 61, "col": 35, "demand_2027": 494.0442238961409}}, {"type": "Feature", "geometry": {"type": "Point", "coordinates": [77.63857142857142, 13.130158730158731]}, "properties": {"point_id": 3940, "row": 61, "col": 36, "demand_2027": 365.46941359703055}}, {"type": "Feature", "geometry": {"type": "Point", "coordinates": [77.64380952380952, 13.130158730158731]}, "properties": {"point_id": 3941, "row": 61, "col": 37, "demand_2027": 337.83031550036293}}, {"type": "Feature", "geometry": {"type": "Point", "coordinates": [77.64904761904762, 13.130158730158731]}, "properties": {"point_id": 3942, "row": 61, "col": 38, "demand_2027": 286.78863084762867}}, {"type": "Feature", "geometry": {"type": "Point", "coordinates": [77.65428571428572, 13.130158730158731]}, "properties": {"point_id": 3943, "row": 61, "col": 39, "demand_2027": 376.95623418639576}}, {"type": "Feature", "geometry": {"type": "Point", "coordinates": [77.6595238095238, 13.130158730158731]}, "properties": {"point_id": 3944, "row": 61, "col": 40, "demand_2027": 346.2146356868734}}, {"type": "Feature", "geometry": {"type": "Point", "coordinates": [77.6647619047619, 13.130158730158731]}, "properties": {"point_id": 3945, "row": 61, "col": 41, "demand_2027": 287.71599382247956}}, {"type": "Feature", "geometry": {"type": "Point", "coordinates": [77.67, 13.130158730158731]}, "properties": {"point_id": 3946, "row": 61, "col": 42, "demand_2027": 327.3574479151336}}, {"type": "Feature", "geometry": {"type": "Point", "coordinates": [77.6752380952381, 13.130158730158731]}, "properties": {"point_id": 3947, "row": 61, "col": 43, "demand_2027": 176.1667323579594}}, {"type": "Feature", "geometry": {"type": "Point", "coordinates": [77.6804761904762, 13.130158730158731]}, "properties": {"point_id": 3948, "row": 61, "col": 44, "demand_2027": 261.725975337001}}, {"type": "Feature", "geometry": {"type": "Point", "coordinates": [77.68571428571428, 13.130158730158731]}, "properties": {"point_id": 3949, "row": 61, "col": 45, "demand_2027": 245.65473494751663}}, {"type": "Feature", "geometry": {"type": "Point", "coordinates": [77.69095238095238, 13.130158730158731]}, "properties": {"point_id": 3950, "row": 61, "col": 46, "demand_2027": 209.1490103021036}}, {"type": "Feature", "geometry": {"type": "Point", "coordinates": [77.69619047619048, 13.130158730158731]}, "properties": {"point_id": 3951, "row": 61, "col": 47, "demand_2027": 336.37801098652005}}, {"type": "Feature", "geometry": {"type": "Point", "coordinates": [77.70142857142858, 13.130158730158731]}, "properties": {"point_id": 3952, "row": 61, "col": 48, "demand_2027": 233.01179371877254}}, {"type": "Feature", "geometry": {"type": "Point", "coordinates": [77.70666666666666, 13.130158730158731]}, "properties": {"point_id": 3953, "row": 61, "col": 49, "demand_2027": 216.95651711072145}}, {"type": "Feature", "geometry": {"type": "Point", "coordinates": [77.71190476190476, 13.130158730158731]}, "properties": {"point_id": 3954, "row": 61, "col": 50, "demand_2027": 236.19001240898362}}, {"type": "Feature", "geometry": {"type": "Point", "coordinates": [77.71714285714286, 13.130158730158731]}, "properties": {"point_id": 3955, "row": 61, "col": 51, "demand_2027": 152.8521644111587}}, {"type": "Feature", "geometry": {"type": "Point", "coordinates": [77.72238095238096, 13.130158730158731]}, "properties": {"point_id": 3956, "row": 61, "col": 52, "demand_2027": 203.39130213693815}}, {"type": "Feature", "geometry": {"type": "Point", "coordinates": [77.72761904761904, 13.130158730158731]}, "properties": {"point_id": 3957, "row": 61, "col": 53, "demand_2027": 279.88451255147936}}, {"type": "Feature", "geometry": {"type": "Point", "coordinates": [77.73285714285714, 13.130158730158731]}, "properties": {"point_id": 3958, "row": 61, "col": 54, "demand_2027": 210.8023882281005}}, {"type": "Feature", "geometry": {"type": "Point", "coordinates": [77.73809523809524, 13.130158730158731]}, "properties": {"point_id": 3959, "row": 61, "col": 55, "demand_2027": 193.8035486821165}}, {"type": "Feature", "geometry": {"type": "Point", "coordinates": [77.74333333333334, 13.130158730158731]}, "properties": {"point_id": 3960, "row": 61, "col": 56, "demand_2027": 277.65214904718016}}, {"type": "Feature", "geometry": {"type": "Point", "coordinates": [77.74857142857142, 13.130158730158731]}, "properties": {"point_id": 3961, "row": 61, "col": 57, "demand_2027": 283.57714072473925}}, {"type": "Feature", "geometry": {"type": "Point", "coordinates": [77.75380952380952, 13.130158730158731]}, "properties": {"point_id": 3962, "row": 61, "col": 58, "demand_2027": 250.4601373837272}}, {"type": "Feature", "geometry": {"type": "Point", "coordinates": [77.75904761904762, 13.130158730158731]}, "properties": {"point_id": 3963, "row": 61, "col": 59, "demand_2027": 237.98063382351478}}, {"type": "Feature", "geometry": {"type": "Point", "coordinates": [77.76428571428572, 13.130158730158731]}, "properties": {"point_id": 3964, "row": 61, "col": 60, "demand_2027": 234.08063022370283}}, {"type": "Feature", "geometry": {"type": "Point", "coordinates": [77.7695238095238, 13.130158730158731]}, "properties": {"point_id": 3965, "row": 61, "col": 61, "demand_2027": 207.90453292401386}}, {"type": "Feature", "geometry": {"type": "Point", "coordinates": [77.7747619047619, 13.130158730158731]}, "properties": {"point_id": 3966, "row": 61, "col": 62, "demand_2027": 193.24016839043975}}, {"type": "Feature", "geometry": {"type": "Point", "coordinates": [77.78, 13.130158730158731]}, "properties": {"point_id": 3967, "row": 61, "col": 63, "demand_2027": 195.33239661321463}}, {"type": "Feature", "geometry": {"type": "Point", "coordinates": [77.45, 13.135079365079365]}, "properties": {"point_id": 3968, "row": 62, "col": 0, "demand_2027": 207.1327570633642}}, {"type": "Feature", "geometry": {"type": "Point", "coordinates": [77.4552380952381, 13.135079365079365]}, "properties": {"point_id": 3969, "row": 62, "col": 1, "demand_2027": 184.62367662526285}}, {"type": "Feature", "geometry": {"type": "Point", "coordinates": [77.4604761904762, 13.135079365079365]}, "properties": {"point_id": 3970, "row": 62, "col": 2, "demand_2027": 174.63621762351926}}, {"type": "Feature", "geometry": {"type": "Point", "coordinates": [77.46571428571428, 13.135079365079365]}, "properties": {"point_id": 3971, "row": 62, "col": 3, "demand_2027": 232.3417238206835}}, {"type": "Feature", "geometry": {"type": "Point", "coordinates": [77.47095238095238, 13.135079365079365]}, "properties": {"point_id": 3972, "row": 62, "col": 4, "demand_2027": 236.78323332237852}}, {"type": "Feature", "geometry": {"type": "Point", "coordinates": [77.47619047619048, 13.135079365079365]}, "properties": {"point_id": 3973, "row": 62, "col": 5, "demand_2027": 304.26352539823995}}, {"type": "Feature", "geometry": {"type": "Point", "coordinates": [77.48142857142858, 13.135079365079365]}, "properties": {"point_id": 3974, "row": 62, "col": 6, "demand_2027": 213.09061446965373}}, {"type": "Feature", "geometry": {"type": "Point", "coordinates": [77.48666666666666, 13.135079365079365]}, "properties": {"point_id": 3975, "row": 62, "col": 7, "demand_2027": 244.36566839667591}}, {"type": "Feature", "geometry": {"type": "Point", "coordinates": [77.49190476190476, 13.135079365079365]}, "properties": {"point_id": 3976, "row": 62, "col": 8, "demand_2027": 243.0017586220874}}, {"type": "Feature", "geometry": {"type": "Point", "coordinates": [77.49714285714286, 13.135079365079365]}, "properties": {"point_id": 3977, "row": 62, "col": 9, "demand_2027": 224.30585242018364}}, {"type": "Feature", "geometry": {"type": "Point", "coordinates": [77.50238095238096, 13.135079365079365]}, "properties": {"point_id": 3978, "row": 62, "col": 10, "demand_2027": 266.18397324758223}}, {"type": "Feature", "geometry": {"type": "Point", "coordinates": [77.50761904761904, 13.135079365079365]}, "properties": {"point_id": 3979, "row": 62, "col": 11, "demand_2027": 280.8220078001641}}, {"type": "Feature", "geometry": {"type": "Point", "coordinates": [77.51285714285714, 13.135079365079365]}, "properties": {"point_id": 3980, "row": 62, "col": 12, "demand_2027": 260.0325880904689}}, {"type": "Feature", "geometry": {"type": "Point", "coordinates": [77.51809523809524, 13.135079365079365]}, "properties": {"point_id": 3981, "row": 62, "col": 13, "demand_2027": 244.30168168557879}}, {"type": "Feature", "geometry": {"type": "Point", "coordinates": [77.52333333333334, 13.135079365079365]}, "properties": {"point_id": 3982, "row": 62, "col": 14, "demand_2027": 255.62400810760585}}, {"type": "Feature", "geometry": {"type": "Point", "coordinates": [77.52857142857142, 13.135079365079365]}, "properties": {"point_id": 3983, "row": 62, "col": 15, "demand_2027": 227.13816190329496}}, {"type": "Feature", "geometry": {"type": "Point", "coordinates": [77.53380952380952, 13.135079365079365]}, "properties": {"point_id": 3984, "row": 62, "col": 16, "demand_2027": 254.13730413593288}}, {"type": "Feature", "geometry": {"type": "Point", "coordinates": [77.53904761904762, 13.135079365079365]}, "properties": {"point_id": 3985, "row": 62, "col": 17, "demand_2027": 275.32472586644934}}, {"type": "Feature", "geometry": {"type": "Point", "coordinates": [77.54428571428572, 13.135079365079365]}, "properties": {"point_id": 3986, "row": 62, "col": 18, "demand_2027": 276.2413655684616}}, {"type": "Feature", "geometry": {"type": "Point", "coordinates": [77.5495238095238, 13.135079365079365]}, "properties": {"point_id": 3987, "row": 62, "col": 19, "demand_2027": 373.5588004269886}}, {"type": "Feature", "geometry": {"type": "Point", "coordinates": [77.5547619047619, 13.135079365079365]}, "properties": {"point_id": 3988, "row": 62, "col": 20, "demand_2027": 426.3839577803955}}, {"type": "Feature", "geometry": {"type": "Point", "coordinates": [77.56, 13.135079365079365]}, "properties": {"point_id": 3989, "row": 62, "col": 21, "demand_2027": 351.8324590650405}}, {"type": "Feature", "geometry": {"type": "Point", "coordinates": [77.5652380952381, 13.135079365079365]}, "properties": {"point_id": 3990, "row": 62, "col": 22, "demand_2027": 445.7675040032902}}, {"type": "Feature", "geometry": {"type": "Point", "coordinates": [77.5704761904762, 13.135079365079365]}, "properties": {"point_id": 3991, "row": 62, "col": 23, "demand_2027": 340.43932175271703}}, {"type": "Feature", "geometry": {"type": "Point", "coordinates": [77.57571428571428, 13.135079365079365]}, "properties": {"point_id": 3992, "row": 62, "col": 24, "demand_2027": 401.93141814161777}}, {"type": "Feature", "geometry": {"type": "Point", "coordinates": [77.58095238095238, 13.135079365079365]}, "properties": {"point_id": 3993, "row": 62, "col": 25, "demand_2027": 404.7925625294657}}, {"type": "Feature", "geometry": {"type": "Point", "coordinates": [77.58619047619048, 13.135079365079365]}, "properties": {"point_id": 3994, "row": 62, "col": 26, "demand_2027": 507.30114849777624}}, {"type": "Feature", "geometry": {"type": "Point", "coordinates": [77.59142857142858, 13.135079365079365]}, "properties": {"point_id": 3995, "row": 62, "col": 27, "demand_2027": 453.14817871748807}}, {"type": "Feature", "geometry": {"type": "Point", "coordinates": [77.59666666666666, 13.135079365079365]}, "properties": {"point_id": 3996, "row": 62, "col": 28, "demand_2027": 547.5350386790359}}, {"type": "Feature", "geometry": {"type": "Point", "coordinates": [77.60190476190476, 13.135079365079365]}, "properties": {"point_id": 3997, "row": 62, "col": 29, "demand_2027": 446.72296987133586}}, {"type": "Feature", "geometry": {"type": "Point", "coordinates": [77.60714285714286, 13.135079365079365]}, "properties": {"point_id": 3998, "row": 62, "col": 30, "demand_2027": 403.9019280134277}}, {"type": "Feature", "geometry": {"type": "Point", "coordinates": [77.61238095238096, 13.135079365079365]}, "properties": {"point_id": 3999, "row": 62, "col": 31, "demand_2027": 379.2831739399809}}, {"type": "Feature", "geometry": {"type": "Point", "coordinates": [77.61761904761904, 13.135079365079365]}, "properties": {"point_id": 4000, "row": 62, "col": 32, "demand_2027": 447.6081547626027}}, {"type": "Feature", "geometry": {"type": "Point", "coordinates": [77.62285714285714, 13.135079365079365]}, "properties": {"point_id": 4001, "row": 62, "col": 33, "demand_2027": 479.77454390367404}}, {"type": "Feature", "geometry": {"type": "Point", "coordinates": [77.62809523809524, 13.135079365079365]}, "properties": {"point_id": 4002, "row": 62, "col": 34, "demand_2027": 414.0171304323017}}, {"type": "Feature", "geometry": {"type": "Point", "coordinates": [77.63333333333334, 13.135079365079365]}, "properties": {"point_id": 4003, "row": 62, "col": 35, "demand_2027": 517.3591468888521}}, {"type": "Feature", "geometry": {"type": "Point", "coordinates": [77.63857142857142, 13.135079365079365]}, "properties": {"point_id": 4004, "row": 62, "col": 36, "demand_2027": 454.08515696458363}}, {"type": "Feature", "geometry": {"type": "Point", "coordinates": [77.64380952380952, 13.135079365079365]}, "properties": {"point_id": 4005, "row": 62, "col": 37, "demand_2027": 327.6986005409229}}, {"type": "Feature", "geometry": {"type": "Point", "coordinates": [77.64904761904762, 13.135079365079365]}, "properties": {"point_id": 4006, "row": 62, "col": 38, "demand_2027": 292.275009252873}}, {"type": "Feature", "geometry": {"type": "Point", "coordinates": [77.65428571428572, 13.135079365079365]}, "properties": {"point_id": 4007, "row": 62, "col": 39, "demand_2027": 332.8748651755848}}, {"type": "Feature", "geometry": {"type": "Point", "coordinates": [77.6595238095238, 13.135079365079365]}, "properties": {"point_id": 4008, "row": 62, "col": 40, "demand_2027": 241.1559764124234}}, {"type": "Feature", "geometry": {"type": "Point", "coordinates": [77.6647619047619, 13.135079365079365]}, "properties": {"point_id": 4009, "row": 62, "col": 41, "demand_2027": 310.9634538382196}}, {"type": "Feature", "geometry": {"type": "Point", "coordinates": [77.67, 13.135079365079365]}, "properties": {"point_id": 4010, "row": 62, "col": 42, "demand_2027": 301.56662631364304}}, {"type": "Feature", "geometry": {"type": "Point", "coordinates": [77.6752380952381, 13.135079365079365]}, "properties": {"point_id": 4011, "row": 62, "col": 43, "demand_2027": 277.68967777240084}}, {"type": "Feature", "geometry": {"type": "Point", "coordinates": [77.6804761904762, 13.135079365079365]}, "properties": {"point_id": 4012, "row": 62, "col": 44, "demand_2027": 273.754513182265}}, {"type": "Feature", "geometry": {"type": "Point", "coordinates": [77.68571428571428, 13.135079365079365]}, "properties": {"point_id": 4013, "row": 62, "col": 45, "demand_2027": 289.11922505793376}}, {"type": "Feature", "geometry": {"type": "Point", "coordinates": [77.69095238095238, 13.135079365079365]}, "properties": {"point_id": 4014, "row": 62, "col": 46, "demand_2027": 248.53651529506917}}, {"type": "Feature", "geometry": {"type": "Point", "coordinates": [77.69619047619048, 13.135079365079365]}, "properties": {"point_id": 4015, "row": 62, "col": 47, "demand_2027": 230.2068174376199}}, {"type": "Feature", "geometry": {"type": "Point", "coordinates": [77.70142857142858, 13.135079365079365]}, "properties": {"point_id": 4016, "row": 62, "col": 48, "demand_2027": 274.01036864662046}}, {"type": "Feature", "geometry": {"type": "Point", "coordinates": [77.70666666666666, 13.135079365079365]}, "properties": {"point_id": 4017, "row": 62, "col": 49, "demand_2027": 273.20945215539706}}, {"type": "Feature", "geometry": {"type": "Point", "coordinates": [77.71190476190476, 13.135079365079365]}, "properties": {"point_id": 4018, "row": 62, "col": 50, "demand_2027": 228.07831195636444}}, {"type": "Feature", "geometry": {"type": "Point", "coordinates": [77.71714285714286, 13.135079365079365]}, "properties": {"point_id": 4019, "row": 62, "col": 51, "demand_2027": 232.38721972790475}}, {"type": "Feature", "geometry": {"type": "Point", "coordinates": [77.72238095238096, 13.135079365079365]}, "properties": {"point_id": 4020, "row": 62, "col": 52, "demand_2027": 235.64269891322783}}, {"type": "Feature", "geometry": {"type": "Point", "coordinates": [77.72761904761904, 13.135079365079365]}, "properties": {"point_id": 4021, "row": 62, "col": 53, "demand_2027": 234.2127376187673}}, {"type": "Feature", "geometry": {"type": "Point", "coordinates": [77.73285714285714, 13.135079365079365]}, "properties": {"point_id": 4022, "row": 62, "col": 54, "demand_2027": 182.7596088727179}}, {"type": "Feature", "geometry": {"type": "Point", "coordinates": [77.73809523809524, 13.135079365079365]}, "properties": {"point_id": 4023, "row": 62, "col": 55, "demand_2027": 172.46319294243546}}, {"type": "Feature", "geometry": {"type": "Point", "coordinates": [77.74333333333334, 13.135079365079365]}, "properties": {"point_id": 4024, "row": 62, "col": 56, "demand_2027": 196.18574868635702}}, {"type": "Feature", "geometry": {"type": "Point", "coordinates": [77.74857142857142, 13.135079365079365]}, "properties": {"point_id": 4025, "row": 62, "col": 57, "demand_2027": 204.63850520561803}}, {"type": "Feature", "geometry": {"type": "Point", "coordinates": [77.75380952380952, 13.135079365079365]}, "properties": {"point_id": 4026, "row": 62, "col": 58, "demand_2027": 204.74962030044478}}, {"type": "Feature", "geometry": {"type": "Point", "coordinates": [77.75904761904762, 13.135079365079365]}, "properties": {"point_id": 4027, "row": 62, "col": 59, "demand_2027": 243.41796077779637}}, {"type": "Feature", "geometry": {"type": "Point", "coordinates": [77.76428571428572, 13.135079365079365]}, "properties": {"point_id": 4028, "row": 62, "col": 60, "demand_2027": 214.46389416428238}}, {"type": "Feature", "geometry": {"type": "Point", "coordinates": [77.7695238095238, 13.135079365079365]}, "properties": {"point_id": 4029, "row": 62, "col": 61, "demand_2027": 227.6572640581308}}, {"type": "Feature", "geometry": {"type": "Point", "coordinates": [77.7747619047619, 13.135079365079365]}, "properties": {"point_id": 4030, "row": 62, "col": 62, "demand_2027": 181.84377867470798}}, {"type": "Feature", "geometry": {"type": "Point", "coordinates": [77.78, 13.135079365079365]}, "properties": {"point_id": 4031, "row": 62, "col": 63, "demand_2027": 218.05342612917786}}, {"type": "Feature", "geometry": {"type": "Point", "coordinates": [77.45, 13.14]}, "properties": {"point_id": 4032, "row": 63, "col": 0, "demand_2027": 252.7962422017067}}, {"type": "Feature", "geometry": {"type": "Point", "coordinates": [77.4552380952381, 13.14]}, "properties": {"point_id": 4033, "row": 63, "col": 1, "demand_2027": 246.30643231979425}}, {"type": "Feature", "geometry": {"type": "Point", "coordinates": [77.4604761904762, 13.14]}, "properties": {"point_id": 4034, "row": 63, "col": 2, "demand_2027": 199.0514376753914}}, {"type": "Feature", "geometry": {"type": "Point", "coordinates": [77.46571428571428, 13.14]}, "properties": {"point_id": 4035, "row": 63, "col": 3, "demand_2027": 223.1829021855177}}, {"type": "Feature", "geometry": {"type": "Point", "coordinates": [77.47095238095238, 13.14]}, "properties": {"point_id": 4036, "row": 63, "col": 4, "demand_2027": 319.23188376707765}}, {"type": "Feature", "geometry": {"type": "Point", "coordinates": [77.47619047619048, 13.14]}, "properties": {"point_id": 4037, "row": 63, "col": 5, "demand_2027": 224.88256106709093}}, {"type": "Feature", "geometry": {"type": "Point", "coordinates": [77.48142857142858, 13.14]}, "properties": {"point_id": 4038, "row": 63, "col": 6, "demand_2027": 217.75618769222902}}, {"type": "Feature", "geometry": {"type": "Point", "coordinates": [77.48666666666666, 13.14]}, "properties": {"point_id": 4039, "row": 63, "col": 7, "demand_2027": 230.74034131330617}}, {"type": "Feature", "geometry": {"type": "Point", "coordinates": [77.49190476190476, 13.14]}, "properties": {"point_id": 4040, "row": 63, "col": 8, "demand_2027": 238.82800279722073}}, {"type": "Feature", "geometry": {"type": "Point", "coordinates": [77.49714285714286, 13.14]}, "properties": {"point_id": 4041, "row": 63, "col": 9, "demand_2027": 234.05633839603985}}, {"type": "Feature", "geometry": {"type": "Point", "coordinates": [77.50238095238096, 13.14]}, "properties": {"point_id": 4042, "row": 63, "col": 10, "demand_2027": 243.3522344414538}}, {"type": "Feature", "geometry": {"type": "Point", "coordinates": [77.50761904761904, 13.14]}, "properties": {"point_id": 4043, "row": 63, "col": 11, "demand_2027": 186.43469530998607}}, {"type": "Feature", "geometry": {"type": "Point", "coordinates": [77.51285714285714, 13.14]}, "properties": {"point_id": 4044, "row": 63, "col": 12, "demand_2027": 215.47683624394784}}, {"type": "Feature", "geometry": {"type": "Point", "coordinates": [77.51809523809524, 13.14]}, "properties": {"point_id": 4045, "row": 63, "col": 13, "demand_2027": 243.1962572460831}}, {"type": "Feature", "geometry": {"type": "Point", "coordinates": [77.52333333333334, 13.14]}, "properties": {"point_id": 4046, "row": 63, "col": 14, "demand_2027": 263.63826719802745}}, {"type": "Feature", "geometry": {"type": "Point", "coordinates": [77.52857142857142, 13.14]}, "properties": {"point_id": 4047, "row": 63, "col": 15, "demand_2027": 261.3117981242938}}, {"type": "Feature", "geometry": {"type": "Point", "coordinates": [77.53380952380952, 13.14]}, "properties": {"point_id": 4048, "row": 63, "col": 16, "demand_2027": 280.18678840121584}}, {"type": "Feature", "geometry": {"type": "Point", "coordinates": [77.53904761904762, 13.14]}, "properties": {"point_id": 4049, "row": 63, "col": 17, "demand_2027": 299.1204490572827}}, {"type": "Feature", "geometry": {"type": "Point", "coordinates": [77.54428571428572, 13.14]}, "properties": {"point_id": 4050, "row": 63, "col": 18, "demand_2027": 361.0897433485328}}, {"type": "Feature", "geometry": {"type": "Point", "coordinates": [77.5495238095238, 13.14]}, "properties": {"point_id": 4051, "row": 63, "col": 19, "demand_2027": 339.3391057078768}}, {"type": "Feature", "geometry": {"type": "Point", "coordinates": [77.5547619047619, 13.14]}, "properties": {"point_id": 4052, "row": 63, "col": 20, "demand_2027": 376.4208764545798}}, {"type": "Feature", "geometry": {"type": "Point", "coordinates": [77.56, 13.14]}, "properties": {"point_id": 4053, "row": 63, "col": 21, "demand_2027": 320.60451552580633}}, {"type": "Feature", "geometry": {"type": "Point", "coordinates": [77.5652380952381, 13.14]}, "properties": {"point_id": 4054, "row": 63, "col": 22, "demand_2027": 410.7442903001205}}, {"type": "Feature", "geometry": {"type": "Point", "coordinates": [77.5704761904762, 13.14]}, "properties": {"point_id": 4055, "row": 63, "col": 23, "demand_2027": 414.1478072262522}}, {"type": "Feature", "geometry": {"type": "Point", "coordinates": [77.57571428571428, 13.14]}, "properties": {"point_id": 4056, "row": 63, "col": 24, "demand_2027": 514.4113061573776}}, {"type": "Feature", "geometry": {"type": "Point", "coordinates": [77.58095238095238, 13.14]}, "properties": {"point_id": 4057, "row": 63, "col": 25, "demand_2027": 466.91868221502716}}, {"type": "Feature", "geometry": {"type": "Point", "coordinates": [77.58619047619048, 13.14]}, "properties": {"point_id": 4058, "row": 63, "col": 26, "demand_2027": 443.43292698103465}}, {"type": "Feature", "geometry": {"type": "Point", "coordinates": [77.59142857142858, 13.14]}, "properties": {"point_id": 4059, "row": 63, "col": 27, "demand_2027": 447.2711640304423}}, {"type": "Feature", "geometry": {"type": "Point", "coordinates": [77.59666666666666, 13.14]}, "properties": {"point_id": 4060, "row": 63, "col": 28, "demand_2027": 454.9876087090193}}, {"type": "Feature", "geometry": {"type": "Point", "coordinates": [77.60190476190476, 13.14]}, "properties": {"point_id": 4061, "row": 63, "col": 29, "demand_2027": 488.0795262513439}}, {"type": "Feature", "geometry": {"type": "Point", "coordinates": [77.60714285714286, 13.14]}, "properties": {"point_id": 4062, "row": 63, "col": 30, "demand_2027": 375.1805876265}}, {"type": "Feature", "geometry": {"type": "Point", "coordinates": [77.61238095238096, 13.14]}, "properties": {"point_id": 4063, "row": 63, "col": 31, "demand_2027": 376.55749269654444}}, {"type": "Feature", "geometry": {"type": "Point", "coordinates": [77.61761904761904, 13.14]}, "properties": {"point_id": 4064, "row": 63, "col": 32, "demand_2027": 425.03507274114526}}, {"type": "Feature", "geometry": {"type": "Point", "coordinates": [77.62285714285714, 13.14]}, "properties": {"point_id": 4065, "row": 63, "col": 33, "demand_2027": 417.99045625129395}}, {"type": "Feature", "geometry": {"type": "Point", "coordinates": [77.62809523809524, 13.14]}, "properties": {"point_id": 4066, "row": 63, "col": 34, "demand_2027": 324.263113055609}}, {"type": "Feature", "geometry": {"type": "Point", "coordinates": [77.63333333333334, 13.14]}, "properties": {"point_id": 4067, "row": 63, "col": 35, "demand_2027": 334.7701035420652}}, {"type": "Feature", "geometry": {"type": "Point", "coordinates": [77.63857142857142, 13.14]}, "properties": {"point_id": 4068, "row": 63, "col": 36, "demand_2027": 337.95793076793075}}, {"type": "Feature", "geometry": {"type": "Point", "coordinates": [77.64380952380952, 13.14]}, "properties": {"point_id": 4069, "row": 63, "col": 37, "demand_2027": 220.77807335291075}}, {"type": "Feature", "geometry": {"type": "Point", "coordinates": [77.64904761904762, 13.14]}, "properties": {"point_id": 4070, "row": 63, "col": 38, "demand_2027": 302.3767790120831}}, {"type": "Feature", "geometry": {"type": "Point", "coordinates": [77.65428571428572, 13.14]}, "properties": {"point_id": 4071, "row": 63, "col": 39, "demand_2027": 273.0812701305723}}, {"type": "Feature", "geometry": {"type": "Point", "coordinates": [77.6595238095238, 13.14]}, "properties": {"point_id": 4072, "row": 63, "col": 40, "demand_2027": 251.72326715562167}}, {"type": "Feature", "geometry": {"type": "Point", "coordinates": [77.6647619047619, 13.14]}, "properties": {"point_id": 4073, "row": 63, "col": 41, "demand_2027": 333.31636503932515}}, {"type": "Feature", "geometry": {"type": "Point", "coordinates": [77.67, 13.14]}, "properties": {"point_id": 4074, "row": 63, "col": 42, "demand_2027": 201.88360030239042}}, {"type": "Feature", "geometry": {"type": "Point", "coordinates": [77.6752380952381, 13.14]}, "properties": {"point_id": 4075, "row": 63, "col": 43, "demand_2027": 216.39640703505214}}, {"type": "Feature", "geometry": {"type": "Point", "coordinates": [77.6804761904762, 13.14]}, "properties": {"point_id": 4076, "row": 63, "col": 44, "demand_2027": 146.08293065100315}}, {"type": "Feature", "geometry": {"type": "Point", "coordinates": [77.68571428571428, 13.14]}, "properties": {"point_id": 4077, "row": 63, "col": 45, "demand_2027": 234.7439977886647}}, {"type": "Feature", "geometry": {"type": "Point", "coordinates": [77.69095238095238, 13.14]}, "properties": {"point_id": 4078, "row": 63, "col": 46, "demand_2027": 222.29552157112067}}, {"type": "Feature", "geometry": {"type": "Point", "coordinates": [77.69619047619048, 13.14]}, "properties": {"point_id": 4079, "row": 63, "col": 47, "demand_2027": 221.43809348971908}}, {"type": "Feature", "geometry": {"type": "Point", "coordinates": [77.70142857142858, 13.14]}, "properties": {"point_id": 4080, "row": 63, "col": 48, "demand_2027": 274.56485777733985}}, {"type": "Feature", "geometry": {"type": "Point", "coordinates": [77.70666666666666, 13.14]}, "properties": {"point_id": 4081, "row": 63, "col": 49, "demand_2027": 263.1392782038794}}, {"type": "Feature", "geometry": {"type": "Point", "coordinates": [77.71190476190476, 13.14]}, "properties": {"point_id": 4082, "row": 63, "col": 50, "demand_2027": 215.8393790806183}}, {"type": "Feature", "geometry": {"type": "Point", "coordinates": [77.71714285714286, 13.14]}, "properties": {"point_id": 4083, "row": 63, "col": 51, "demand_2027": 237.69356406729793}}, {"type": "Feature", "geometry": {"type": "Point", "coordinates": [77.72238095238096, 13.14]}, "properties": {"point_id": 4084, "row": 63, "col": 52, "demand_2027": 269.43218584227805}}, {"type": "Feature", "geometry": {"type": "Point", "coordinates": [77.72761904761904, 13.14]}, "properties": {"point_id": 4085, "row": 63, "col": 53, "demand_2027": 227.9239327865693}}, {"type": "Feature", "geometry": {"type": "Point", "coordinates": [77.73285714285714, 13.14]}, "properties": {"point_id": 4086, "row": 63, "col": 54, "demand_2027": 205.92414724930092}}, {"type": "Feature", "geometry": {"type": "Point", "coordinates": [77.73809523809524, 13.14]}, "properties": {"point_id": 4087, "row": 63, "col": 55, "demand_2027": 163.5217912215102}}, {"type": "Feature", "geometry": {"type": "Point", "coordinates": [77.74333333333334, 13.14]}, "properties": {"point_id": 4088, "row": 63, "col": 56, "demand_2027": 222.3613162536887}}, {"type": "Feature", "geometry": {"type": "Point", "coordinates": [77.74857142857142, 13.14]}, "properties": {"point_id": 4089, "row": 63, "col": 57, "demand_2027": 254.0961812272225}}, {"type": "Feature", "geometry": {"type": "Point", "coordinates": [77.75380952380952, 13.14]}, "properties": {"point_id": 4090, "row": 63, "col": 58, "demand_2027": 315.7916627426795}}, {"type": "Feature", "geometry": {"type": "Point", "coordinates": [77.75904761904762, 13.14]}, "properties": {"point_id": 4091, "row": 63, "col": 59, "demand_2027": 217.42000558446352}}, {"type": "Feature", "geometry": {"type": "Point", "coordinates": [77.76428571428572, 13.14]}, "properties": {"point_id": 4092, "row": 63, "col": 60, "demand_2027": 199.19316675064667}}, {"type": "Feature", "geometry": {"type": "Point", "coordinates": [77.7695238095238, 13.14]}, "properties": {"point_id": 4093, "row": 63, "col": 61, "demand_2027": 178.06057120861385}}, {"type": "Feature", "geometry": {"type": "Point", "coordinates": [77.7747619047619, 13.14]}, "properties": {"point_id": 4094, "row": 63, "col": 62, "demand_2027": 255.93955658455332}}, {"type": "Feature", "geometry": {"type": "Point", "coordinates": [77.78, 13.14]}, "properties": {"point_id": 4095, "row": 63, "col": 63, "demand_2027": 173.36047843324468}}]}