point_id,demand_2027,demand_2028,forecast_error_std
0,272.4388305918222,304.8659728992938,9.47864072978932
1,216.7277112582909,241.9849451621895,3.498374412376546
2,287.8903021512813,321.47563767433127,9.627293044201899
3,309.15178445436266,345.98826515725045,9.70706380397757
4,175.70755909116988,195.70964617762024,7.689590627704977
5,198.3212859229737,221.28015238600958,4.22819001315071
6,245.2724334201612,274.1640302399792,7.673326080993499
7,266.4839606165922,297.49820940491014,6.360146543412248
8,259.3623204711903,289.96172668463095,3.248500168671567
9,230.4942526980661,257.29579069860995,4.673956565583681
10,300.9990114186845,337.26772031940266,5.850469899886334
11,299.4260633763336,334.36794611070644,12.19137627992851
12,277.84738292551054,310.4043608982162,9.19205175615925
13,308.49626828561026,344.94192869285513,9.28979437068689
14,306.9076654731734,343.58472522662134,14.92913164042855
15,222.00694478958016,247.6336248306888,7.569060210593128
16,293.332244217539,328.29548329992843,7.097895439869476
17,249.93886429909526,279.37756877839,6.3067961338675405
18,322.8968489659856,361.22509277536926,3.5769526970699177
19,301.1065997455033,336.4018954445621,10.6777934973871
20,310.3431490624586,346.3642396137085,5.4842290930863165
21,304.17980583964646,339.36759808388365,6.111357686554221
22,452.2190319078348,506.15740549753167,15.640333773983276
23,374.9150365437815,419.55762913175477,12.620448817854824
24,395.56792121416396,442.6484367246918,13.079826918755733
25,447.57786636013964,499.7133160357356,8.505865141069707
26,553.132115708463,618.9777700042905,16.189703985412326
27,627.0113284256988,701.0650049421411,11.226959410972526
28,669.2273265698235,747.2542939473269,14.498121027262627
29,731.7361436164374,818.1101068456604,15.827308414877628
30,1019.404440535909,1139.6078198254381,31.03101956452189
31,751.0669635977788,839.1309916329706,26.63783804958238
32,800.4863152019637,894.2642634619559,24.27895905875135
33,802.7331129028236,896.9938060373321,13.679414507973831
34,1032.9914625161207,1152.6722153491992,19.657230119344792
35,1259.4634264634353,1411.3817793990358,39.88566790191936
36,1019.4492780055701,1137.9641998355528,22.96406054511853
37,989.8461867250036,1105.7334707362884,16.832408157806594
38,984.6717766074272,1100.7424101680886,13.945574749404042
39,1242.8925444349932,1389.8512047125264,40.049932719832384
40,1331.3979396659674,1487.667549046619,29.272440841614184
41,1285.1628484536868,1436.7964277611761,31.97315209989148
42,1019.5080734505063,1140.0609819862857,19.02082379773064
43,1122.3626307335073,1253.3384787924463,46.293103654696246
44,1166.411075178229,1304.8582235222843,24.710702409602497
45,1040.2317687629868,1158.0182577474689,44.23185912688364
46,1086.6100585345946,1214.207260571817,19.50453107032247
47,963.9562318721643,1077.7782587673896,39.70726893777867
48,889.1594571231063,991.479262162656,28.7860097726714
49,818.4075784528261,916.749770375029,17.5910756207781
50,779.9604260811597,871.7278607700636,19.787460825573604
51,756.7082666062176,845.0176744223463,26.962560765328238
52,479.1249242655075,535.21810369298,3.84033093072794
53,525.5759296971855,588.3364466919147,9.20913030396609
54,477.9427030608848,534.1548792929591,12.668535969111344
55,432.77316966261236,482.9996890919307,9.444785909339798
56,420.6140751595205,470.1284542582236,10.458052148757554
57,477.8311779610441,534.4917089870887,8.29207845199718
58,305.3314704612749,341.4701089746788,1.8302246021724793
59,378.54894588495813,423.39826524143837,8.286337550516533
60,237.82956905776913,265.6942587848507,5.3151719032555
61,280.84937919130977,313.4176157917154,5.119675110642575
62,294.7023514267664,329.1601766414767,3.8753899639426477
63,292.33557322101626,326.5218456804751,10.291590447684067
64,297.8477065312967,333.67857777620486,11.815329003150763
65,297.05156136424296,332.79511176098623,8.086247406541226
66,248.19034405003634,277.06325582237235,6.371711694071777
67,238.932978626565,267.3797542739387,10.46044540325253
68,325.7953253690548,364.49772001570267,10.088325419796394
69,250.95571607945098,279.9535845106127,6.951886509698811
70,207.06473837521116,231.2953549548629,7.729207950534175
71,236.66653001423086,265.1074431535288,7.7069762260999575
72,231.52111495544904,258.6678071258503,4.869534163171015
73,288.74405002849926,322.5755018455858,13.409048239497652
74,268.99964044473666,299.8987909452493,5.16130921634806
75,303.40021583343525,338.78516868821555,6.046943621975184
76,261.0813209763176,291.8654968142678,3.44246786646389
77,279.2524738175655,312.28191494715503,4.389988646476283
78,284.76938814360085,318.53292146579224,8.763333188796162
79,258.5989013130817,288.8811320802018,15.967893096569387
80,310.7988172474176,347.4228696659175,4.128626413799111
81,271.51102219909995,303.34779591327026,6.509174177223658
82,284.42107875153715,318.8071529578636,4.760362096726397
83,302.8819255832038,339.0044855249832,12.791017787682812
84,275.4043028316442,307.06401324400275,5.76562507197641
85,365.4931640086159,408.2056046717421,4.855572032885391
86,350.9288153519428,392.89413039550845,12.206041795924603
87,428.688888991716,478.101294769874,6.452218371237676
88,489.63212960071246,547.3497998535754,8.522378812020671
89,479.83073134957556,535.0060706579627,15.304792147288769
90,613.0993549978922,685.0696163295826,14.793986633479449
91,596.7788170943202,667.3133745216878,18.118276214706828
92,608.1500270511287,679.8735045473933,19.575509014563476
93,740.3899702196244,826.248672647229,30.856139148448946
94,592.7007353500596,660.8565649562598,9.643094513886648
95,699.0545187735883,779.9532436637699,22.589893790933697
96,703.5327200185088,784.5941530585773,26.842027746857436
97,842.8871996805847,943.5271860982713,11.562564291872576
98,1130.152561897433,1260.7700357867143,69.41317368855361
99,937.3719487919349,1047.6903960553918,20.373721979995015
100,1112.5890255949898,1243.4086301613413,28.736951485418384
101,1355.2629480863156,1516.1547819792388,50.24214520914058
102,1120.7819273508378,1255.1259681576448,40.56911592721527
103,1354.6410257914285,1512.964707433978,45.235716779045255
104,1012.5179885545001,1132.0409770687772,41.670296557067104
105,1214.6891419024341,1360.6782294366394,36.79844716997571
106,1062.8213280976781,1186.831117178945,18.04599122986821
107,1130.9207936267894,1260.5528225051073,21.395938523545105
108,1314.4404296750477,1468.6708363961102,56.081684354664944
109,801.6802675416386,895.5481376253775,11.090012295888918
110,1074.8828296523475,1201.8537430223826,15.826196785609902
111,1033.3478457206984,1153.6410511029862,27.987936356988794
112,839.7999076555482,937.4061254178215,16.57314527321013
113,654.7909015113909,731.7884862792444,18.97150566454703
114,768.0098775964171,858.1945360305473,17.884025583342932
115,645.0683160151564,719.4013008064577,27.017804845367408
116,659.9255168316544,736.7787940542771,13.506671429481496
117,562.5878561328698,628.5427850159272,13.74113184916423
118,695.5169324738271,778.3076182995794,9.826841186362238
119,486.4318010412484,543.249494673401,11.417310518531206
120,367.11280242910124,409.1227612456315,10.592525849126694
121,441.8257972562231,494.2350597328687,10.049637464491758
122,386.2747081498869,431.3153319385167,9.59449330389469
123,447.4818524395156,501.1809194692919,16.83473762487201
124,370.8450194555101,414.28418333877954,5.421719634015949
125,323.1730727829275,361.23533208038884,11.24677055515199
126,339.50908134296526,378.2289088513279,5.547226217937677
127,220.70680769333907,247.05481933122388,5.5721035173027476
128,245.46764534571912,274.72191248699767,4.42041713985722
129,235.5464294215481,263.1088128680882,9.472327748818852
130,254.04440893988112,283.6622353955833,4.108453986570282
131,217.56630776193663,242.33113996611286,4.262580522624012
132,301.7209598635781,337.71624652646983,10.238847711432243
133,285.9432901451524,319.63896246342506,10.582954598084468
134,218.82663637877312,243.7706042227399,5.130434296917491
135,257.34988936931416,287.66502108283083,7.919492067038756
136,307.2067201076857,343.979019883933,4.404258520298157
137,330.69895571748043,369.5493647895677,7.527183074610398
138,382.1539626439614,427.3219719869466,11.051335347182208
139,421.19751916209975,471.3514187140954,9.161516302644447
140,299.2676527498884,334.2855615600578,12.720260247765498
141,226.54913878342887,252.7043802966657,10.423593106252275
142,188.86710050724764,210.7173173128971,2.2113937109235113
143,288.1907636284608,321.4677332260302,8.60545997023691
144,260.240565162676,290.88669800742855,12.858044923729047
145,275.9204298421758,308.62490848838456,5.625326024946045
146,279.899030501897,313.0627953033757,3.934892675450174
147,295.4729765287275,330.0078941306073,9.621686110715585
148,394.25983129900044,440.6096510807854,3.7995055571821084
149,381.18107064081335,426.4112513454473,7.625866876749786
150,405.7966601989578,454.1888568668634,7.356368433506223
151,365.49782029190123,408.0798545707166,6.008951756374502
152,340.41076692706713,380.6041673009861,10.107677200209855
153,493.6409425670199,550.7106362602866,13.302927323345072
154,582.1932366702504,651.4901493568045,17.839145809047356
155,784.5126546403742,877.5258956933839,31.93606682238178
156,725.0060056942198,809.4225383379191,32.165768961718264
157,866.5858151049916,970.0825761099082,18.690775534707058
158,743.8012951134854,831.8580533557918,17.64494909392164
159,728.9955307285808,812.849016219577,26.68816719760307
160,783.3753007805777,877.0650762608229,31.09948478565551
161,1029.6310340599268,1151.328296506639,36.13370473850542
162,1477.7390556089097,1649.874360493803,31.273215864244587
163,1000.0262721626185,1117.108145848352,32.61578418351322
164,1509.2516450420192,1689.2486247670804,54.22594638920083
165,1093.6318856931096,1221.107860694918,22.059388185219134
166,1533.2398248845066,1715.3914960765323,34.81558859835773
167,1410.1808730961063,1574.9988895607637,14.32400487450709
168,1298.6122782659293,1452.9099054270637,30.40449018809385
169,1292.6742127053872,1445.4441477372786,32.23109313533956
170,1159.073541375543,1296.1840043964792,11.852975265146302
171,1370.1523538791287,1532.7590143387572,29.879056209491743
172,1113.1079876552487,1241.6772011095964,36.77597069137526
173,924.2595401395397,1031.7463816842067,31.08727680507515
174,822.1551602996715,919.1310980717232,29.63321843208669
175,1014.5252292052788,1134.5120001755474,34.0414430428462
176,1211.0276483403136,1354.4658460209682,8.536327820538647
177,893.020810774304,996.146704300941,22.79418307454787
178,798.5057088480227,892.2478383090455,18.022195532540067
179,716.6968467106856,800.130757992861,40.25595767204323
180,797.8124250294344,891.5270153087885,23.533213767782115
181,584.9356951815215,653.8998909127589,23.231841367327153
182,492.7096343567048,550.278459598854,15.658011023518807
183,597.1356776585912,668.409772551442,11.172504668873787
184,506.84567733930095,566.0618437781407,9.786040055886032
185,508.9640880514931,570.5877541224005,8.935622916658517
186,413.62019103137027,462.27174250197686,4.720366977175076
187,288.6309088553814,322.9960608862428,6.784585988391865
188,260.6495713632701,291.07785775925504,5.21461405478194
189,387.0203690535286,432.17416441833035,7.612046528490475
190,377.0321181701792,422.082992333601,6.853194026842516
191,267.3744133095445,299.06470983800995,9.728394767182111
192,256.565744705517,286.947048270843,5.414046980229809
193,343.1930263302311,383.68446223892397,6.768208331080086
194,227.91791933209697,254.453848760193,8.234559505348246
195,238.74164196853746,267.0458475029871,8.876042138661493
196,306.8426707392819,342.72906023861964,14.832455303493592
197,280.25097740584056,312.7195597939829,6.088773369596257
198,290.9539774507407,324.8732060277284,4.979165810565696
199,280.9476923577973,313.34458332387516,7.066485944202076
200,318.1405771423012,355.86328342758213,11.729931714925673
201,366.36208076892854,409.8351052657344,8.742799232234503
202,279.5099137657182,311.5465670600216,7.361292973100549
203,320.20344611413634,358.10418872618106,10.855409707596914
204,210.25671488865996,235.23682085315386,5.247265308921471
205,301.65138140295693,337.104155624749,8.4013091558333
206,265.0859189495097,296.49571731015317,6.413650198555962
207,231.37498745538042,258.3927828052154,4.361078565238977
208,251.78840053668222,281.0607076216858,5.003904441513009
209,308.32767991700945,344.7682355446271,6.720550137920158
210,360.1953067909696,402.04741516136636,19.104809495735402
211,255.70660284299393,284.40605993086615,7.974430074265056
212,362.4603445364553,405.0652566879486,6.39907436377893
213,363.44485183086846,407.3884927451864,6.890363718692094
214,397.91188608910437,444.50814345086786,7.899141784005409
215,511.2897113942388,571.0197351476967,9.547159493820622
216,552.9998147171036,618.9318267017179,10.681336186955615
217,663.5073013140795,741.9662131076184,9.43456611573124
218,597.9840381792092,669.057875631721,20.997637375356412
219,607.1103011213827,678.9876896877938,11.028392403444542
220,728.65163309108,814.4116188851527,14.17420970944103
221,850.5912955986571,951.2392029370974,11.012377472032322
222,853.7692216876119,954.6148842338529,22.521549360780984
223,796.5354509175235,885.4096972737468,30.68831140469835
224,996.4929591124353,1113.380560574436,37.717654222076504
225,1152.157126569013,1288.2005406125513,17.668377952187562
226,1719.247070729367,1927.237692528668,48.01722158069177
227,1572.570739859101,1758.7391704159386,35.404212983770776
228,1112.5185010938192,1243.8550763054113,41.43311253450614
229,1272.5201084820235,1421.9534289398061,19.544796170648567
230,1090.138109963419,1215.5475418323404,23.152408282443158
231,1242.260768134384,1385.798210475032,45.536348899595104
232,1495.0929546816578,1671.6063732027449,20.247134673976138
233,1623.5247972933282,1818.8643854399224,30.276399700741585
234,1181.2309409643317,1315.1067359724263,37.86255997998669
235,1168.667021457311,1308.2924945932664,28.909381564570264
236,865.7397941334758,965.1326567400827,24.059611007097455
237,1207.5730215764213,1348.209792241119,25.190813316275346
238,983.2640776683197,1098.1008125687536,34.75471861692785
239,961.9277851540576,1075.1418356331178,16.85305936955867
240,881.3600236334123,984.9157728245849,21.5224089495962
241,895.0947791483428,1000.0946890485895,18.98183283586462
242,636.3151014345616,710.7682471681687,15.66620897483048
243,609.2622192290135,680.8347901152189,13.161963832863293
244,890.3401611381206,996.5033739227069,18.93551242113081
245,519.9115030853303,579.3323644646648,14.47944193481716
246,475.5127374139101,531.0622276032144,8.134883909869183
247,675.0813732766427,755.4176129589488,16.138195972549507
248,647.3929344472534,723.2055628369075,25.081540058692102
249,352.45276326052846,393.29860436617116,8.38364602150133
250,378.08697635193295,422.89622458523445,4.987731886754208
251,385.84618745307307,432.35540792931465,7.428139000348643
252,436.25448824394033,487.7955072853708,11.64476984795268
253,273.76779889851053,305.9629882963239,5.6793547483490405
254,309.02619745085303,345.99930264331283,6.058839981434304
255,316.4381195118848,354.1697613878155,7.240965192354982
256,286.600978112707,319.89702515440683,10.64969258826358
257,272.134871655558,304.50965622809554,5.616371821398589
258,298.0109993158955,333.6140705775166,7.842792481417396
259,232.60095259878673,259.7727284706615,12.181027577935735
260,299.28815275737173,334.08116926568204,8.377534869381458
261,306.3627184579148,342.7839836148535,5.230948911301894
262,308.00340952296017,344.00921079213947,10.520155885528485
263,298.1611467310777,332.375976490687,5.578785682995389
264,338.24593883126005,377.73082704844734,9.904539007278178
265,363.2134681461078,406.21691254717643,11.920268908258215
266,342.1276075344422,382.89916571513555,11.994901975972438
267,324.0299032041912,362.3378918556633,8.053762576386916
268,314.8553256085225,352.8011665956785,4.660597090652894
269,341.7406743163319,382.26854352701116,14.475259966930157
270,277.18293417909945,309.3125367187052,10.629694307828661
271,319.7187113353074,357.53351196590586,4.725813512043878
272,318.64374082476695,356.246277262534,7.361449932933764
273,434.84571169700337,486.12738440441115,9.004810857517045
274,410.49277543253874,459.74150038508174,10.751193207481474
275,369.8441648261738,413.34462151119135,9.338676912086104
276,341.72625855068355,382.7924421389087,12.702941080577924
277,349.1003282174118,389.5718404689328,5.811178840567118
278,520.1408879543341,581.1202390777123,8.78500375419512
279,495.62918734238156,555.6178564502893,21.664734794321745
280,534.4950914954015,597.904362814894,10.21080262757254
281,418.7806997847283,467.8917683348756,6.747388284987562
282,713.8509065791902,798.3624670922001,11.354135300674642
283,738.0517793151596,826.3105483197968,14.196284057046778
284,617.084484035481,686.958061334933,18.020770350449897
285,849.1322075078763,950.2196333601695,17.84060995299817
286,1007.2692095078064,1125.8316676882505,19.190443807595624
287,1015.8593310146325,1136.765058267064,21.37881083385146
288,1030.6410160786402,1150.4853311758366,19.116506501029843
289,1122.3352689743917,1255.9060504313536,22.692411944477794
290,1171.6868437684745,1309.2525783982599,36.84568963873614
291,1331.4362936486161,1487.963219979845,30.906503147716187
292,1607.6037057860783,1798.835935424457,47.52258442678774
293,867.9948216267471,966.1429415614422,15.808400090032258
294,1312.0604305178615,1464.0710917420408,29.67238641213756
295,1510.02130526561,1685.9722944982902,24.645799431890925
296,1480.2333854090534,1656.0204807022642,46.18758450884938
297,1442.3161064624496,1613.6359868844618,39.85094794724304
298,1004.9364280689292,1123.145595076505,26.379870506958163
299,1415.663582288364,1580.7186823285247,28.427829305255198
300,1664.413753802798,1861.4443157413896,45.87493006133441
301,964.3614291465345,1077.7661046863973,25.75351000566142
302,1431.6021134849673,1603.1451429706851,26.438913235901122
303,1071.7365561667323,1199.017597383877,29.88279094540158
304,1002.657303246971,1119.8004909061485,25.438674872964572
305,842.7661588229535,942.6341774952043,18.369154174824065
306,870.4351001308964,974.2634422842108,22.723091668535954
307,969.9238059880665,1082.912900912098,23.52549762522196
308,809.7299985423024,904.7100615086098,24.181507067779535
309,852.5964291265789,952.6474841380659,17.418266771287488
310,708.2854062555347,792.2160588239514,15.346614045952325
311,569.8177617831868,636.9252581475172,21.655194959546737
312,621.8307602874486,694.8023554858701,20.015471475275827
313,472.5045181945625,528.8130349410933,14.567012039207299
314,475.1550105886542,530.4471906372462,8.875070961009675
315,357.1017325313242,398.99366250445894,6.833764598776111
316,340.2218156147961,379.65153855556025,8.698407266930309
317,308.90079133687885,345.92986458408694,8.752258772150801
318,355.0209228720419,396.708006341531,10.082608860118563
319,233.6005602077507,261.27975842097186,7.63559454261812
320,361.34751446410354,404.14984368740477,9.687822637257002
321,298.6406471161594,333.41331050926823,6.0089908999078485
322,364.3948203935504,407.2762342387794,7.362168836316584
323,373.9470576094629,417.6878204640186,5.0464372593077345
324,443.2466946099794,495.72578989570684,12.258605413739788
325,387.47112696407225,433.1691849052979,8.382666096389352
326,249.36743147604452,279.00709088301255,4.730941476009129
327,313.0065225405287,349.43133498237665,11.81270294658292
328,271.3032769812841,303.18408262823374,12.090162461030173
329,330.3242624336163,369.1757028946916,13.77415095818251
330,421.389781301682,471.6694313419675,11.259564778637827
331,369.81743011999583,414.5165320596849,14.206694626402996
332,297.96155780060064,332.8577797785048,7.362142442109301
333,283.0422532580714,316.9660173361579,6.486793013057364
334,344.501965502608,385.3811155354102,5.975434943234065
335,256.5440260380679,286.90104889851057,4.161142587815799
336,298.2554674108669,332.74708046959387,5.6451394092601515
337,356.92801386730497,399.06300416387086,6.042209618406729
338,419.06076296930064,467.49782948896063,17.020486963308272
339,410.9652567378377,459.24410045143424,9.863977229259664
340,244.327618681231,272.7223060635239,4.715190172747499
341,456.44639029101575,509.9406201588844,16.68110657738747
342,459.4948073980579,514.5762777801338,10.948976450138098
343,518.3048123663908,579.8673686725004,15.757966105795594
344,668.0322145827774,746.6985433857628,9.230831191472685
345,372.8408135415914,416.88049127657536,13.684961594198858
346,566.8165709276759,632.8725467277103,22.923986177891262
347,808.6329810268553,905.3480508529168,14.98660175426793
348,605.3108509063608,676.008478279524,17.008481192838598
349,1083.5388024403264,1213.376422804068,23.610626348699476
350,989.0279634287796,1103.6666426142897,29.33560865988029
351,1197.2558113994771,1338.4834105416337,30.031320487016373
352,1015.2431357205484,1131.9428389488735,14.222325746978395
353,1360.5897288258093,1520.292496936184,31.822658189886937
354,1477.852759473944,1654.4741053203004,46.99358788787734
355,1467.8261272487523,1641.9734905400874,67.09819056724375
356,1516.7129748611835,1697.5297270606702,24.06033904390575
357,1552.5909733907017,1735.4240629055053,38.58711628307959
358,1381.0100579942332,1544.5834416615326,33.14063243819009
359,1610.8159323575226,1798.4122360413353,31.11083983387719
360,1466.0608052122902,1638.4604020957167,48.94063740913858
361,1624.0777782515856,1816.98561565795,41.02069846618921
362,1744.477364492727,1951.593230661417,33.655823487099305
363,1222.8048430519423,1365.331515584738,16.452877771054254
364,1343.0275934716344,1499.4657227418313,23.62518968449804
365,1650.2385136755438,1844.8476192072496,38.163849238533246
366,1108.5395276962577,1235.9883313364173,37.342586823884375
367,1064.4032626288074,1190.2379288830573,22.015390042936424
368,1170.519619766943,1307.6453490211754,25.131988606825885
369,1154.8029576092135,1290.7295502071647,26.746415693931915
370,1007.9267935507087,1128.7268941645943,28.800073686473905
371,1027.4699933800255,1149.2665959121477,20.942644620771556
372,876.8586249070815,977.2077043218322,21.738533936651088
373,863.1316869566764,967.2120967895728,39.903816637149156
374,738.0496961194369,825.7740566843315,24.52873886130715
375,789.9344935770876,884.1555988269198,13.850154806719267
376,521.2363776400699,581.8408309800218,5.886568475651681
377,331.09657674069376,368.82516989241407,6.306067299042473
378,560.1481769598319,627.1603405387776,9.13363222238254
379,379.91578985236566,424.3966234808763,8.586719208720133
380,400.4276947057041,447.57712596348364,12.658251091351186
381,403.67235933013876,451.46955224388796,7.675611742512849
382,250.42935334531504,279.37166467089395,5.015668904035612
383,242.1764601342267,270.16647521321363,10.47473877830948
384,235.2766350370676,262.4998351685254,13.634940150618315
385,279.9701547382817,312.39022150863457,12.18130024841379
386,343.0339585131421,382.7025184823605,9.06246124676054
387,381.68550552428474,426.5810508560349,10.410769366108699
388,355.52104496319424,397.14022360117133,3.5820072294605496
389,256.2599063961596,285.84154112547367,6.612601984478668
390,245.03241385738946,273.07163645391864,4.589682624127327
391,365.84014005435426,409.18283896851756,7.06981017772086
392,341.76811438359505,381.7544932877306,4.981044236477225
393,381.6820759886154,426.50734547717707,18.362044043176507
394,400.77534969904394,447.29893510547817,7.852533943171724
395,360.1243198341686,403.10393324336667,6.764712305739588
396,408.82953674333794,457.57833461506806,16.489803426211655
397,336.5935330671333,375.82317422715516,12.070219173011278
398,364.3678984266842,407.2250474567149,6.69248087794845
399,312.2349001809105,349.4193787834663,5.642973447578717
400,333.74000848364506,372.81043560935814,6.845448075992408
401,370.9029338348645,415.7575822599896,4.481851263462744
402,404.3224872838865,451.92323121799296,11.170816479163046
403,372.95446716485105,417.40316464719655,11.804623547878913
404,444.4978411383825,497.70343269240374,9.562525516780799
405,432.31654658770884,482.82452136376907,6.976079030045679
406,472.66193455233247,528.8812835367147,10.380593849185244
407,609.8462858029282,681.548216274954,7.8149719845643855
408,383.25452377060736,428.2739140943628,9.685823748163902
409,510.856002161758,569.7464884622052,19.769918159130214
410,542.4833488025988,605.4500745359067,11.316585486916779
411,483.264649528922,539.7541199309535,19.737337578178238
412,735.4880624720935,822.2327650144431,22.103361591523385
413,1075.8992654288345,1202.9050620707978,11.64273801449017
414,922.033173878243,1030.1370299269247,30.871679005457626
415,1166.0991024055288,1304.2449719729152,28.465138610530442
416,1482.2779931863934,1657.8874340291204,49.15600731426711
417,1538.811755475331,1721.8038879484095,50.36180537233832
418,1422.8476735873273,1591.4679678707823,38.37839968375838
419,1758.2750163826522,1963.4918317168222,42.100626493937746
420,1540.4821942838291,1721.5586790589166,41.25893498343952
421,1275.9609692997938,1424.0018504975817,34.04540129654696
422,1448.3797819340264,1619.2710324672164,17.089494864937915
423,1247.7258999950734,1397.5835374271308,39.51054872731663
424,1461.3587934961422,1635.9166504777506,33.547323810436176
425,1601.0637515749372,1789.898709212837,37.328865624896984
426,1764.040476417724,1973.1896298305141,40.930064043548484
427,1927.744985866724,2155.353459465401,49.28693655249271
428,1208.1176834547718,1348.0829033784914,39.875749343366756
429,1457.9732638199105,1631.720905361584,35.71312939791474
430,1065.0106078400127,1188.8707303614588,46.55596355762826
431,1306.5403313747697,1459.5768666002311,44.742863367768116
432,1174.296308956469,1314.1614574763835,26.198635146748824
433,777.0889549775624,865.37934039597,28.037762323662694
434,1154.6306746898767,1289.7435031660882,37.01812772598336
435,848.376672906029,947.9969538379078,25.533940746215077
436,780.6206329641745,871.1890007106081,27.778479575542978
437,640.4409042250473,717.0956680312381,7.540832931624178
438,602.9493142877454,673.4632720915266,21.344283523824426
439,675.1049332577101,754.9006504637197,13.933231390403213
440,562.7076968546779,629.5438887619141,11.42860243129748
441,531.6067149731596,594.3294953624943,12.64679767043893
442,483.0724482924201,540.3099567049732,8.298119520945564
443,524.1070021318247,586.2770576397085,15.64006705247006
444,371.73496190778496,415.02550144616094,8.328066096850007
445,284.52306671235675,317.6269187137836,4.668677514044798
446,367.6481716594245,411.07759520933485,11.119399238969097
447,309.24657517261636,345.88989274306607,6.4307870275529
448,401.51760697225427,449.20044933011394,6.994307135008273
449,362.32060310647086,405.01489373305327,10.504230267015473
450,327.50696529463266,366.79916388326944,9.606837036506814
451,382.257497647728,426.1619778654441,11.314416325269178
452,480.02468918360194,536.7750648549224,12.278744637683916
453,513.1064535859675,573.792019970927,16.34471640031102
454,404.36212546552787,451.8873668540419,8.630211492557311
455,425.41839110140216,476.15074211377714,10.036091534404783
456,443.9290666839824,496.788551996625,13.874862576937229
457,330.6879857547849,369.0350567021045,9.226473681955367
458,406.5310453039994,453.63783702814254,8.336810333204513
459,376.19810849231334,419.4734520350396,7.629509328492348
460,402.98135620863883,450.6030005353727,15.067962144331174
461,325.6421431231588,363.8694239165954,8.987892529033228
462,286.89918893665083,320.13101056932226,4.236488122446957
463,251.44154927111995,281.291059472198,6.1498116214209215
464,314.3185372986661,350.7213689366008,10.935668930071532
465,353.81663368974955,395.6852353350928,7.856892316055245
466,370.5888319338396,413.97195477457603,6.753077761476453
467,541.2377914525591,605.750821200195,10.167674729448867
468,496.0626325073773,554.5642178464612,8.191243146276161
469,397.9040299337846,444.81003531806806,13.975271968816639
470,548.0274049393972,614.6447410972863,20.747367052228153
471,500.8924467159239,559.4939333867978,9.524563611160268
472,599.4871406389922,669.4738784704119,24.89078476260492
473,682.853657353407,762.9136518032421,12.924761365152113
474,744.4685398782456,830.7870376294934,29.72789958916338
475,753.1405204370787,839.6596440598272,12.456952120639292
476,1037.7412698814385,1159.1061469172264,27.791823903844744
477,793.0958358763274,884.3298643542852,26.799418998618176
478,1070.0466193329075,1195.5761020949687,37.045723538199745
479,1628.4068912753903,1820.9979962695406,32.584245989958475
480,1227.8834505679877,1372.1641248568808,50.40079356632573
481,1639.1924227501252,1836.901293304069,18.813947622374286
482,1455.9857508053974,1628.03546681781,42.22565525462395
483,1741.7311334219073,1948.5219220379581,66.63886070148978
484,1568.000220454103,1752.803964090122,26.799178683111776
485,1615.1435892768943,1804.4236409183711,22.156712730367797
486,1457.0582572096018,1628.7940987268296,36.42781482320034
487,1850.1593771181049,2066.3975685127302,62.64343925769021
488,1591.737477691144,1781.7157910709075,93.01560186585974
489,1869.1425694475283,2088.6032851194477,26.736944174340426
490,1974.3546982353596,2206.9332604495885,18.304990114787813
491,1763.4265235978667,1970.0580112228702,50.01324518800875
492,1419.3752915713576,1587.6544060269803,45.099078711343125
493,1541.2984558883502,1723.9154907346542,17.88405744768293
494,1403.1756103304158,1569.5805322289962,46.96853626740114
495,1601.2291071440598,1788.704213738404,19.556795391130713
496,850.1109352249,948.024338579694,10.731772018269833
497,1051.8348551032832,1175.3370498504578,27.70815024042215
498,715.8314727948385,797.7028618451742,24.170683274836602
499,751.1455686343353,838.1512477749453,21.664027611597966
500,1039.8611461177534,1163.0123574505662,22.025215079965903
501,927.9277718670256,1037.6178914761942,17.39020013540525
502,640.6763554116602,714.5940298863901,17.03174852918853
503,516.6539202341546,575.4205401089828,11.695140208784812
504,318.6586011676549,354.2795723342372,13.048302745373823
505,489.39203055583965,546.6276133480839,9.541394240068291
506,660.0582374740889,738.033802069276,14.439987943152298
507,463.10364753273353,517.3006394556847,9.608813227430426
508,341.63044421024284,380.74170328694487,25.208414943229144
509,409.40898513771896,457.5298838091716,10.105382687482662
510,272.99088861099955,305.3284402462402,6.548510808635585
511,327.0547954293458,365.0921410973487,11.484253398992358
512,343.9609790559233,384.9758088841301,4.479365864770132
513,369.1089380501834,412.9657102739161,6.621568925669004
514,431.4345270370976,482.343427599348,11.973956360827795
515,417.4923423594188,465.5613399934272,5.823895023339176
516,448.3939522243066,501.8551303683814,9.447770511462833
517,363.69572210013246,406.61794650638956,4.311766543792515
518,456.79694992254724,510.6970852467892,9.93289062455093
519,502.4618123124481,560.9525506277923,16.375142024803466
520,349.4976482919836,391.6778587554785,11.886205174436684
521,352.6943809670507,394.29963177213637,4.377543378028455
522,482.7637974810359,538.4415037226639,12.335356683282468
523,384.3090133210191,429.2111416533006,5.70727346942674
524,470.77729742989953,526.7901010675648,4.2333426710231254
525,363.46461501687503,406.05823287618273,6.070939495990678
526,489.8837196156542,548.1101882391384,13.935469618721998
527,399.3626235251528,446.08848134988733,9.712884612437975
528,398.35439520883585,443.9052340382874,17.161187579232063
529,505.6994252442696,565.6956490244183,6.787730182530656
530,398.59272578693856,445.8913428106035,9.990783115809592
531,360.8798777423426,402.54413629021997,7.287617391510763
532,427.198998657359,478.11259248258244,14.341857713565885
533,517.2147027041774,578.6634119915362,23.92671875546511
534,401.5887165228405,450.0392160688495,16.156322697284427
535,622.9189366118177,697.5389666887218,11.429635337118798
536,586.6334501124377,656.8681932770044,19.884999002377683
537,803.4770133316206,899.6563775696017,20.052814833918234
538,490.02323875592754,546.6587094784966,16.293745204709847
539,717.5030488330311,802.4685458721118,13.837053681035922
540,663.529903621389,743.9526464442154,22.432672066200105
541,934.1711121030384,1045.79091999874,24.84602937483769
542,1166.4547935962325,1304.675966040475,70.12503633844193
543,1202.3387071602115,1344.6538378697098,24.099647004997703
544,1322.5161926172207,1477.6201504521825,19.897494139074272
545,1315.6825261387814,1470.2232901033701,28.143354384958208
546,1474.2644154341972,1645.4948725931615,40.076995587561484
547,1342.7842975119052,1500.4780730083644,22.256576148375437
548,1769.1023255779655,1976.2173101310461,44.45051271760603
549,1859.8364601289254,2081.427857255063,18.675048321767555
550,1820.2982235609486,2034.6425132084569,75.82799664270819
551,1912.6884529093466,2140.282198254068,53.31735625494003
552,1877.1443568827654,2099.27611968369,43.79966092500819
553,2234.1941066931868,2497.8514744745426,42.4255724262712
554,1630.4187208772255,1820.6162622789602,75.95171465270377
555,1590.2371974231025,1773.53636156829,68.2696014135759
556,1439.5118994968059,1608.0594493609829,34.22649691938604
557,1312.764262776604,1467.9498060691365,16.897698790909423
558,1170.183058227153,1306.6404189990872,35.14783429960131
559,1237.3491163114982,1382.7163659491785,25.90852036543179
560,1217.1364076228083,1361.9352792057152,31.13394868335405
561,1236.130682559574,1381.7798940931905,24.90885785485068
562,1120.77673198878,1253.698353846701,27.602806907069475
563,813.19043403941,908.2946928803859,18.13121556834526
564,1078.6981432372802,1208.5733164273652,12.664530490508671
565,926.8959226696792,1035.8298854686086,22.428844724550057
566,740.0994939509438,825.2407712870643,33.82376104955692
567,604.2155636295211,674.8202568176604,19.050207395034864
568,717.7133537123119,800.7411550675499,21.239793409126722
569,594.374064356343,664.6698427264155,14.874284578334708
570,428.6791562627062,478.39470370850796,6.568306063451923
571,485.06451987863227,542.1574815276173,10.731836600288254
572,460.5669939908554,513.9655123837272,6.228782635955009
573,355.8950778320184,398.07854362928396,5.181079717116354
574,378.9661704262277,424.8088878866718,7.369259755207177
575,283.61068204540413,316.9939521525909,8.426417725000046
576,439.4477622222112,490.9349102108066,9.632859901420439
577,454.5508726567705,508.3540246764068,10.833805199676297
578,400.87609856811986,448.4777830930133,10.787164799805288
579,452.4027874402267,505.6972397013264,18.525175664785067
580,265.9731236601653,296.47613287219156,3.5393264597680254
581,353.9400101558661,394.85679499531045,9.419304227821213
582,417.20289069075244,466.5299567676465,5.948897639562226
583,372.8265704490519,417.23086638882575,5.249025493643693
584,499.6007171124677,557.558660707827,18.597057865355403
585,579.3779715463634,648.1472262901952,23.544903471080897
586,342.2615141448133,382.24591491410354,14.462361215178317
587,355.19717916773726,396.8913265189991,7.008819075240672
588,446.6541028464239,499.4909009626107,10.155652373489465
589,493.1095545765162,551.3852099387237,19.204423757532656
590,334.51694645494143,374.6153021531522,16.93725882265087
591,433.7709777535054,485.7018552844429,8.47237886497537
592,520.3239334516538,582.3620251678147,17.272205016118537
593,297.5773896970233,332.2511960249595,6.331914618774872
594,317.6380488208706,353.33024585047235,15.438514949647194
595,419.49469332377555,468.6009029915389,6.171319514688234
596,429.9396216318607,479.87323182695206,14.602403451863726
597,557.3648976864544,622.8468102420495,15.145763193297476
598,579.5494103130792,647.9444993776332,15.291523264414607
599,435.422401123815,485.64044969212193,9.284698229577847
600,711.128849669734,794.0524299251164,24.03004311004905
601,673.0345638047565,752.168862257695,20.412469457631396
602,990.5549754317906,1107.1311896145196,22.135104423415626
603,805.4064746416715,899.7434010290256,20.495902118687834
604,904.8879833756977,1010.5612319557287,32.57719766432658
605,1163.6098752138998,1301.5333702524267,30.208759405052653
606,1343.662615545076,1506.3867517648275,21.798579239577446
607,1378.7287586785244,1541.2821987766563,25.726013049700548
608,1074.9243570127892,1199.339866068912,17.584039656169704
609,1609.8638196891782,1798.5394714468966,31.265464163011206
610,1264.640611182584,1410.7821722069575,29.57073202735261
611,1728.5137494468543,1933.2212054259408,30.007101687722656
612,1345.3596970299136,1505.7054942019488,29.834933705030355
613,1854.340011296768,2070.500507281941,60.519696119524255
614,1525.7561957942225,1701.8435843107447,57.62334343639661
615,1420.8667251489815,1587.5599109061363,52.15461854260462
616,1988.0218632607782,2218.7818746230255,39.96584792485144
617,1886.1613675362755,2110.6295771030136,61.989061497845384
618,1662.8295109575217,1858.548457960308,75.10893602413172
619,2234.893889188466,2494.025584863578,68.1518628670256
620,1681.9657384132518,1880.1523191251194,48.56789031658989
621,1622.4050008961335,1814.9066477485042,49.39222910603436
622,1534.774353153242,1712.1255668932047,54.773534126909354
623,1336.6123022226852,1492.9813736988297,42.2645008261666
624,1439.5142678908626,1614.260497221176,33.99702655401251
625,1188.3570174895667,1328.4993465070752,21.60243009400491
626,1176.474091609211,1316.476042504596,41.58499728522527
627,1282.1948235456073,1433.842642411927,28.270821694901162
628,803.3639557361888,896.4271340536284,21.286855779137067
629,622.8013315434572,695.1480027978444,25.91636671089965
630,1006.8910047220054,1126.0139622489019,24.964123266800687
631,1055.4551292324684,1181.566458172649,18.11537081842631
632,650.6862206405639,727.3072310885932,13.07813971889847
633,455.48237203035006,509.73296715144346,16.12424061895603
634,552.4887164171379,618.0020697269069,11.939388326206974
635,497.7518453836349,556.6199915288273,9.375750706084455
636,476.24998371244914,531.2730787088198,13.567782907731424
637,366.34260333689616,410.5791685020666,4.7464410907212295
638,442.09275730376737,494.23287068926805,8.923092443722224
639,426.64392333725795,477.6485353745052,7.722199584650997
640,277.5439886118727,310.1061361452298,10.414081247125873
641,449.6788972234208,502.3097709565489,13.091568944405983
642,531.3181808455707,593.1525166841694,14.40648479512228
643,463.59105554873054,518.450286027741,17.611309078184252
644,396.70439973440284,442.7341190145527,12.746426103000186
645,444.6704076636551,497.1221587655811,10.473809931999135
646,500.3538472928292,559.150094926214,12.624304915702348
647,326.835553754593,364.65021360432695,8.100866189911551
648,485.048024923046,542.1240007604973,11.789297134073408
649,463.2928248539496,518.3736396119,9.810624030727721
650,592.7392642502041,662.2405984349784,9.813419909268452
651,449.6934382731255,503.2973773373053,8.716355547573363
652,560.471820047133,627.4517900325903,11.201226384616941
653,362.46065441306695,405.6837491350474,6.920251606812473
654,491.59673020306127,549.6545275921142,12.920445317781729
655,438.00508548906305,488.70979058823013,12.663674927126268
656,366.3806916160084,408.9862820038714,6.0853107314138315
657,446.0990896205061,498.81366973495176,16.339072846111616
658,565.8371541679868,632.4729717758534,10.18329632655344
659,448.9183643614566,501.8696329919254,13.822908857517708
660,387.8142433912505,433.18350747058423,12.399230912795494
661,533.022601532781,595.1177858044871,15.334953214039931
662,485.1796946124739,542.3204924642483,18.62864938217283
663,610.498437992811,683.1460511974636,8.532761634450802
664,684.7377478800242,765.7407795608635,18.944974424578582
665,585.7363060909627,651.7956318644311,13.2789406202062
666,684.8569650470579,765.7901839555337,10.681907725384393
667,1042.690476312645,1165.1729091307068,27.359659341569454
668,1043.031773299467,1166.7295914611027,26.853734509542036
669,654.9440531945875,729.5264869667787,25.588898873358268
670,1336.5096070533239,1495.8677828077098,47.46176066848255
671,1466.6334292793642,1638.9587664612277,23.260263633474555
672,1240.5780099301182,1387.4807125423126,40.53782911307398
673,1233.015008332419,1374.9072173915351,27.779568171019243
674,1808.989282186279,2019.2377047109678,61.194176881163074
675,1786.5168743015522,2002.4276558084034,88.22400653489991
676,2339.0431122152895,2614.6595355831046,63.344461469952336
677,1920.9671505616272,2144.7314833071,36.78893621600581
678,2067.5440924142968,2314.6655465013387,52.607333969612405
679,1906.0333650742475,2130.781141952635,38.87053103961926
680,2221.741731532294,2488.0117838036213,51.18282315805752
681,2062.8006535970685,2308.471796400937,43.22633377764473
682,2263.7330363682345,2532.0308108706527,33.79472456050418
683,1658.9558428748355,1853.541633218297,52.8247227760941
684,1537.915310589403,1715.9300014078092,53.56012135474518
685,1641.8199256396408,1833.7960061382328,32.42756195387255
686,1885.4184348382596,2111.6179404557743,40.8969710502491
687,1918.4752775730938,2144.9100170146853,64.42103414460207
688,1317.6675510605805,1471.163439579597,46.61446900248478
689,1242.8197007507067,1390.9600880025394,30.431707661527682
690,1278.9861311762736,1430.8741847085482,30.72607271590829
691,1107.9766166204981,1237.7897716272455,18.56167035218844
692,1260.4941073242842,1407.022224315521,33.30342645384955
693,620.505865705345,691.3743917936138,7.4354597654500765
694,791.182269754533,886.2755287426818,17.263746520116428
695,649.3172443263596,727.4697578525477,20.30486621397656
696,499.93414987908136,557.237617989955,9.724162440523731
697,558.1316218822418,623.6611271442969,10.817372213177293
698,545.1095570401034,608.8017091944403,12.532073595126764
699,544.7322049654019,609.8942903743306,13.232104882693573
700,611.4853384097593,683.8935355291615,9.97341775384971
701,469.9394881036272,524.7347378049161,9.734296046591812
702,383.5741687359219,428.80818487879435,11.383332046165785
703,423.9833998609965,474.64952436802963,8.780135106241588
704,472.20984420781065,528.5704432826169,12.872831362962401
705,341.12722091370694,380.4546623438784,16.76833766951378
706,397.9392542408872,445.07382934147614,16.942545790383534
707,489.87999741730255,547.0122030964307,12.642914099096062
708,459.337384483922,513.8880405944664,9.94306361303094
709,499.7659506241129,559.2349326490624,6.910522418837557
710,494.0030901876829,550.8097912570563,11.419706414910609
711,530.6740475808142,592.8848564643206,23.249201109107535
712,404.0693448177051,451.3762212909932,18.57431580359355
713,487.6619866378225,544.9717659657662,7.494912148392021
714,456.4203219348125,509.3887087763073,14.567635792446808
715,372.50760684441326,415.9531926923662,10.003730289193635
716,360.00974096695103,402.22932366939483,7.310827142394437
717,482.03567742660687,538.5114336770902,16.55327434486214
718,436.74363957042976,487.74604067148266,15.968154957689196
719,383.8479763700176,430.3595682071595,10.22710501993368
720,450.7281791384274,502.57232133863744,9.21104216418578
721,528.7653107902063,590.8570581753927,11.422953755691905
722,310.32333907484366,346.32048286651667,8.094845115464613
723,367.26193218197545,410.5934177802334,6.949237624343738
724,463.81364044567215,518.4584294084524,10.840547033415703
725,689.0256243392809,771.2721571575921,13.943668594539647
726,646.6308024973871,721.6323690594529,19.004707484642267
727,754.9812056008647,845.0470197102564,10.604859540108075
728,587.283357148425,654.9564432333513,23.297153477287125
729,686.6169853662735,768.028881651779,29.70909040895852
730,928.5131835168215,1038.7157547709592,17.471282117086293
731,924.2290421073537,1032.4139954423167,44.15873326636638
732,1167.818825614447,1305.5437101959644,25.825578087916924
733,1128.9299038013019,1265.0704442002652,17.79176689177061
734,1318.6639974927598,1475.7577057948083,24.981807143303975
735,1433.417868893883,1605.8927000316794,25.91097614632654
736,1603.0379174603192,1793.7912838909272,53.01768144888482
737,1800.779599039572,2015.9330685473412,39.29689198797562
738,1259.6192513046,1409.3546933471605,30.153721744054668
739,1129.2292610666545,1261.0076953339953,23.784442457885284
740,2121.601376833425,2376.4102628779415,64.69262395172069
741,2322.6033021780963,2600.7969402861513,30.023277972099827
742,1709.5640352756625,1907.9360858495122,56.1310594348594
743,1421.8551195081432,1585.3842075350035,47.30409206699997
744,1928.099213830699,2150.852218970526,58.69020787768258
745,2308.743019427448,2585.093029442689,33.772039641107106
746,2514.478114884669,2816.451496743488,47.268009364081706
747,1990.5379060500536,2226.713309740352,62.95921263384251
748,1838.1548082128097,2056.447379229974,35.31156862181142
749,1632.7359114078336,1823.4532141462475,36.560151056463646
750,1770.406319087703,1976.6064396073482,61.78538086882999
751,1550.845966079451,1731.7088345106126,32.81648169364924
752,1274.540928835039,1425.4379964397874,36.101867689710815
753,1930.2172411138115,2161.37206239227,37.593533693474356
754,1823.0023950064733,2041.780113165365,31.572145242177605
755,1459.8958893141246,1633.1383517538522,29.327326465766134
756,999.0647956781678,1114.201972309355,24.314387191632218
757,1110.0615128872957,1242.632607548162,30.411804287980768
758,1084.4333802489589,1213.0835048532758,20.6354360116681
759,954.638938296823,1066.949051738449,27.36486456305001
760,916.9579385771376,1026.4643778782909,16.999076190976727
761,769.3287434660841,860.1190845268266,13.814591225421054
762,717.7120918907726,802.9912199287083,14.877731306832915
763,651.9998111612566,728.7648152459284,24.550601560515158
764,584.8272475722706,654.9452251670662,7.109037541078648
765,383.2557590801319,427.7833123118245,9.886451343432526
766,463.9755005540811,518.1786830372623,13.385565033670458
767,400.67880132873444,447.1827156977992,5.04896171976275
768,322.56823452127645,360.278386558374,13.521850375586103
769,563.2377229133251,630.1149838508915,13.393260517027187
770,555.8728188522883,621.7772597012515,18.9106118776262
771,588.099571486434,658.0369220809876,19.8116167976589
772,528.1108822348581,589.5814622333115,12.436364893597586
773,592.0255064073223,662.0437601196966,14.582699067411443
774,504.21570303126305,564.0626612915296,7.992285631922704
775,516.835398092427,577.694403272165,10.855068658928257
776,432.9438490314651,484.6867851995815,7.304339471298103
777,524.0190680107213,586.1091056395911,12.575520631828065
778,523.2354198419015,586.2943112058451,17.891803507004276
779,400.63081338568776,447.6640807427367,5.36617434424826
780,485.29718969403007,541.3409529427099,10.049477625482336
781,427.99142760028343,476.9757250117864,8.989143267184785
782,604.8359214327406,676.0806242931334,12.162390106409315
783,517.1495109562746,578.7276066760375,9.782799557590742
784,497.60058160176516,556.5370503375,15.6790473277795
785,512.7308731039016,573.0292100874556,22.997110311249447
786,493.82619479363365,552.3156415045686,8.706557113241553
787,487.2543696484563,544.0342270154581,21.059027595651358
788,452.65582306542467,505.13589796770435,6.474594289467369
789,582.6961143714345,651.3891932660911,18.072181606616752
790,566.8905004221867,633.0986597256347,8.139327627087122
791,587.9445290965828,655.4341107513551,14.176141203896034
792,875.5623919445283,980.150210280776,27.363400266007357
793,875.8964386837754,978.8556626834362,22.831670665288193
794,666.7872252238152,743.6614879623787,31.68525736551916
795,1041.1274450649057,1166.9770458334476,23.120621992831733
796,1323.3644053662608,1481.608093138936,29.97478481025676
797,1384.5585377308307,1548.1663389364014,24.745361268158728
798,1537.0068195903357,1721.3000071684432,25.31698505398679
799,1449.4966857627676,1621.0472049214375,19.256288965591533
800,1319.9023602905045,1473.3550411323333,20.439876041561234
801,1431.9327002246882,1598.6490588613683,32.02429125812828
802,1858.9894320307494,2077.5926995624104,33.23135744637915
803,1943.348759361382,2172.618276914869,77.56461033829534
804,2335.6308353980153,2617.948396836468,51.99929666862066
805,2320.9720122755302,2593.1855526133795,58.278272193451095
806,1954.1744306048554,2183.4494688199225,74.128033767896
807,1785.5350665776562,1997.546980012547,49.68721657509284
808,1945.788175215895,2168.6550323072597,81.2345246791345
809,2278.781590572141,2546.4156996335023,61.69773754429473
810,1979.1179639311006,2208.4844973543177,65.35647784632918
811,1853.6897347345523,2073.675456168665,49.35809909371205
812,1955.184236393054,2184.8369514276396,64.29759737577979
813,1782.8237849152133,1992.424814695277,73.03624471153444
814,1646.3510377105636,1842.5200055670027,49.85460142770814
815,1896.7585483285275,2122.1797013846103,40.480125579478376
816,1466.9485704131941,1638.223391966043,36.13735944604959
817,1541.7708555684994,1721.770578883432,77.20409247461038
818,1450.919410455575,1619.2067586055616,42.10375527262371
819,1089.7386205907371,1216.8366222819784,25.432096866134938
820,1108.5769850847119,1240.7917042276665,11.647655081399115
821,1352.6248399460324,1512.5966049296064,17.700595382206664
822,907.8023753972421,1015.6810090402206,24.975625769280693
823,640.5480845442879,713.5379427531686,15.53817243577067
824,603.0980814524097,673.1176090460827,21.785895173672515
825,790.3516349765772,882.6435478813962,24.878577603727766
826,732.5206563288093,818.6913217748555,17.8403313792427
827,615.0566324381563,687.3809715694371,16.16159959697402
828,711.6293469015114,797.0635044862794,12.416321589441255
829,334.4291784979758,372.20618686562864,5.498659804229694
830,540.4576129118659,603.5094778482946,8.080311808543108
831,583.4913452414509,652.3724451219664,7.7839309459096295
832,366.47266529637875,409.08405568124834,19.21390255626043
833,425.92456547385933,475.3530934329702,16.918877894319934
834,428.37988258189927,478.78233208163607,10.486379497033923
835,433.18327552857534,484.8075492739263,15.192044504207473
836,477.9084205500151,532.7156278505397,13.863972461616955
837,636.7416163298944,711.436422392171,17.67639195389998
838,710.5299295643557,794.7297849170842,16.61351823501207
839,513.6021875553457,574.4212132395127,14.565460336753727
840,709.1029552747145,793.1911588734663,12.293303172247835
841,532.4741001985586,596.4836244558967,8.360761170280117
842,679.6997092677152,759.8782954661392,15.976035494868878
843,545.8986439934121,611.6949075164821,13.296055266844585
844,514.5272769797251,574.8720185228955,16.397408533621043
845,519.5674737377428,581.0824327538295,12.330585353615373
846,735.3742943997593,822.2089059318791,24.02578722776317
847,575.9534069991944,644.9466370703612,14.872333962239093
848,449.54155483250986,502.64693603528667,13.43800490757638
849,598.1516910397892,667.9439886708043,9.42449388504476
850,510.32956391918964,569.8869675895322,11.992211249015064
851,529.6438549274238,591.8260187682876,14.13850024101222
852,641.840081891122,716.3240482883043,22.900866538773098
853,624.7351583087838,697.8772355546049,22.692720925712543
854,691.6659019207935,771.7979203411044,18.603184428008788
855,737.1458403560587,825.0824646336018,21.06213621877605
856,825.3245452266713,923.0085574033586,33.39038088768459
857,950.6462644921662,1065.4927475834957,21.644147863949804
858,712.0647080201751,793.8567983743628,11.77657191767188
859,1214.738639244903,1356.4788554768277,56.1699051405692
860,947.489729054676,1056.8387075998592,32.97096795564228
861,1009.7688020667817,1131.821463164991,36.69665294306474
862,1396.6545699305168,1559.5799449532788,22.26960195757954
863,1565.582422231902,1751.9675846895898,29.876584185075306
864,1396.2960982996544,1560.5795441537437,66.22371344353148
865,1876.6784118206665,2096.0674892398524,43.143040142902954
866,1442.5439426374878,1610.5517338215811,24.737489353068828
867,1769.7970136100644,1976.8214267830374,60.52168584537131
868,1806.2439595511478,2018.7359998166576,43.1878089841534
869,2030.8173592072867,2271.440700743223,49.03246553792738
870,2134.2885835761267,2383.872633338031,96.86929556492085
871,1750.197145099703,1957.3384966646001,25.537597927293856
872,2274.57380930164,2542.5695503983025,54.73900591932312
873,2217.706351375942,2479.8644868074457,71.57592781976736
874,1539.383001461751,1719.64070516527,36.35029280242259
875,1455.845613605948,1628.3612175449437,22.791044679629188
876,2133.314240830691,2383.1158208628194,89.48435775379794
877,1878.2905019787274,2105.4810624954794,38.13901755975081
878,1885.5284108905457,2105.6776439949713,64.40887291219184
879,1884.3493286695327,2111.019431017065,71.81695807885511
880,1833.1034776372016,2050.9499730261996,48.54892688279636
881,1880.4882031697048,2103.0196538455775,71.11284003839968
882,1218.6504914299846,1357.7561129548953,38.15093600346752
883,1189.6840201477219,1331.635646109023,27.897656850951794
884,1058.3685181056976,1180.8813809368055,18.579480419025707
885,1284.6463302151594,1436.28638504954,28.028234264103865
886,1267.8305114124485,1419.9849638980493,41.20855861062096
887,931.0842576059084,1037.1355943038473,30.64171415665213
888,566.4354907187526,633.5206680995237,20.190265913254496
889,629.5700595280116,701.955308493436,14.267076045391548
890,698.5215070792661,779.9833895205404,22.989457735665592
891,655.3674072645422,732.3667477989545,12.803574258801955
892,600.8494591520347,671.499088850031,9.887449260095586
893,654.8623928344255,732.7476016079263,24.75080143354993
894,552.3023964766431,618.9085644994624,14.753242269614658
895,613.7513188460523,686.7615032798981,17.828971521564256
896,375.8677672086288,420.27834472509846,8.55058720378078
897,362.68416409218014,404.69364071787953,14.415986134605937
898,533.7332883603692,596.6707746720415,21.245817229277513
899,389.9809858579931,435.1635004755057,14.30387256979792
900,545.271115761782,609.2781624068632,16.565311875363307
901,543.0886338316218,606.2990689208859,11.801667124659625
902,486.64162492890796,542.8356017965697,16.456789554953716
903,695.9336776545377,778.830005877562,23.311416900044172
904,481.80466123758686,537.9707638432957,15.73752657786401
905,706.0304652057678,789.1970098789816,15.27186854434829
906,496.4822517922666,554.2705454970078,15.520382930545678
907,423.02080854394853,472.26939520384695,10.470876374201536
908,543.8441098162459,607.9930902883966,13.073938308936745
909,425.2909433128622,475.7897042541702,7.285048242387543
910,447.10353957641655,500.23602683598216,9.836833484446244
911,561.2711032679869,627.73563504611,7.446043134498598
912,591.7829258388856,662.8399988004785,20.014786937821736
913,452.9423006527368,505.0148196230752,16.09367783456731
914,603.6882706188619,673.7514687422826,16.39479422890707
915,663.072188018691,742.4174653460809,11.272407014944209
916,743.1124170225423,832.3969831119086,17.223836599932906
917,699.4414470055926,779.8956441586699,20.837192737710605
918,884.6145338207708,990.4135627477307,28.348073253731133
919,530.0608659787996,591.7110358699665,13.977280607557043
920,762.7871139392701,852.5352232662907,14.380733183923613
921,790.1094035577803,883.8187309464091,23.90486114610573
922,1057.1496309449126,1185.2197714763317,36.02402736290656
923,1024.2403966063548,1143.975098063616,47.66528650996116
924,1167.3810605572864,1306.4638308378378,23.96939261640743
925,1727.2049047211324,1930.5232663499125,38.16487351744394
926,1377.4991566493472,1540.0786018324277,36.80594215380467
927,1638.5655884078885,1832.4275086027556,53.28474446448508
928,1592.710071753029,1780.0843840938517,42.66242844858497
929,1798.7968101472604,2016.6697211338428,27.05413541288593
930,1825.3820169236371,2038.3130762692415,62.50855041646103
931,2122.8468957566806,2374.1166606541956,48.46223832185432
932,2521.8935651037445,2818.464474825638,62.76724699871737
933,2654.0672040614736,2971.447322099135,46.03844203610093
934,2338.672602348156,2611.4493128964623,41.943306017097186
935,2413.000361884462,2694.7409824302986,44.908493511190386
936,1846.3558060180003,2057.845331734595,44.7897838713776
937,2218.794569275099,2478.702595069022,26.706753850292284
938,2575.4130039293923,2877.1449710948673,49.239791335980264
939,2582.83400782885,2894.597511367236,80.53181782237607
940,2203.0340004571094,2458.895995685215,77.2051532506258
941,2391.0947744353803,2676.6528986106505,66.93329323068149
942,2013.2179240210507,2254.0842519759212,80.5013962342436
943,2247.769602908162,2516.608539534011,55.08098573878984
944,1896.791807065048,2119.4859848798546,42.38276251033676
945,1609.16111364586,1800.613958641607,32.9409979462565
946,1734.3220649749685,1938.1600797246872,35.188961032059005
947,794.5157679117536,888.4112562327103,15.171468527280929
948,1473.7939851383428,1651.2853094513073,26.08602793060628
949,540.3298536206407,598.0950856736531,19.685939206645592
950,906.3589252395924,1011.496956708403,21.973931003221207
951,1177.7790754248686,1317.7595649868172,25.37198832333955
952,1098.37687535889,1228.2943320488964,26.96516248303445
953,770.9483714058007,859.6276865528863,17.645286963218116
954,738.4125411706855,823.7281809550149,11.970050943699164
955,925.1326287326418,1034.3478060011626,18.534675357284268
956,675.8251602204725,754.2570415205331,7.34940061935979
957,861.2967011853656,962.9437605708813,33.3589442888906
958,626.5145582994919,700.1312934867881,14.407954444701954
959,577.0345488673299,644.8634561895562,14.602155841256922
960,540.2200293940468,603.9326420499191,17.678718414561313
961,471.6369782486549,527.645815139914,16.50732755629736
962,411.2705936811687,459.3517384993104,7.94379801003625
963,510.9302495166993,571.4153773451006,13.14355181209911
964,530.3243997911516,593.9628524488699,19.41133881367869
965,447.90332365941697,499.81382210162917,8.578220098230553
966,527.3868335786216,589.7975859065726,8.52035536273867
967,507.76472928541324,567.0711951899405,18.322249501279884
968,665.2813789212848,743.8753127471069,19.88690418756431
969,549.8464988759358,613.7942800510242,9.382129105474565
970,563.7637647743517,632.2278506497436,10.693862085747316
971,581.0101440358179,648.9853511816863,17.283554087044255
972,553.9198506054668,619.3771059492153,14.068723540630018
973,622.5101092116522,695.9414302381708,26.554554173460243
974,469.1474452326579,525.141543567858,11.629012967200046
975,428.98793740224846,478.8124680952832,8.852785247540654
976,597.921749454026,666.3191003104974,18.88153230334865
977,538.8677909318415,602.3754100171743,13.122629050711552
978,443.25560542257335,494.0107286237587,8.03990287521696
979,625.6997698359147,699.3335750413456,12.227066703110344
980,666.6489944395457,744.8387619001146,28.803480162755058
981,543.3432924668675,607.0336281333488,19.940605923850026
982,786.0984024187494,879.3152955861848,22.771086203253578
983,855.1863212401064,955.0605434375226,32.78392849548729
984,872.2624506830442,975.2766558308532,24.354166606003577
985,1035.9812426301296,1159.4160112443847,11.997271374750154
986,789.2551354673614,881.28202824192,16.332018319201765
987,1156.4097559523962,1292.357504181956,21.72089626813575
988,1200.7418365760223,1341.7534348301524,30.602366387182244
989,1194.4066437034319,1331.9349839235426,28.911506509224143
990,1658.7322505556397,1855.8664971426,27.57337099949514
991,1991.9490414909114,2228.9182481915195,61.39682006519393
992,2238.7472026574064,2508.3639888313846,77.05362691139075
993,2309.1070178001264,2579.3213162904817,83.69369599745387
994,2064.544034252935,2310.2180327475307,75.60815631853231
995,2199.553793043711,2458.3178471085516,58.87180505540045
996,2292.5790315748254,2565.510112597253,42.51274838099712
997,2237.6518747019127,2502.675918059301,66.56013280064091
998,2217.5542937028704,2477.8882508456204,84.72506665307799
999,2467.8575903357914,2757.1603812642034,103.4414656335967
1000,2349.7425213974443,2624.2371329482726,23.395564767447937
1001,2022.6287761472004,2251.5452862721977,77.15831027537912
1002,2069.0943729002915,2311.9087379302628,89.7837264922086
1003,2481.8244161557186,2777.537340543766,55.32356229681703
1004,2029.4971320608695,2269.743958077547,81.28723688506847
1005,2288.8180910149067,2554.5444055496037,94.21786888162482
1006,2276.2883475070403,2541.245802999708,53.22881754715406
1007,1906.3325652933233,2130.0528700347854,55.50073685124634
1008,2192.9122906537095,2450.7800736248064,54.265985687936514
1009,1890.529090695617,2111.8574767763025,64.44991731180923
1010,1369.287075942156,1527.365635138093,27.906816020303083
1011,1891.087804998391,2112.551406843291,89.16522681027057
1012,1399.9196188034593,1565.0377319220534,32.338963471284835
1013,1053.3014356901163,1176.2823676126682,29.810126568259
1014,1063.49688035435,1187.9589383741509,19.00252451354693
1015,1037.0834082392507,1159.918026456513,22.038947414485097
1016,1069.146029980556,1194.2539584782198,46.244765175675056
1017,961.8751563946004,1073.6457270201352,25.868728678367617
1018,894.0520614141321,997.7596631318146,14.696861482520275
1019,953.2935189478883,1066.0162106406012,12.390812571617216
1020,883.9094563407825,988.4802941038541,31.723962196399132
1021,772.1908156147963,863.5605385555605,20.541413481182722
1022,729.1618265819841,815.9320939689666,9.90243748273842
1023,655.3305594697035,732.0610109537802,16.03565597356144
1024,295.3838864838521,329.67957492254715,10.317040441326606
1025,427.18574536623606,477.7830161132508,14.175813565069609
1026,320.570157768734,358.2236294653882,13.242278829349006
1027,504.00759639420136,563.4954946091686,6.963463686251849
1028,539.3454323999287,603.4006797065397,8.090039819289132
1029,615.8096263928419,686.6077967093133,27.54535273015835
1030,633.3770389153856,707.1683461725067,19.980064517245708
1031,623.2870563369786,696.9242976868286,15.8331002574826
1032,595.8983275560694,666.9634469843899,22.97780660860308
1033,616.5321971979776,689.1077047574266,8.907403504873619
1034,544.3252383533847,609.4209574801256,12.202566411908794
1035,560.1034977287977,625.5233113430401,18.582698755781827
1036,616.0883978492177,687.8614028393771,22.871977980755222
1037,537.7592018429664,602.5201002026121,13.92957288284797
1038,621.2853357322725,694.9210410210184,16.503578856868582
1039,603.2911703398572,674.0799364509254,17.292982370273215
1040,511.37648724709334,571.6621183320071,10.185298426384605
1041,653.7639513487524,730.947528810344,14.555547294956423
1042,639.6586638187255,714.7564966415268,18.097770360534017
1043,600.5664238367729,670.631974724924,13.581383150162132
1044,587.8002141231736,657.2428451320066,12.750981485164743
1045,617.9538293087363,692.9802142058026,5.3947444118489765
1046,702.192234998653,785.0532156129877,14.16381822706515
1047,940.8144182532446,1052.0039878660302,29.677438266594674
1048,737.9008661456166,825.789895141174,28.359625823757362
1049,1072.1002742573382,1198.5818777810068,62.73509265682365
1050,908.8828233965636,1014.7789139415773,26.220358754152997
1051,1145.4090220488094,1281.5532161586505,38.970018437282995
1052,1258.6713735488504,1406.348405751031,27.44427833985902
1053,1927.4974267518567,2159.6276388866368,48.560665609267325
1054,1199.3688226713004,1337.5198921381605,25.361309759271773
1055,1905.5733831272498,2131.273056129003,30.985242883054944
1056,1777.9255957799412,1987.7242371058444,34.51989931326146
1057,1879.1027671362897,2094.6439702373973,76.391131771468
1058,2024.7756141191826,2262.8515210223404,44.46922244158782
1059,2273.6537264501517,2546.3100132215523,52.96139813404582
1060,2050.3191997688264,2292.6444144604247,29.51331432576934
1061,2853.915807018277,3193.568061719703,75.00646247929146
1062,2138.095380130472,2390.4846328475583,67.16761011945185
1063,2685.067626177072,3006.7785245304817,64.72449181514132
1064,2105.666512595132,2352.1431942077484,47.70533789309708
1065,2378.9320897988596,2664.368403385663,46.44717201959123
1066,2128.2198443393936,2375.640253773177,55.77046385696158
1067,2595.407010480769,2902.43555454783,60.4890322824679
1068,2797.0013407673323,3129.813675621868,47.85652258254604
1069,2199.5778026635803,2458.167802688525,26.79554225508443
1070,2135.2515343676805,2392.4338509004365,51.96363645236516
1071,1661.8373140174087,1858.1017562258505,75.0442092251153
1072,1993.4272723490792,2227.0264128468234,42.38180268944344
1073,1418.012160288135,1577.3052236922192,46.89018089443634
1074,1551.2670760986837,1731.4224713140675,36.23921357825232
1075,1865.2844654499124,2086.8626487749725,40.98248446444201
1076,1861.819296823747,2081.2983769120005,67.8315316442938
1077,2170.2247661413135,2430.52185821044,56.415329081663444
1078,1312.7226269640723,1464.610684905298,24.962962782561604
1079,1551.4243370462273,1734.3868690002096,27.96661992120041
1080,1258.8270047251233,1404.4620904595783,31.058505419659546
1081,1050.7601574906023,1171.4037930730203,32.92806755493802
1082,1083.895877970274,1213.860708490692,46.80050717500759
1083,901.5152417386736,1007.3165558118958,26.77569167037409
1084,849.5224997302869,949.3134097764593,30.632270696390588
1085,764.2897217855191,854.5222100491033,14.69609610839252
1086,561.1380902169926,626.5547964374177,21.466036400775852
1087,528.9608150638331,588.5094837289748,16.316388405119817
1088,468.04936729930233,523.6358330915789,12.327255956683821
1089,433.571178828803,484.22899001843405,16.54094557906088
1090,439.21230629145475,490.0734758109477,13.652159492824161
1091,521.7888318677366,583.1068367082287,13.763210603362676
1092,591.616848527585,660.8358663542153,18.470026741290223
1093,544.0422444987889,608.7674479029732,18.329880227684875
1094,527.6350578872831,590.2304440353191,7.825812063556783
1095,709.5104612900953,792.8744029110926,29.25639494828797
1096,673.6756059027562,752.0584730679815,21.533451316278278
1097,655.9782918426299,733.8725603558593,20.22674028454018
1098,666.85486309895,745.3194204889008,22.002946951103507
1099,693.5914585783098,775.369498085505,16.13196990858282
1100,688.5149458278976,770.2803189860537,23.061234582771977
1101,627.0621592117768,702.0005653665978,15.702403209171155
1102,610.0559321785457,682.240076748489,15.541081813956842
1103,602.7801525182158,673.6849355067736,9.411331400867862
1104,485.65667505593814,542.4693550995413,6.733417172864615
1105,661.0326069532338,739.2674672449854,19.833811137251605
1106,489.37318678299977,547.4300554548765,9.197596761204645
1107,568.0302239054951,635.60468048824,13.447124298637034
1108,825.4000812834101,924.6542600274016,14.742222883296579
1109,791.1400518793857,884.754807703317,17.084544193182214
1110,963.57786465019,1078.4062053005946,29.250782094114598
1111,813.6044736672748,911.1813351925349,28.923864384677362
1112,745.2740913310791,832.466206112228,29.249762436632793
1113,914.387158994759,1022.5174419034943,23.48361867927863
1114,1100.889169610229,1229.7599351525612,17.112824941478177
1115,1197.296187947599,1335.6529421426505,56.530305827380296
1116,1529.5094418102644,1711.1276195290345,30.45017111542183
1117,1303.3051372724121,1457.7790494027026,33.52473004870402
1118,1614.528452456291,1803.9579692427333,48.8787183303404
1119,1394.1291560338398,1558.5984930448328,26.92087097216525
1120,1847.0016684618436,2063.6336151603064,67.1110323337433
1121,1884.8050421004946,2104.1753133788284,36.07082824587155
1122,1877.667267174642,2096.509647228722,43.67487827958317
1123,2175.9381919427824,2435.1968184827974,67.38277967117773
1124,2134.8491753580793,2382.633078714121,55.599228643308976
1125,2154.0868694638666,2414.070736943393,78.91935215119048
1126,2959.9966031666495,3305.046968199115,64.18133043300398
1127,2257.4920409028437,2521.0298676578805,79.40458049034264
1128,2386.3573070709726,2665.1505284801406,71.02932767799625
1129,1672.7394656756608,1866.3117312279708,22.389261220774788
1130,2047.3216675074025,2285.167169872147,53.57801576035243
1131,2320.173534259795,2593.89221481102,53.689346056036015
1132,2128.9853011656596,2377.1629102794045,40.5835971869484
1133,2965.510557325718,3319.7176532924314,64.06135237294228
1134,2248.3348687445273,2510.3627587402616,40.66233593024475
1135,2596.5720586484035,2908.1419402615184,91.07207354801953
1136,2131.6009410204565,2384.0150437646075,66.3832082056507
1137,2161.2871713940767,2414.690484480742,50.40140391984088
1138,1947.5421100660033,2177.776559963606,61.46523296118224
1139,1870.1098493719587,2092.4651858054854,58.17203461214197
1140,2179.830566458546,2439.6211823646945,34.75863274786634
1141,1024.6706766776463,1142.2652374725299,35.231249497346006
1142,1028.255477377466,1149.289693076824,24.58068724349761
1143,1213.2288755943046,1356.252011954993,23.01599498037882
1144,1274.1785888540844,1423.2100555506015,34.6059988394333
1145,1215.6967970632147,1359.169323491977,32.875942774085146
1146,1196.5560791069975,1336.9847689750156,22.20387211299403
1147,898.3640816173555,1001.1711913908838,22.05117454755583
1148,1018.4591751959397,1136.1324117589284,33.210388734462214
1149,997.0973260260323,1115.3131340052985,21.232524615789206
1150,876.0190672595783,977.2814196875571,16.61616054314974
1151,797.2885853867905,889.7534852780321,12.504061677619564
1152,444.5293018743966,496.585652566234,9.068309900104298
1153,416.60881710648084,465.71667454332743,14.415635274340238
1154,495.52079274967633,553.2991568417317,19.550055648722083
1155,538.0486479455659,600.9674145492892,23.435495702456826
1156,529.7280764485306,590.8522565520007,6.753740768946479
1157,672.0431998212099,750.324168399794,17.587120363794728
1158,361.42729651848765,403.11302508674464,7.168415715004466
1159,457.7664891756197,512.8434166355898,14.832995145805903
1160,472.16654324170787,527.0057384865263,6.23873622671648
1161,561.9291051650208,629.3084384218574,12.34399666374045
1162,558.5992160803862,625.4127229738156,11.6769663677718
1163,447.7371240608373,500.1286079441566,5.694253905918598
1164,471.7810661991225,526.4046152363873,8.436828268954585
1165,504.8745047647229,563.5316187351735,14.058770463982757
1166,773.418606651093,865.2922436304065,27.75422766107069
1167,799.8040883954162,895.6674957600483,18.30702173837638
1168,544.6884860163912,609.1091135778858,12.577566255061113
1169,590.8685013894121,660.7868306775692,13.003453417989888
1170,535.345697741769,599.4423646994554,12.148513514629988
1171,458.719413299255,513.5476867427768,14.637530043040266
1172,706.5730825611953,789.1094007627423,11.600714014264263
1173,631.1278944561337,705.1849839809149,16.077210456197417
1174,819.4991203528284,915.4597398073407,24.77790299655249
1175,639.2744949749183,712.5546756733162,9.205606575812642
1176,839.4426174421098,938.401555140575,25.87991333367727
1177,1055.1558145733607,1178.8147161895188,11.857302061089058
1178,1209.6375137831171,1353.3350424755981,27.824901747238986
1179,1198.2772170092596,1339.069716934426,63.577400875109454
1180,981.8253302650485,1095.2394364203683,24.54600203577658
1181,1612.590730633667,1803.9174334865766,32.63234484751832
1182,1359.517309071526,1520.8359884503566,25.853190729458753
1183,1847.322364812953,2062.1017978979216,37.8741386502837
1184,1739.3230527122219,1945.771252775082,74.33583244325898
1185,1519.4154242293382,1696.3539164491299,23.77233783110225
1186,1855.6150365531357,2076.1140137637854,19.540090178423732
1187,2200.075431182946,2457.495039079396,38.370357604994936
1188,2437.0290022094646,2724.28705008556,46.17478859142867
1189,2237.0987731703785,2497.238483539084,38.82439489172652
1190,2928.531570129762,3282.1779376155246,157.09888189102068
1191,2962.2546920927607,3318.940685416349,86.63574185739766
1192,2453.7257857564687,2741.6510059358698,74.48847640699952
1193,2864.272877275568,3199.203543151908,69.69962797690265
1194,3284.067904393735,3672.592804228851,80.94913334484735
1195,3050.803209222503,3412.185936411326,102.86496448124826
1196,1991.3772988299133,2224.0956676614355,27.870191688870484
1197,2108.8924870628152,2352.9273410810097,67.27711459370573
1198,2866.3452620466637,3205.957591949704,56.169684643626105
1199,1984.8753021877626,2216.6805377392493,53.952948909859735
1200,1673.9749547976498,1869.5075426399205,34.675699617320575
1201,1938.8486768734615,2167.236889103031,42.452187321255956
1202,2140.5341056592347,2390.8257598141254,63.78858289632018
1203,1894.2422169101044,2116.537039834904,30.94643090619545
1204,1538.3487026726852,1719.8809170637012,34.80791200521769
1205,1552.059963730297,1736.0694405867337,36.53151168015228
1206,1299.377650600291,1447.838373119492,44.66073929995426
1207,1317.7307179025868,1470.517949293321,37.186371418759464
1208,1930.3323647091217,2158.9859284823856,28.817670496055953
1209,1390.9296942021356,1552.930419939185,27.128966049417457
1210,1340.65585944083,1498.663603722913,22.330716035415186
1211,1014.7977379308863,1134.4300849334231,13.216071891884532
1212,1100.078259200801,1230.4831740650152,48.192898138950625
1213,830.810089224823,927.0995998000695,16.198754109079708
1214,524.3723799633439,586.5075607552839,9.438158708068848
1215,618.9484672708654,692.6095238102067,13.303404375929997
1216,312.101082202929,348.2578693559813,5.790512724145488
1217,294.1344420216693,328.92691221291926,10.048069932188824
1218,380.02270731580325,424.34903558248055,7.529076421117389
1219,601.0972837976972,671.4055639887226,19.480641018877392
1220,514.4330288536853,574.5018231396349,11.919190120018197
1221,664.4501345338114,742.5498419652948,9.800717909991969
1222,573.4821649296939,641.9532781056603,11.024148515924141
1223,626.5130482789501,699.9053628348496,20.84932843713433
1224,492.8904479266704,550.1033175925879,9.841315297240113
1225,608.7940240534161,681.2214428027457,18.585265216822837
1226,632.7301811860641,707.5369172900729,17.450875982602344
1227,519.1355292677649,581.0169495175098,12.164619526863946
1228,636.5565934934608,711.5996202165687,16.07428860700334
1229,637.2909731799201,711.3201958637553,31.421988720756634
1230,517.7976257682925,576.5445161107564,12.46726982008045
1231,467.5336460553919,522.0922932370307,17.465589368758998
1232,489.32000492000276,545.7431036268767,9.238811227707238
1233,633.5997936701306,707.4664046335145,14.683411604043421
1234,684.0117229382697,764.7460095363057,13.988375890741137
1235,629.8197080569686,703.266911260349,14.611879305001132
1236,757.6909321539131,847.5932638841426,19.8896519091359
1237,859.3105023145432,958.6252707853669,45.92711610454073
1238,992.8122027883654,1109.9183736798093,45.95143865946382
1239,1087.273686341793,1216.6344136441137,17.04902711959743
1240,1264.0447279200102,1414.5542517345823,28.580315308424783
1241,886.8037164414587,989.9636697701857,32.4005510691041
1242,1403.2881304441507,1568.4164808416424,38.047262235140025
1243,1097.4251129848287,1224.066777978131,20.610364819317827
1244,1481.5956966239412,1654.0544011718334,60.62617159777895
1245,1494.3035729662702,1670.6009708681831,53.819883565093015
1246,1444.5467697922616,1614.470780091871,46.964545799866144
1247,1173.3205116562813,1314.0113899729724,31.71668070797343
1248,1731.4245011234411,1934.8662943068412,31.720242505942693
1249,1348.9811297544334,1505.7987206399403,59.09549256724676
1250,2196.461135728344,2456.721159475566,44.641202202835565
1251,2678.6617650294097,2996.8099382831033,88.90134239452868
1252,1928.696438724934,2153.30375506437,32.88268894460611
1253,2389.533094071863,2671.78590329711,40.36330320762416
1254,2095.889729195613,2343.95490272245,32.038697988651876
1255,2086.3561647098695,2328.0422392529476,76.9781444180966
1256,2863.0363514866335,3199.495038286471,63.933146723714664
1257,2599.7072595952372,2910.796392715627,43.780474001276275
1258,2934.995743879852,3281.133498083634,165.3052230079746
1259,2346.196398516173,2620.5696271031384,38.744306382156886
1260,2692.8535450292975,3014.387841667519,69.118455506145
1261,2516.4030698528763,2812.5704525074266,113.53322538536308
1262,2594.0479885438986,2900.573741152476,102.94038220384226
1263,2210.2179096330283,2471.2238366290294,54.500610785098885
1264,2205.4048797884207,2465.235668136317,46.237813568313776
1265,2152.456504490021,2404.4111233745502,73.92559701017744
1266,1904.9872612085267,2125.867528919788,42.834789130430394
1267,2263.7990641673878,2532.255873159403,47.85480966879222
1268,2128.9128009801343,2380.288781744136,63.995140816857436
1269,2013.819500380093,2247.8139288814987,47.59030826424543
1270,2082.4861145653786,2330.6815679701867,81.88215248290406
1271,1990.0490005743488,2223.6510164066613,38.80497651500019
1272,1384.5759838736533,1547.3641072008086,38.8410737363026
1273,1492.8427858615476,1666.2547266356771,49.10805674665335
1274,1195.1021970445686,1335.9529967921296,25.630891749586162
1275,1255.43217596392,1404.2145900486166,38.04897731090446
1276,972.9108510033325,1087.1596656315714,28.330967622944808
1277,1266.0512758531663,1417.8120960053782,38.01363884447872
1278,943.55136328011,1054.1645695292214,30.25614028585762
1279,817.4303045587433,912.8938291378662,13.68392397643609
1280,507.9237370915016,568.7231706192363,15.624639353841836
1281,266.17217495678364,296.61717800002003,12.969034713253098
1282,306.97470508918923,342.5662803381983,5.549312433854161
1283,552.295406571707,616.7318593865759,12.515091719544376
1284,493.026252783813,550.0313164922211,14.622299118316299
1285,535.809938419363,599.4186904180459,12.13401387497988
1286,391.02876703183415,436.3336751797254,15.87378388243914
1287,536.1874447287779,598.8776247224919,15.557312223357503
1288,712.1588520784433,795.1014726729221,12.504418505613453
1289,643.3989074410249,718.5187045232597,27.260537526089404
1290,579.5758907200623,648.9929619480081,17.11907286966337
1291,519.2883095701054,580.3722893375722,7.546137542097258
1292,531.0985380841081,594.0024652060795,6.108839792659753
1293,389.1113757885599,434.7220994801553,6.188907372181686
1294,625.7859224236634,698.3369696462113,28.346302101577745
1295,694.7643076758778,778.290401351434,16.357614914275388
1296,443.9007109199804,496.33203430375994,8.46080123209092
1297,581.5702989094237,651.0479370336925,22.258972735864425
1298,527.7930979080245,589.0692408927409,11.023135009906241
1299,573.0457671450201,639.3529292272924,15.39865709715841
1300,743.6949542139472,830.909141601229,7.137214749467615
1301,549.274053366705,611.8939641961365,17.427074770269016
1302,918.7841846748727,1029.0271722163118,14.90766199350575
1303,1042.5208270409642,1164.2643665805872,32.60744389763271
1304,1031.4229734571165,1154.6763937929202,21.845720308887792
1305,675.2473386143048,752.4751461495578,9.07222947719192
1306,956.0068899439746,1069.6392503105599,11.221931283757534
1307,1469.1508296629493,1643.198978938684,28.650254371856875
1308,732.882288898548,815.737103834852,24.320424623461598
1309,1403.635960393962,1566.0282551625887,68.2465514256819
1310,1219.2310149764025,1362.9980087015983,39.454063179714346
1311,1831.6836501678142,2047.4641902986236,47.4662584448436
1312,1576.9174175781827,1764.2512302545097,33.98650388224208
1313,2128.1521700208787,2380.5782204986913,96.28835028505672
1314,2116.478242625141,2361.769606107302,72.96948970577043
1315,2669.7288263945875,2981.356188507292,92.16578658941016
1316,2102.4729347288153,2351.48274026102,75.41030511236907
1317,2476.253745346903,2767.7478212070537,37.08481426419217
1318,1958.3932413058849,2186.5991601699598,45.11996135931989
1319,2811.3140699205387,3147.1826346791127,73.39349211861196
1320,2179.9690874403514,2433.6756248297534,42.56638664926993
1321,2366.5400757631787,2642.5864758452462,27.05701747377496
1322,2543.1508866890213,2844.636611185079,69.90126435235923
1323,1899.9118091173616,2124.576773147305,55.567884399033666
1324,2592.5937478073724,2895.752192252094,36.419014144146196
1325,3042.1304073159904,3408.3198632751214,69.25641884411449
1326,2581.4434655986456,2887.758164424256,40.67941437931313
1327,1782.1462615995326,1989.1234065386554,54.35109799810291
1328,2254.581064815323,2516.930115338036,133.04049003441312
1329,2363.117646556154,2642.0680838717203,67.88932103820098
1330,1481.217013511845,1654.749388146719,31.48253466343769
1331,1708.1341261458908,1908.0137424237134,46.201650964309316
1332,2288.1154321994363,2558.328835760023,74.67964865079314
1333,1987.5440248528894,2217.25711602027,32.39258909608777
1334,1826.4998382167505,2044.081299288269,49.42295020892768
1335,2077.491687669468,2321.868605750283,51.99108678660187
1336,1609.9645537945044,1802.0264547009897,85.43282417476125
1337,1585.6569758199905,1770.3931518437778,43.83394156634511
1338,1937.2534580017787,2170.04299193137,23.929808896420333
1339,1240.9306946134093,1388.0371309274515,32.14706564094185
1340,989.2781192817713,1105.6226994398698,13.452665718305989
1341,1138.5188501343264,1273.3095333159552,14.702313879452138
1342,1079.0587752660338,1205.463853934942,21.76159156003408
1343,820.1967919963507,916.060981142224,12.186175033707118
1344,314.95352943177545,351.43689339910804,9.21918028039539
1345,579.5323307829599,649.4549322137799,15.905379450788944
1346,473.02550087025344,528.7344835998869,12.875486753016434
1347,417.80649305418706,467.0956978964252,7.269916806827116
1348,565.4023318842624,631.8966162248155,5.359351670462865
1349,506.9459184902181,567.2872318774649,14.767505560370061
1350,495.78250547127755,554.9118712745299,17.796600835022605
1351,601.1312070080496,672.5124811886832,20.68144308273713
1352,419.41385901770826,467.51780553407565,9.845755324245646
1353,606.5840436773021,678.365549518071,20.140927087292173
1354,723.5231633921734,809.6198574209444,19.098186549207607
1355,594.2123349917309,664.6375909852853,23.02703628924652
1356,531.0478769771682,591.9798733901405,14.693520501127413
1357,546.2224207985253,611.1342462414782,12.787802798210311
1358,536.6146367226963,600.2783458603877,24.02950451947121
1359,610.1579237304466,681.8059027408459,8.910399811769627
1360,574.0699429368229,642.6420420465516,10.233868125939738
1361,765.5513964370438,855.2255362238676,26.33095900658557
1362,486.2473687869335,541.7142024054663,13.023119384417377
1363,821.2096084583263,916.8367545386627,19.925743224483156
1364,748.9248514763437,836.4315151912374,23.995829751641143
1365,891.0175264374926,996.7921726862048,13.931471123674125
1366,729.5189649120457,816.5250324332299,16.294986516004183
1367,1088.8047375373856,1216.4185047460144,59.69120724860785
1368,1197.008874355495,1339.1314738531114,25.39703371298522
1369,1242.5346205598682,1388.5065529962783,44.06104074553591
1370,870.3389627474814,970.2976285814156,12.378747163608873
1371,1382.3301352777828,1542.4476330327723,37.902840091980295
1372,1417.7411582289608,1583.6287533612792,34.53090477821228
1373,1154.981066180102,1289.8566331512586,25.67891679556759
1374,1555.9501273176616,1741.1195239960437,40.27093232397154
1375,1672.348237412039,1868.9164506768082,64.21841755730688
1376,1955.0339448840577,2184.750109614195,21.898686173127135
1377,1881.6459886979317,2103.246874759909,33.08417821802188
1378,2157.0621080897704,2412.9177000366685,69.02150551313665
1379,2400.0161627024563,2682.202097219243,36.077205859689236
1380,2616.288103668035,2925.5506844759398,91.2325127691007
1381,1243.479091019272,1384.9583850445506,24.619481554374126
1382,2174.0994151089826,2425.5029002195747,50.36551649198976
1383,2295.20752048042,2568.4412261882344,39.44347804769545
1384,1739.7632381697306,1939.1986058712641,26.801312445597766
1385,2608.9852523260797,2919.4378951648705,47.40573955918262
1386,3063.231860524983,3425.634582575226,90.6587653552221
1387,2131.4533029198856,2376.618241606155,25.328094589816825
1388,2697.7498203392965,3015.804203373004,61.489888831082034
1389,2178.7020545356695,2432.0148303788583,35.5342424784623
1390,2125.9227558937764,2368.830493821233,61.62451652362781
1391,2973.932065695866,3327.5821220331563,60.70688293187513
1392,2246.4910411731803,2514.8983835235567,52.98122870067826
1393,2320.7092304749567,2593.5226075631285,82.91440169421135
1394,1427.2992039292672,1591.2690859664394,34.15656756015308
1395,2701.566087837906,3029.188971691042,52.19840329947379
1396,2352.1391511733923,2633.311038241882,80.54466865853527
1397,1834.8250216331703,2051.5905256754363,27.48541484038719
1398,1977.776859904799,2208.6412814716164,19.6237757840261
1399,1387.7528410507646,1550.1636299723862,19.66218522454612
1400,1862.4848688090717,2082.4018127012714,35.325064306109375
1401,1442.4021900672633,1609.8956997607197,30.180095533658182
1402,1394.5560275126034,1557.1544797275558,37.31692009619669
1403,1228.5359578945172,1374.0622814840892,16.836722255579215
1404,1092.0096820996584,1220.6599830183666,18.957626801621583
1405,1247.0928577196557,1397.745831429336,23.353312276333597
1406,1076.1136791399865,1204.563885443976,37.37806780319442
1407,1039.3774396949655,1162.391841405913,14.632806585547499
1408,366.76388601458257,409.6642792156931,10.567692052524679
1409,432.2894263187566,483.2290304236335,15.59574059487392
1410,417.63468546374423,467.4961095175347,16.399065519304447
1411,607.8678485054467,680.8467560584103,12.364959509441157
1412,366.5957626185179,409.5184057878241,7.665878347149555
1413,577.8556802628035,645.627254108681,17.973646745954866
1414,612.2674075239654,684.3638149272616,17.39059450095394
1415,431.86498887628494,482.14760841061985,8.976798318628138
1416,699.8061395738597,784.0458817032271,8.646202199398058
1417,628.508419965377,703.2915883486452,17.14967873906837
1418,613.3560178060511,685.7793598907679,14.571214190827098
1419,543.6188521604483,607.422444613721,16.822259640812316
1420,548.6198760086958,613.1008511539355,8.898813641943624
1421,550.6652121469408,614.2289852050692,12.279693557308775
1422,620.0038132085815,692.2161983762962,11.969443906288268
1423,749.5905184923384,839.0872790607252,10.776982021029397
1424,676.4519317778737,756.147601676524,12.565321015276089
1425,589.0199638646858,657.6061664669024,10.493896414186507
1426,809.2954870366236,905.7524641113251,21.594584925122902
1427,825.2768061389813,921.8889063088538,30.66023829888182
1428,874.2668168479927,978.063245878223,21.859038775139698
1429,921.6593618701187,1031.5201926611855,21.26631743731932
1430,843.7199993523769,942.5829706424348,16.776808350555307
1431,848.2467955718416,948.0964003252772,19.598799745662035
1432,875.0694124028098,978.2608261732051,20.731478306786343
1433,829.25518505403,926.3769626346071,26.66047504806483
1434,1216.9809976330732,1362.1404752752635,41.41964960328798
1435,1217.2113777859956,1358.7954312396946,31.793413947544533
1436,1236.4432412282451,1382.0811677241081,34.34682632630706
1437,786.352598619568,876.2543985691799,16.08454277628636
1438,1251.3361931435509,1396.4793924144212,21.64133378371677
1439,1812.1402544607115,2025.559868194189,74.40276799430336
1440,1544.931304638878,1727.9045241522595,26.1837201641222
1441,2019.5844210152313,2265.289156883514,77.88556358231895
1442,1517.5772176640542,1693.1166411765478,19.92013002588432
1443,2409.6941265088344,2696.5614661464897,66.1960812734569
1444,2194.24177028897,2455.55980405268,59.00456328497291
1445,2202.6971717302044,2459.059905591697,124.33234011673477
1446,3168.8753678246976,3543.555436590615,95.51205280669838
1447,2782.7093507323725,3113.7682241237603,68.95060170957812
1448,2273.845546676262,2539.8939625469898,60.705626424388996
1449,2254.64881097542,2514.3669738895933,29.591272905978766
1450,2418.9568943697627,2698.000032545168,83.54007431978093
1451,2565.839977041026,2861.8495591448004,57.383508160643835
1452,2467.4442394852445,2758.1024979557933,31.99283570914858
1453,2585.6465719741,2899.0767742308344,87.797167745156
1454,3123.567618678113,3492.810177852847,29.42978980638232
1455,2408.879099338595,2692.8716639512436,54.95492749938744
1456,3421.830533826072,3831.5881807058818,57.34589506317002
1457,2269.587820145664,2537.8550414899764,75.92651709316499
1458,2939.6537653870514,3290.311044047728,126.79102206164814
1459,2297.218874194602,2569.3716581821895,53.636536384122515
1460,2297.053660465864,2566.208031700795,32.35743576450517
1461,1797.4459208181695,2008.2861539687424,31.753324577107616
1462,1649.1501444025032,1843.9356287572746,38.89696639318048
1463,1872.3586715652584,2096.283823246896,34.71817879410466
1464,1911.6855245569845,2133.3716488270443,38.0469108436385
1465,1632.6449123435666,1818.7758901703467,68.61175861513223
1466,1158.8136486006724,1292.8145516124787,35.36956300398353
1467,1099.1378725033615,1230.0363167111097,24.5906012821281
1468,937.3596295405337,1046.4312253875137,26.88842285697584
1469,863.5735771192274,963.070534668574,12.769185917350395
1470,1080.7374186913337,1206.1810014661166,47.35893164871227
1471,1138.985344287945,1273.82563829701,23.947896511902115
1472,374.7200799831749,419.33679617518817,8.214403854084448
1473,248.60774515701354,277.2972131768395,3.2515668298612095
1474,391.875803773925,437.53865851052285,6.936431275906459
1475,408.59333394655374,456.6452147664316,6.046572303943577
1476,603.9995247711961,676.3168569005386,15.444700247035161
1477,350.9631846680129,391.3714901528229,6.244078747245496
1478,458.45450526018436,511.4647914117126,20.395455581792543
1479,633.0913090384746,708.3174294171829,13.547980503344883
1480,535.8173581193922,598.5831680380979,9.401192912487515
1481,583.0897504171977,652.539504588552,9.423465711367895
1482,532.9785963280982,596.2613765428209,10.950729117658339
1483,592.9036347926111,662.9399834514669,16.191211562049798
1484,624.8952281061589,698.1568059119854,12.594413098869254
1485,512.7042677355826,572.7145123294725,13.169998045320805
1486,687.0292233152444,767.4858102071272,8.73569755522136
1487,483.5385219041306,540.6139671832477,8.700108940066103
1488,689.1157169590585,771.2489527425298,11.908768167592267
1489,718.9469559061234,803.5811215355121,38.27886982448287
1490,636.0908903617959,711.3484305412471,16.476920670327736
1491,758.9252767985654,848.0913694825753,15.990508858944162
1492,714.2476763851715,797.8326113110487,42.2159894604808
1493,689.8306477831146,771.5235347730295,16.68731887965325
1494,900.7774527219505,1007.1482927923939,25.50085600485269
1495,831.9309561951687,929.447406665249,18.981300394329132
1496,1078.9150846216157,1204.8577223779523,28.95199601289325
1497,853.3785708328866,951.4498491231365,17.22071181110766
1498,1319.3255974004028,1474.5252681945628,31.666676430471064
1499,1042.4766080585898,1164.1809179299007,12.562078903395001
1500,1191.540741312433,1331.236129412381,23.46924444255424
1501,1252.7926680580536,1399.8840118776643,37.00968410477916
1502,1855.9210428927954,2074.3270917117948,46.13667525857075
1503,1561.916250807892,1744.5776693863515,20.419321406096607
1504,1691.3844490834742,1887.0768837536698,47.74226295387817
1505,2041.0936814227255,2279.73694848044,43.94780423754601
1506,1225.11765019806,1361.9538339421886,56.89444511205681
1507,2026.069924100561,2264.835521348178,43.99029614140827
1508,2684.043205367945,3000.7250423727023,78.82938233138836
1509,2279.9887475679056,2553.803745672119,42.13403702984188
1510,2213.560112981087,2471.879224125319,54.00437267543089
1511,2486.929053837222,2779.385111187262,42.095499520475265
1512,2682.8234962405436,2999.372516387018,85.0388002729263
1513,1668.1628442374326,1861.4486612840467,32.13121576648443
1514,1684.8729011219439,1875.4096727657156,74.30862899885386
1515,2538.419173696772,2840.189168065537,40.98902030424185
1516,2016.0962072512593,2251.8434816214713,57.803308029576506
1517,2968.2911305938183,3316.1016349541273,52.79364493814688
1518,2346.9127915261456,2619.436046972167,75.7011131576109
1519,1772.887807024513,1983.5643181410567,60.842184788926836
1520,1864.595346769929,2081.5296939957193,56.088689654131194
1521,1227.9922589385715,1366.8231915470992,26.83699159817888
1522,2255.0896720335927,2522.9644804905474,32.89179166038125
1523,2133.3450629226545,2383.7922914572364,43.27841304940165
1524,1900.8147665722308,2116.3759769259696,59.45937385364969
1525,2350.2086992303352,2626.7913724765453,54.642167141123984
1526,2332.433439195139,2605.3616892344266,72.7343334569207
1527,1789.1661177252306,2002.408296670026,65.84390382208956
1528,1112.4356005181608,1240.7282660502658,34.23601829201307
1529,1773.8281455627366,1980.5205359501006,83.44374593840979
1530,1673.8645098412533,1871.221558538025,24.239503772314155
1531,1475.7467746355599,1656.431529736099,38.93654996020529
1532,1536.5364546358223,1717.1835885057963,62.27488036668502
1533,1064.590716937544,1187.5942680888602,30.046555662419937
1534,1547.3787906393666,1734.5167838556933,32.29115022511026
1535,979.8817911600844,1094.8051950387141,21.883270826488534
1536,352.4677041640579,394.3628402304005,10.077744042278564
1537,288.62289362017924,322.17441069847274,6.7333146761754366
1538,347.63899016810143,388.6483260940061,8.685819839868905
1539,492.15482458111853,551.1444211776826,13.50618686859545
1540,408.73161315413995,456.5838398178798,9.86701343818837
1541,494.968350367558,553.3682234745776,22.775386034453057
1542,465.66999288238134,520.0669334881351,8.64438522233179
1543,483.01550297931595,540.1040053016546,11.698972846839023
1544,581.870030834907,650.7010882036549,8.347680365246848
1545,467.39441739608725,523.583942750986,7.309012257615395
1546,370.34299157684546,413.48385167777116,16.18456920078934
1547,487.5298989056198,543.993940616667,23.875993529560336
1548,598.1328245767533,668.1094416827351,7.278521026213915
1549,578.2482526971307,647.3841522354069,17.799280576695242
1550,441.1424013059101,494.12473719564514,11.847298525107378
1551,540.1695139861034,604.3105889906559,12.308339980099916
1552,595.0127584923756,666.184144599253,13.209693759697283
1553,609.6394103445718,680.5909943054687,14.062705947997923
1554,574.3650747167545,641.5372483421221,15.423512004238516
1555,724.0818887054771,811.5489250297464,25.229801747700304
1556,749.6996538776945,837.802335361846,26.77779987078829
1557,996.0878349755169,1113.9120242897661,16.17625545274654
1558,1005.1274295484538,1124.481431042633,21.762326610804543
1559,926.5119078940804,1035.1759335345944,36.96797094984118
1560,949.7406070894936,1063.6434700515604,13.851240905738559
1561,1117.5611043013153,1249.3209240643919,26.895020757759248
1562,1053.0462253578921,1176.40200102148,43.12356211317474
1563,1091.3290388736034,1219.7218281494377,25.304076222953974
1564,1155.578716310188,1290.2140721006936,26.810545084808467
1565,1340.632201090265,1498.3693501452403,26.000291145159636
1566,1263.1819798491606,1412.2382256803007,23.96855303217114
1567,1702.801586757494,1904.8420466915406,29.862500657667933
1568,1867.6225286220126,2085.7981970863507,41.43406099809174
1569,1297.8872804170858,1449.0181579729679,29.941873122017462
1570,1841.7360739855671,2057.1941829384195,53.22119486443143
1571,1833.3276977857333,2048.309372469998,37.056781739629244
1572,2096.262546920095,2344.2673886219122,40.6392398805434
1573,2091.636530842078,2336.5674830882112,27.25781365238567
1574,1641.2313212326228,1834.360435731898,39.470218815093006
1575,1794.3542037119378,2002.0807496822688,51.59480077073452
1576,2275.959989089561,2543.028178020911,43.96786031699874
1577,2683.3101086001993,3000.689088124457,62.13476575046486
1578,1559.2214418981937,1740.489635070119,28.33339058168546
1579,2439.361313605824,2724.784832416517,143.64615426089583
1580,2893.626550707927,3243.0367389520543,80.15179760561193
1581,2388.846729954239,2669.4046963801075,66.08279572664443
1582,2492.824951617842,2783.4571933917496,76.64119168533595
1583,2094.632734911347,2336.9641257140383,58.701568472340526
1584,2343.679024816096,2619.5370031342836,64.62880980084732
1585,1804.6065515897167,2008.5985969314445,43.4044368417373
1586,1398.0892208080043,1560.5995160019356,16.94766836247588
1587,2668.950472277238,2990.1085788728296,57.3230190281195
1588,1746.4932044156865,1953.0350868320163,32.54443779849314
1589,1834.6583337685117,2054.1036939367877,90.66587810188786
1590,1619.5930413527808,1807.0029684585384,34.98851755788637
1591,1489.0493866048332,1659.8376494968056,79.11869516879177
1592,1856.904958348508,2076.241148958627,57.51240725130629
1593,1505.10518039158,1682.6896492096319,40.81165267478402
1594,1767.3347825367491,1975.392415591036,68.40021602688982
1595,1606.818753730459,1797.1799412536886,37.59515996657532
1596,1425.6766491026817,1593.550193531439,22.720228780830524
1597,1347.236121179429,1503.565928457753,33.758630192267965
1598,1529.7105863387371,1711.8002279976502,42.00895408964942
1599,976.2582722505485,1088.7901613894373,32.20339953989736
1600,336.8764320160942,376.24469697222924,5.4411516698735785
1601,418.60781834030115,468.3928075081257,6.3367165856705325
1602,449.2793545984675,502.74199254188824,4.8967883824332175
1603,291.94007434320974,326.827288703045,5.936678820237902
1604,381.1360835970181,425.82939234956564,10.340725241061293
1605,501.9469147722313,560.4705534664832,11.269415396343494
1606,454.5968672063839,507.43991241341126,12.936136472379513
1607,474.761136724879,530.7613356078616,17.97489523194995
1608,450.3743032416704,503.93887294799805,15.328377290737482
1609,455.5961903681569,508.9100720910278,5.7402220117059155
1610,541.8091634585884,605.5661883083598,14.004149494376648
1611,494.70766675906555,552.6023993097217,9.131071601336076
1612,520.9503734029246,581.487805491358,10.57906859660065
1613,576.0259712420395,645.3075129281422,18.64980396415848
1614,553.6796281486272,618.7611921414033,15.453361304460165
1615,662.1975638337545,742.5866546169888,6.132327108970539
1616,960.2778523182228,1074.0391320739657,21.4954578859627
1617,492.65383871688925,546.9566642808235,20.673750690514655
1618,752.4436893323339,842.1305805042043,20.32568043011479
1619,675.0530052511419,754.65211960075,13.999398576039361
1620,864.2407073429304,965.5105510153684,19.10668396930365
1621,878.5089195693819,982.301805592695,36.44526640450821
1622,1084.581196478639,1212.2607265542958,24.316131598433262
1623,1213.7768384337687,1357.2864227513728,26.415845302001486
1624,1130.1160554551884,1263.911439707438,38.13343831195696
1625,1352.6251872104872,1512.6788331386617,27.887043365092953
1626,739.5856567463188,824.406289184475,22.087902733201634
1627,1589.695090263452,1772.5785067765016,21.460472390501586
1628,1429.2584860681513,1597.7244418751204,42.15645043007835
1629,1626.6925783125128,1819.2890008945742,30.40597310168917
1630,1195.901928308709,1339.819754477549,31.535346043149502
1631,1405.3564548425497,1571.7496888736657,19.154628793278828
1632,1704.9920345401094,1903.1770409508615,30.02544337907906
1633,1845.68069648581,2067.840121438852,53.564641035241664
1634,1812.8878147548326,2030.1605780509071,43.166113790232345
1635,2054.7865873271653,2293.8608707821863,57.728353603007946
1636,1530.4416529722068,1707.0063029813116,44.353239116557766
1637,2337.5635124280043,2613.5861221154737,69.44911425704151
1638,2107.3896035882126,2356.0277022826144,37.58980953920135
1639,2156.129276277848,2417.329958299555,59.52679084635636
1640,1743.3905469129236,1946.2654937373563,22.22828617718385
1641,2551.673466832777,2854.960510210121,69.6486303235589
1642,1371.610642998124,1534.7275826684568,62.69267142495964
1643,2563.02170103601,2862.3018192794643,70.58850793488716
1644,1880.0502643917648,2097.798219199704,69.94767970316838
1645,2529.6977576654645,2826.5847431277743,99.18473661252703
1646,2391.7054814368817,2673.775410556912,39.18379547224652
1647,2822.043617428703,3153.9484038346654,45.60460732640583
1648,2220.9727564013983,2478.8069665194107,61.93221957994714
1649,2004.1471233639488,2235.6379528578987,54.132382319826476
1650,2093.3812307761627,2345.330192714505,38.96577640777667
1651,2491.1894035858427,2789.0678848425,61.801715750021465
1652,2384.6236457535624,2669.896282443519,92.23825422615393
1653,1930.3225122031909,2157.296678125678,45.95252874772238
1654,1890.2469830744922,2110.444646804353,96.98314913820194
1655,1431.9767764986068,1597.2581356154694,58.70432548776536
1656,2007.0438859883911,2244.3864022460084,58.21431884895148
1657,1257.6266217980535,1401.5486654560236,24.67284221561362
1658,1843.838264093677,2065.002762259004,32.41814747993584
1659,1497.8198693697007,1671.9494649809546,45.49165757268508
1660,2004.1919531248052,2246.027757611833,66.68381975815866
1661,1047.413496287002,1168.809226726101,34.30467692081973
1662,1207.5429396665913,1348.9829746887547,34.885182543843335
1663,1396.427940848963,1565.8949921773858,21.947524430481398
1664,374.6548155508757,417.84591023668645,13.110220996026248
1665,289.1598267042125,322.81351982749595,6.31467042359218
1666,380.57058861056316,426.6208422967456,14.913647994379138
1667,356.5005931292702,397.45504520952187,9.354852462358567
1668,397.37375897099946,443.85682493813755,15.297417510379034
1669,369.48132688381315,413.20760476247784,13.250050120743987
1670,422.5814238342783,472.86527215638245,9.631467633702366
1671,315.685861582009,351.5000459946519,11.420906803365092
1672,455.100774247672,508.6207803279087,22.84375790910329
1673,502.10445085329104,561.0648561338052,10.879112635625262
1674,448.6137137879812,499.71256248425374,15.85839301989281
1675,370.40190428740885,412.9592322447736,4.841963440166257
1676,632.5457298753522,707.7348526499856,5.256123395648941
1677,578.4079564411845,645.5273224876463,13.5908779156446
1678,538.2140358244427,600.1606509286236,11.529333583509084
1679,586.0201958593899,654.9070639138888,8.622725830529909
1680,495.3737836742215,552.6277868459224,18.64667803806069
1681,568.5611097117906,634.5337952307248,9.422373728379956
1682,714.1388177020323,797.7031627825907,11.90890382286938
1683,918.0543542252345,1026.6672457238788,17.84842245598308
1684,747.6077569679511,835.9236623993797,15.832281559387873
1685,1018.266515823894,1140.5719563635446,36.48514043183899
1686,819.7845596683246,916.9855779738905,26.713184349872982
1687,1071.7982384690652,1199.9379140962337,42.93617861078284
1688,1027.9533811550705,1148.9319628759458,31.17085405479853
1689,1297.433297653777,1448.8889065941569,28.21039629077914
1690,1099.740082296783,1227.8359284973521,45.05630817996533
1691,987.5322358018681,1105.1014426833242,27.040092650696227
1692,1053.1667443223064,1177.7314911786682,34.35758724903268
1693,1320.5863578814838,1474.224785563461,46.28862108304867
1694,1141.6823509824414,1271.961906620037,43.8596859771766
1695,1677.6691751616409,1876.669001441484,23.590769336334027
1696,1472.8204334033237,1646.8905379023247,46.4867551639338
1697,2289.0959729045944,2558.932274860996,67.39187635923204
1698,1232.2032202620303,1376.6958663124333,23.677853787992348
1699,1796.58131328591,2005.6764780010806,42.59924147769886
1700,1654.5982737444156,1846.634787124678,47.86011909470874
1701,1830.75194796284,2046.8395048364384,28.991478291147324
1702,2092.913579847851,2341.5579318318164,53.26449321714166
1703,1393.486121485623,1556.1949187462112,30.014525707199923
1704,2227.1048530017038,2491.8726358543136,97.27585965495872
1705,2763.9588367097876,3095.296735068186,46.84851870165627
1706,1959.5112650633964,2184.56763577948,41.55449639392908
1707,2301.152334132079,2569.0958433016995,65.33328275248111
1708,2653.295765076493,2967.401074264323,86.71612510620392
1709,2310.457312775793,2582.70430273436,121.77745020892755
1710,1984.7027907740674,2217.49272255693,36.92691416425168
1711,1456.5216616925136,1626.4832697810368,28.562017414466517
1712,2464.366077090853,2756.3086679514154,40.615470688191564
1713,2216.0917801108912,2480.6136676845085,56.696339004854046
1714,1908.9793145948754,2129.177900843188,74.95790479343094
1715,2315.1024705716545,2589.9664476326366,48.37019871440587
1716,1913.3667467041996,2135.922231314653,47.962160968994354
1717,1892.666906341905,2113.1415102596975,27.448251282823776
1718,2178.3564910661057,2434.9287507689164,55.641998978133216
1719,1478.5304867578684,1651.8072020768218,27.54483839528547
1720,1962.310973217337,2190.965734391877,80.97239690116177
1721,1337.653684879418,1495.066282836708,28.936859933540077
1722,1487.6366137855493,1660.4948024799262,43.109465405306054
1723,2037.7842787323925,2278.2802857443085,71.37527650937963
1724,1847.359742584606,2071.4634393685037,71.07537140846439
1725,1342.3316019830302,1502.8140994262126,19.723673428177445
1726,1064.9688770395294,1189.8034376036755,25.090947041918792
1727,1034.465483282779,1155.5953112775605,24.93594542708905
1728,314.6073375064543,352.5239928961008,9.173506137728872
1729,329.36970661797903,367.9097420330191,5.866937451243766
1730,337.2417557222823,376.52244223401,8.270560349323182
1731,351.69816019989327,391.98599533006643,7.987293069621885
1732,360.38636991598673,403.2988274915251,8.132903089015445
1733,293.05059954469937,327.5088386769779,5.92233840027846
1734,361.172867577746,403.91438230501467,12.258602517691669
1735,483.41016575691776,540.5808923982075,6.478256358218758
1736,348.1488927390125,388.9489783612172,9.337593378934281
1737,440.89111333966525,492.9649683531478,15.136300450370092
1738,417.15686358973437,466.1664008494247,7.635527451553731
1739,461.4321968247445,515.6579579394172,12.930162745945337
1740,493.58318399513337,550.6022222887758,23.537673789586478
1741,643.1171536139057,719.179788738591,17.37630849248854
1742,610.0739008787344,681.6046723329275,17.45651566959999
1743,499.5078235424893,558.9835142012502,14.224356219469945
1744,673.6678900995662,752.7314480233307,22.02452597019552
1745,593.4327889793061,662.9377244913805,9.241314040416528
1746,665.4584562322736,743.7152323723025,18.41400926307889
1747,831.4834744006447,929.4208903437113,12.21267610657528
1748,771.0480773446641,860.1739043005048,22.68116991924005
1749,1071.8965614050896,1198.5529913208518,19.19390141223194
1750,808.2776938354507,901.1481423635969,19.06734001575641
1751,967.1231934647121,1079.5555981141288,24.70635649661469
1752,1013.9556318737857,1133.6847654369415,40.27212370902997
1753,1032.5409991696579,1153.8292574967759,20.89933606990979
1754,1383.4640202833575,1545.533223273462,25.399840091808326
1755,1365.5142728214669,1525.8808367643537,28.358433964603446
1756,1752.9663195887767,1960.7534430631051,38.70933094129453
1757,1764.6303301786784,1974.3904849846222,79.76916860511
1758,1054.1289885916053,1177.702302775831,39.772773741997206
1759,1531.012878108716,1712.4322010447406,32.15228166940315
1760,1264.9481552574405,1411.6775685863172,24.787904470826287
1761,1416.2091949289577,1581.9610058479402,28.274287618060068
1762,1436.7860405233741,1601.5098644185173,41.96452423633797
1763,1445.639569826997,1611.1742883588101,41.61529064790857
1764,1501.5042958449844,1675.1503315805621,40.314829406271855
1765,1781.5774187281272,1987.5761143521029,32.2452402582552
1766,1658.4232819839158,1856.2585838380448,51.4863522061408
1767,2233.5367440681835,2497.003042008511,46.08222163378962
1768,1710.2153543265717,1911.7324125708737,44.514233642562374
1769,2973.975213365483,3333.1506899375513,86.52052587383723
1770,1980.234464918282,2214.9747888545835,45.167524530964165
1771,2218.3025447639507,2478.2107309389266,65.13039477822785
1772,1689.6990814502276,1885.3321192986095,36.00392527225403
1773,2854.6874205680997,3187.276971472465,101.11722670345522
1774,2534.337354183764,2832.4469405218774,77.23119766930205
1775,2311.4211116624556,2574.0852038301127,76.75555942555388
1776,1762.3071725134637,1967.9245121137021,33.74595535703608
1777,2220.581645022063,2480.3250042187487,78.86175126766551
1778,1770.86646620355,1983.2740372955482,48.4309697127887
1779,2641.1125363192805,2948.3518979630276,80.76344976050022
1780,2364.574321257567,2645.9004614173127,31.759602445808945
1781,2008.9438193231172,2245.6796195134443,47.94916159405748
1782,1230.014437792319,1369.3802072509473,26.418512380858704
1783,1559.9346650079572,1738.494196193647,23.863221370693164
1784,2054.3069182909735,2295.2072392152195,81.34426039327924
1785,1975.676835706393,2207.779876872401,48.62175020734113
1786,1947.0715446083577,2177.1485332261545,42.244481003305026
1787,1138.197167338715,1269.6225336745335,42.42210927345579
1788,1616.7018593285798,1808.3929881385498,43.15452845477492
1789,1614.1483188401278,1802.9094596796122,31.47897997411864
1790,943.0122110752604,1052.5695191954635,14.674935438803828
1791,1155.2666102727317,1288.0171603314761,27.429160532234228
1792,308.21909801559787,344.20366416108953,6.3021057786922965
1793,300.46387240545397,336.06549089585906,3.8370758035172265
1794,231.4007530055078,257.81213227133946,7.596981400583154
1795,323.4266821997486,361.0002985810911,9.118528745688765
1796,329.53545147659327,367.3462854480916,4.38770133226061
1797,348.20122597589364,388.64881237761585,9.21708510866693
1798,349.78990349884873,390.57400776461805,9.31474261168713
1799,372.80167474475473,416.5719596739995,7.096457448869863
1800,408.77461379770955,456.88610250156523,13.152661770078243
1801,467.50270468384025,521.7976129502182,5.583213138060453
1802,407.65492832648204,454.3598852784064,13.203969836195792
1803,448.7717796534702,501.0364591782265,8.553753322663546
1804,563.2746164140823,631.2568840804438,17.615641386053706
1805,364.4951818617497,406.708100543729,7.220315823542383
1806,660.6469215244119,739.3041936870305,27.93534865608544
1807,587.7830218798097,656.281867139969,22.50306188362051
1808,630.9805697986226,703.5709216416515,9.626529766975224
1809,824.0432264934932,921.8640953499597,19.913761464714025
1810,497.77510350153034,555.0540380258001,11.141646313857098
1811,521.5583568484667,582.256709366246,15.949820479898163
1812,910.7834877472319,1017.3704833245613,15.95923769264782
1813,917.9238218618493,1024.7624086464705,24.805199291474064
1814,998.24209531722,1114.274910641412,16.12225133431335
1815,926.0771276625202,1034.411904096895,20.115302084812182
1816,1248.6694218792484,1396.048884062047,51.23393282700464
1817,1301.9542314774162,1456.07682729571,17.22913119298665
1818,1242.2351641498647,1387.6190126154,32.93165298736847
1819,1181.7476379484096,1320.0129454774262,26.694481972325217
1820,854.9344627674369,954.1767491297468,29.073117239428193
1821,1473.7972718991414,1646.1843120461647,44.209558834876475
1822,1673.6009976552114,1869.4605855710686,41.6707839037048
1823,1560.5870096233,1743.3802966117182,44.54023207650386
1824,1294.3223094204382,1446.1441352250874,14.596923521412696
1825,1811.0937036979064,2023.9056727342233,41.25402228852548
1826,1783.7936967071937,1988.9342243969031,32.74223451704208
1827,2043.1555309502753,2287.445331998695,54.83545947247977
1828,1463.2074984546848,1636.242758788593,53.674549195002164
1829,1761.929096374557,1972.9885868819042,33.938158930015874
1830,2081.323269697161,2328.19736966623,33.13323352267214
1831,1947.1344118481047,2175.3822174938073,54.85218425830305
1832,1683.4031358823768,1881.9782930829983,48.9637393462896
1833,2020.5953702932732,2258.255340983414,40.93548118895976
1834,2170.3281400135083,2423.3379594086528,47.18509209780287
1835,2115.1923005395515,2366.4825655755094,26.087618013147296
1836,2132.6631644604245,2385.9989823988067,33.3930456886086
1837,2002.3731561922377,2238.370606147213,54.418768129948674
1838,2368.0218630568565,2648.152689644765,73.67280095274683
1839,1861.6243590685328,2083.197995368107,29.450817449539255
1840,1943.7878766700385,2175.6352446384785,52.77087368539469
1841,2130.322157370245,2380.693644140897,62.20425743841823
1842,2462.5183049587913,2754.4398785676954,24.67482582619394
1843,1676.4116737404247,1872.161463015012,41.643392216555355
1844,1596.908304288718,1787.9575260932575,48.04881097262901
1845,1279.44297303493,1430.2182340672855,28.739446299605824
1846,1959.6396632303454,2189.7509032868197,48.65110911255801
1847,1497.4467862001702,1678.3398503151748,22.602459658387616
1848,1753.1028629134246,1957.8957919536329,34.89388208403388
1849,1823.7546538502552,2041.4586071078902,39.27804382086426
1850,1499.7849851370956,1674.5954581670367,38.72573854135947
1851,1579.6211198819992,1767.5303799951478,33.81912988525509
1852,1360.1989829921747,1518.8204620424854,26.650979871264987
1853,1546.533192712634,1724.232273698892,34.53033492345621
1854,1339.185418407901,1500.700547115598,36.87254726846185
1855,1016.278946526969,1134.2314638197859,16.662134498909843
1856,273.7157775846307,306.58339139418894,9.930106203225964
1857,330.2480175977639,368.6691954175594,7.865975806396048
1858,312.03631776189917,348.5115244275847,17.9205429008067
1859,262.2679876889239,292.84018578490554,9.801786554125107
1860,386.0768354076815,432.4459942895665,7.421333237009856
1861,299.2614201337527,334.4395117251907,7.252337574597906
1862,445.76100682763814,499.0761429189253,6.468302839144569
1863,499.6993540035396,559.1759299447604,19.888662947044473
1864,384.8977539387461,429.921105726897,10.09953450906993
1865,441.3828765864741,493.89320859234107,6.350602572388308
1866,433.03914928321814,482.550916929624,13.244717615176995
1867,529.3454780160469,591.895550623427,14.8538738072102
1868,445.2122577234597,495.61882784636157,15.048815995388484
1869,546.3613591913846,609.8288468687716,7.531727234692809
1870,638.3629630505576,713.9884906591974,13.483512872630847
1871,556.6867398235546,622.000908814223,14.929047271153669
1872,579.809220945511,647.2483700927812,12.921217478555034
1873,567.5615398124545,632.8301323842137,28.224591741417047
1874,642.573765266383,718.003682294538,11.791856654239984
1875,540.4810160658561,603.481605512062,14.786449027721591
1876,937.3906769511011,1047.8668815488825,25.543446446561852
1877,1138.3761679283418,1272.7289783135109,44.0155502417113
1878,1227.8604139540498,1373.2956109848988,40.02429916610975
1879,767.3626701169152,856.9642693875362,19.674008745573182
1880,1206.8112171994615,1349.5235377857084,25.881804819803026
1881,1452.187892859994,1626.1905529354763,29.296610705060754
1882,1120.1161887483195,1253.0994666444453,10.27888850786365
1883,1236.4639800038165,1383.9057849298683,42.02749003889013
1884,859.0353722738713,959.5671804052992,32.0768640751063
1885,1458.4971072946626,1629.660006314092,24.785231842093477
1886,1154.1035662699028,1290.9704256187501,34.6860575610019
1887,1530.675492175827,1712.910180948779,64.18810782876773
1888,1095.8118009377285,1227.3388380789322,36.21351029341266
1889,1607.164448327655,1794.7010054856214,53.199562326682276
1890,1713.064904479482,1916.8933300224628,87.79838870900785
1891,1389.7900939016163,1552.436702994158,28.667308739961907
1892,1361.8950163274626,1521.8791623878435,34.15590929899014
1893,1126.4916837310327,1257.4954628444532,54.247085769190285
1894,1511.569127745461,1690.590514500897,50.95907845379211
1895,1599.7255947989966,1785.1447020269325,39.11624441806906
1896,1322.2379373408226,1475.1255423449509,45.97545929873519
1897,1985.2818553296552,2220.3685579455914,43.18971839564954
1898,1724.4513505895648,1926.702752074764,86.95587727747318
1899,1593.3867279736407,1782.8728569582224,39.44075115139852
1900,1835.3265312312135,2049.8030837806728,39.84278511933509
1901,2401.6186538976503,2681.714955910177,68.95301324296285
1902,2303.339883273487,2576.844369209744,71.8364616195953
1903,1984.7189279576144,2221.607117955344,25.236297616457154
1904,2350.863871039115,2631.162908977298,45.74774634572617
1905,1727.7515491722775,1931.4385951937447,39.138976092381604
1906,2017.6143495038525,2251.8347091171117,62.94844722239544
1907,2125.361842906016,2375.6289153250646,61.10743239322342
1908,1772.6953252939093,1987.3114301383923,34.790316936961275
1909,2064.51150971996,2309.190771142698,80.78283287462578
1910,1554.5253583395279,1737.031419711878,44.703454948117184
1911,1827.3168853707014,2044.8828037109402,43.833471458364436
1912,1874.0103324978982,2091.8834480860037,74.84847290638018
1913,934.373353128609,1040.6827540288582,23.679727644310077
1914,1853.712147159812,2075.2046054587427,34.76205038101321
1915,790.7116254352828,878.8912232104775,18.492230454575196
1916,1296.1530729852902,1446.8684529533114,21.62148056440949
1917,1542.7274774831683,1724.8188394187664,16.48316932855063
1918,1126.1660497132623,1259.5173397461642,20.24857310337998
1919,893.3100532179731,999.2934485468546,19.20765343212416
1920,248.74243360786903,277.8321485227208,9.116373076985408
1921,325.9468792842283,364.75853646988315,16.66258653655881
1922,199.55104293488967,222.3108225559319,6.4112862353606355
1923,363.4386126368521,406.4927696666035,8.93770990724768
1924,318.16743058988897,355.5322534086742,8.767782351446149
1925,292.1769122285096,327.6343591963735,11.492415043763245
1926,318.66511218442014,356.11546629740405,9.51540541020053
1927,295.2540976355051,329.01423527959116,9.349217291844619
1928,420.5105270115294,470.2919762717985,11.244501314730297
1929,446.0866493970277,498.20109661932617,7.136007260325667
1930,313.9236221463422,350.19838658861926,7.403906302976989
1931,427.19777995592295,477.37889561387317,7.419259181482419
1932,452.21987728398636,505.1212893207347,8.635731773739067
1933,607.2310884156836,680.4033291294473,7.064619498995827
1934,447.091484783818,499.09583189735815,7.103547281999063
1935,771.3554738549825,861.9904534752765,19.251145819091033
1936,684.8143135456447,764.621757950455,15.25625717892453
1937,575.3220335791204,642.781126420281,18.812280525438858
1938,671.0676285829742,750.4806518886772,26.99854079432019
1939,715.5203948140881,800.2518025666081,15.68358070687358
1940,680.1179177699438,759.6376152111308,10.384640063068487
1941,910.4551435328731,1017.1320707995229,21.757873050717226
1942,827.6713421324235,925.8454062561585,23.90874159435711
1943,677.2923595702302,755.0034244659994,19.877770953659812
1944,1076.8021087115137,1202.0720652456166,32.691788048371194
1945,833.2339616511679,930.6843497074627,21.513633307351906
1946,1011.5292944237683,1131.1752931540902,49.013217706653336
1947,1081.0405587148189,1208.9207711489341,34.546035398149904
1948,1135.1748361360626,1267.08114430366,53.102650100275
1949,1699.9898857866515,1902.109707015221,29.908827307645307
1950,1446.4471191155785,1617.7632658107984,66.71332230650505
1951,1437.5486670290904,1608.5977023543303,22.239417071459517
1952,1050.2096902169303,1171.5553538732042,35.92601296904942
1953,1328.2912147829575,1484.5041745112114,42.234635793233096
1954,1534.7276084776588,1717.6179494448593,38.06063571619087
1955,1317.016356077992,1472.9838285080164,25.92646167125392
1956,1808.4717754524943,2024.5141209334129,76.51227223071213
1957,1280.4517551753727,1424.9691540813042,45.90093264118744
1958,1498.4671196718423,1673.2029385955343,35.749912856843984
1959,1590.2278693344667,1776.8584162003074,26.236262385584673
1960,1789.1387793151594,2002.4175483197964,42.16103628978252
1961,1527.162164924705,1708.6698729685772,50.380521937282914
1962,1767.9379379903166,1978.3738486289224,40.61449697278741
1963,1801.229926435996,2011.1395511450803,51.12532136103002
1964,1614.0290902575277,1802.483463176216,52.15045917634158
1965,2000.4464631266385,2237.5739189997107,30.42029164684565
1966,2094.92093580985,2342.893590902657,61.95552634747158
1967,1866.5139219275788,2082.3213713275372,68.45856111281427
1968,1899.6850003523423,2121.1754878064758,29.257480497972622
1969,2196.1286095181586,2455.9841333476975,33.293471022283555
1970,1798.264192826755,2009.5111662096615,73.59761338547328
1971,1810.227180536882,2021.7408238271694,33.26603676300467
1972,1901.2230750550655,2127.2811592005523,29.702367896543905
1973,2341.2424868878925,2622.3229484620438,90.54035141986053
1974,1415.9811556016753,1583.1655230450324,32.344375254327126
1975,1872.6123534366743,2095.652021243723,39.76328032726772
1976,1335.7137326248665,1492.2895088247622,72.37336365513649
1977,1649.2738015812984,1842.800100762618,19.910999516400928
1978,1966.5627113487155,2200.5316632718163,30.323870491952405
1979,1589.0164876574313,1781.0421908570702,20.075237794015234
1980,1484.826714879929,1658.6208618632586,38.11530920357655
1981,1222.6741153745172,1368.1268386408078,20.387381430262547
1982,1261.7383610778172,1406.8634143282181,21.973487227278728
1983,1092.7656323121862,1223.6039918580955,24.63401670050042
1984,238.3845016977892,266.4883107135018,7.403335243672046
1985,264.327730184041,296.09754550698574,4.5427325863092385
1986,300.4854662175816,335.81761424359377,5.054925525768523
1987,253.87167870314477,283.6687231281602,9.985039842142577
1988,286.49180489237665,320.8230476802805,8.896712857871792
1989,262.7354834586382,294.1253423597305,6.665599848306294
1990,379.22215784668566,424.1988347323074,13.180204476713454
1991,408.1905856462138,456.2725524063394,9.464004495623737
1992,388.7804516474635,433.78791139317866,9.060937450307183
1993,455.9926063037399,510.27916096101404,12.184768844746706
1994,428.7889191487544,479.2797099723989,15.517967950747678
1995,468.5946575030743,524.4168059157272,9.318777425027866
1996,495.52825416792433,553.7630292116397,7.7727241952897295
1997,517.7867977576087,579.2782760096935,25.727150453405567
1998,481.0854627459221,536.3580644760768,23.013700395275794
1999,804.1046156183507,898.8237647157318,18.95247652545388
2000,608.9273366792305,679.4243786035537,16.864924445015145
2001,616.6123024029093,689.3343842759465,23.1432487147838
2002,864.2120606907398,967.0259182548036,24.456240699197362
2003,869.9247842775678,973.1755956118773,15.980118608341535
2004,702.7995483868352,786.4654989242658,16.330931538216497
2005,1070.2485170411885,1196.944809811756,42.02227644580288
2006,998.8310801518627,1116.7579323728016,25.715026893334898
2007,908.7373921468911,1014.6783311536985,23.21464566696792
2008,1316.3883945952,1472.0804021770991,31.029652089261912
2009,1263.2245247075878,1411.058441402733,20.321402599773656
2010,944.5921765750621,1054.5917193412643,27.013091064115624
2011,1583.8530879033847,1768.090664115254,50.394697472864245
2012,1380.509748483059,1540.334375505751,32.5040540483407
2013,1351.2504202668943,1513.604386321089,48.63004918202878
2014,1646.105325341304,1841.0737789406794,32.835481283230244
2015,1402.849556785981,1569.0432600242837,39.54632107006675
2016,1425.11789446237,1593.0792404022686,27.963638536147702
2017,1258.5054896897893,1407.7883585761892,31.50788105165018
2018,1560.0777148050954,1743.6807848070162,34.0967386520343
2019,1599.2758356025606,1785.1930074568645,56.7798864295211
2020,1468.2435293036228,1641.254423940293,68.99319529731946
2021,1265.135404639127,1414.7227944091132,10.108342537893886
2022,1415.0015883458393,1578.216157210288,48.18675931314911
2023,1540.656963554126,1723.191196683496,37.92857639300852
2024,1294.666735958395,1442.0827788592978,27.32352980675398
2025,1301.0774613203407,1452.0770465546575,29.061309323531482
2026,1795.279290141411,2005.3124086106131,24.2497192558432
2027,1034.80955689979,1155.6559397139856,18.847297092333314
2028,1759.1628476314518,1966.1402186057114,33.886615809026445
2029,1518.0465364892152,1697.7168854449112,28.346413018148557
2030,2184.301834145175,2441.194281786542,75.9328456443295
2031,1651.1651044781102,1842.930593609765,23.569444663792684
2032,1997.0501826518691,2229.9923891292233,29.923112351409408
2033,1718.9210305221648,1921.893628672775,32.84850415976551
2034,1873.2577651429071,2092.783405151737,73.59219859808209
2035,2051.638028360718,2293.935353031637,28.139241534805507
2036,1719.8465071444336,1920.7678691236847,62.59935719981283
2037,2033.3490904979308,2276.1525482193947,27.656749420679773
2038,1450.2243676132923,1616.9701439067303,60.11111679234232
2039,1717.870292585978,1918.2319257812014,41.8467503696381
2040,1807.7193564758572,2020.5983881903717,28.281763107131955
2041,1711.0218960301354,1916.6733047305488,20.091741639157203
2042,2018.897942520249,2258.305713100135,65.20890943113433
2043,1314.7623317146392,1468.300841563999,43.11410792519035
2044,1109.5613534672316,1236.7918777083557,31.140736372431917
2045,1044.4798307929377,1165.8792424879455,47.26892118053979
2046,1317.3826027971581,1470.2657752339176,26.37012937968484
2047,1173.3454798853295,1311.596412924151,30.402411109965655
2048,275.7636409838509,308.18575857126285,7.801639000249848
2049,229.49421682123983,256.4733858306165,6.4285974406766995
2050,337.24392212464045,377.70587424230894,8.209314868115856
2051,226.17930058226844,252.71372206178023,4.682835218121631
2052,358.1230520630399,401.2581593121787,5.139456002717336
2053,477.40993381241447,534.3492591431169,12.781868298203742
2054,352.93541272771273,394.7785857257246,7.714731365061857
2055,366.31170450517476,409.56966647843916,5.561633943657578
2056,351.0217334907543,393.06351292970123,7.25414098067251
2057,277.5732539493476,309.823841643198,9.22860097805386
2058,383.1094027470822,426.8653961704487,13.324422729814076
2059,356.6320711181898,397.03308040006084,12.32904218345536
2060,351.5867590863681,393.278568733178,5.955257295744118
2061,632.0252589204867,706.9938479251738,8.117125450486872
2062,580.2421957505694,649.7597893612696,15.761710032200229
2063,644.8202424043812,720.1009287913862,16.072205584393643
2064,645.5609894521926,721.6416889226196,11.645034488648465
2065,678.8477638055671,759.7456155924707,17.052206084935296
2066,826.2048770011774,922.4682606123514,30.158569186132443
2067,823.2061423626616,920.189353332531,35.56436614142128
2068,961.5062634089486,1073.2234071943856,24.02607391111321
2069,908.0714451509645,1014.0797844481265,13.964552070170699
2070,919.2687844219349,1024.8631317662123,41.768089984396845
2071,781.6774334853287,875.4285098431235,15.243978892203636
2072,744.7659387957141,829.4365654467322,36.59575966354107
2073,1171.9661756455653,1308.6362997385188,34.67706542912804
2074,1216.2175767322751,1357.055423723587,23.15930503579167
2075,929.2682625776707,1039.828026227958,7.489976905551904
2076,1201.2960774622152,1342.5771378430188,15.427198235991394
2077,1282.6968711675802,1435.083591257181,29.415361009378657
2078,885.1419432692094,983.7709093046956,32.147110640433986
2079,1200.6215379915013,1341.8472573489794,42.97718900879631
2080,1448.1840255457246,1620.7400044326484,29.710885671118366
2081,1508.3409962137275,1688.0117137751972,34.43966786569593
2082,1119.4491058120204,1254.6950421372876,10.496796106597285
2083,1435.3966078899025,1606.850781732288,21.12870664424171
2084,1600.9490811817614,1790.0638803593392,45.489914243510725
2085,1603.911078428817,1791.451883152818,39.57969683014856
2086,1384.0803122338727,1550.1074197187374,59.24259060214629
2087,1415.9769034115427,1584.5214178656684,37.15793790004112
2088,1361.0886767593404,1519.3889965922617,22.011600067682647
2089,1618.6166613370533,1812.7356537638846,53.971388489792275
2090,1579.2983937919846,1764.6821751067625,55.56524736628829
2091,1808.0183572946623,2023.1062563140918,30.41928995374241
2092,1687.8574384885842,1884.4334366950702,41.575011701068334
2093,1827.7102104463459,2042.3232591019587,49.03498333539196
2094,1692.354050825478,1892.3894724945685,29.740276654267284
2095,1985.5342616618937,2220.4339707521904,65.72082176017008
2096,1941.474508708146,2172.668166778086,42.888927221248935
2097,1470.5167186889637,1642.4706840260021,25.87196908502968
2098,1238.174709120542,1383.2328439221953,18.260114326187594
2099,2093.5495968556756,2341.0724697893306,39.90552040686927
2100,1874.6793654936278,2096.1483862886607,65.6256947030041
2101,1223.2978573763567,1364.0815154338238,53.969616718419864
2102,1417.0383835294806,1583.6625953063067,56.68705899429392
2103,1741.2038901129738,1946.1415993292408,40.78624196956421
2104,1470.8139822924802,1639.7178915666184,56.64281187607324
2105,1424.437152332067,1595.3398813293704,53.15162131905415
2106,1723.7595307326344,1927.310782893457,43.48529343189856
2107,1142.1325781849841,1276.5269570778946,22.06688573442423
2108,1120.487885728344,1251.702909475566,23.540447138221374
2109,1237.6302537407485,1385.7434643489219,21.786474158132656
2110,1183.5323187472095,1319.6400390014444,28.53685865336089
2111,1121.60187479982,1255.6827438745515,34.835184786248014
2112,297.9712316860154,332.87120458998635,10.125867610334673
2113,261.599598805405,292.3082399255155,9.09593084911911
2114,302.2804208047615,338.1765026628319,2.1359599417563695
2115,280.7126299025416,313.4463106470869,3.7241921269111
2116,267.36938378516254,298.128108581802,6.660548664810142
2117,306.11645093810256,341.57474346421327,9.927786253814995
2118,344.6773463178087,385.0731034475878,7.0694257305551975
2119,376.6398278448024,421.10201929305873,5.793238197560809
2120,393.3800815110292,439.73961940680584,7.378366677043305
2121,398.2345075925007,445.4366929979371,8.97814525950438
2122,360.61777659682605,402.45117425178785,5.531975503409407
2123,457.2645916366501,511.69527075855166,9.405932444031823
2124,486.3111745327261,543.4067413479793,12.205685743525704
2125,503.46040404451105,562.3969446330531,10.97407357626517
2126,731.2510709410836,818.3911980336205,32.20122277356512
2127,559.6935368103765,625.4530911446187,12.487614498661776
2128,734.1505578090193,821.337525947332,27.882738498621876
2129,764.283405278955,854.0075032399866,17.462998367734084
2130,770.0331529796899,860.8329106869355,20.156330923924244
2131,1106.8989525314364,1237.9447591200433,31.61806215160392
2132,859.7893649984782,962.9404264331895,20.312065469519172
2133,973.7810915452907,1088.9844141857222,33.42196706568161
2134,888.0427698882983,992.3723289807155,21.892760389970324
2135,1045.083126369145,1167.9151223081706,20.972452924728607
2136,1153.932133943872,1289.9291845052494,28.666361979734763
2137,1369.402455469906,1529.2038848618324,54.26778497995988
2138,1279.5626753141144,1430.2915709435779,14.679630846141842
2139,1454.4255749571578,1626.2768333853014,26.187179350092304
2140,1206.1661711025374,1347.3854967824639,43.75929508436817
2141,1239.3779912909188,1386.7286947587118,22.112194520356518
2142,1879.1605921816893,2103.703281984852,46.18815090414374
2143,1357.756270087855,1518.132034464029,33.041764603756214
2144,1159.9982941481308,1293.6561593302636,18.344234118508968
2145,1264.9577690567091,1414.6747351932206,22.16394911408401
2146,1174.6027862481883,1313.8786247595967,37.05758811085246
2147,1608.7528567957715,1799.4702426058088,68.32204198859857
2148,1325.951704554752,1480.0085050281998,23.102685629675133
2149,1391.4514094952096,1553.2032697171164,20.77269394335599
2150,1355.7167080569684,1516.383911260349,26.903734188668086
2151,1518.4972305709937,1697.4361564519734,21.186747517904365
2152,1262.0187123686358,1408.5288009841877,29.814490617003482
2153,1162.1449572525064,1297.708082905742,22.00436686193731
2154,1490.1893878411483,1666.596485030146,21.034982526671723
2155,1635.1828071249147,1827.0978465248481,37.15298754536974
2156,1659.301673148615,1854.817528628561,51.72283972310604
2157,1310.8275601522491,1465.2588762709254,49.938172141557295
2158,1712.1845204907092,1914.4002492834675,43.15144100296864
2159,1442.1177272577322,1610.8152197868362,42.25835764727577
2160,1443.561734985869,1615.248989949213,16.76710430020911
2161,1314.6103585378373,1466.4117739109206,55.080442996372135
2162,1998.0882604177843,2237.52881469216,29.943781724790632
2163,1749.2995125630162,1956.5292736377776,49.2243747857217
2164,1759.1197629817732,1967.505342331668,33.30162734697653
2165,1911.7220068800214,2140.2128968582947,63.606873635403886
2166,2369.0424299728224,2652.221080515741,47.030413950338435
2167,1077.9046205564384,1204.289211964534,23.24981255137648
2168,1375.3250748417893,1537.6175895902609,28.43494752085898
2169,1294.640627538109,1448.6354884908915,37.3681336860283
2170,1190.2856976326366,1328.8578773257686,16.031236287740683
2171,1155.1197858007454,1290.4852265274803,50.84815816969671
2172,1208.5821856589355,1351.2368355059004,23.91787846180482
2173,893.8074320107934,997.8370790140785,19.126400426822293
2174,1123.3639019064503,1254.3561305719913,49.362532121468796
2175,1015.2609031854827,1137.1161225916026,22.011203476211296
2176,278.6874229883459,311.39888859977447,4.736173727753248
2177,298.8709215449913,333.49223987749724,10.07330521561903
2178,283.77947094083396,317.1554277767661,6.363515515561095
2179,255.87626695606517,285.77445966028006,5.527847429566243
2180,398.18820833322945,445.24397072631086,9.494766662863222
2181,321.32022431240324,358.24741198155857,12.88403521367767
2182,237.29372679501063,264.69539332240345,9.875858678023022
2183,251.56178549268003,281.2569593126152,7.9552433003413805
2184,269.52734240930783,300.93039136425546,6.975171802125388
2185,371.0770489945471,413.52278718516845,6.438195447150604
2186,401.5076780832724,448.66163484561815,5.636269132037222
2187,408.595066379347,457.4116258135046,10.55857797537499
2188,590.8485772224357,660.5009784419752,4.438620618456979
2189,526.6138455744608,588.9522380222456,9.508135280767641
2190,609.2419366928875,680.5973001663178,14.36287939929241
2191,507.18797745697685,567.2514624490818,9.967391138832104
2192,533.9736180785081,596.4619229397041,9.36453270725914
2193,715.4298108316767,801.1748633773938,22.221537298083014
2194,713.7483846080211,796.9737433794019,23.445464192908226
2195,599.4612968811193,668.1395359884532,19.604319481528094
2196,880.6699109092542,986.1219132590319,29.713903206113855
2197,971.2661969747238,1086.8693248729699,8.391606357973911
2198,963.2178856613052,1076.862152946015,29.795658818018204
2199,914.4800041426679,1023.9175407051578,33.316477664618965
2200,1011.7470300226495,1131.4686893223559,23.97809575532889
2201,1186.7760065105304,1326.9797038930976,33.88548631253064
2202,1242.1862210371823,1386.1979394866783,57.70911345246267
2203,1371.94996688859,1534.6301051812347,28.05827357758657
2204,1480.735003942176,1652.8306967586414,40.637696030488904
2205,1225.957697703417,1371.2431877081315,21.126599797094162
2206,1273.3763672119965,1423.1232431926294,37.4687263804258
2207,1374.896175613761,1539.1745919896157,27.230930625751665
2208,1399.3599749709397,1563.3916400764926,50.02595673159385
2209,1318.0677493311741,1471.351248809833,40.317032633802135
2210,1467.7407416735057,1644.412576208751,49.25297692797074
2211,1462.0931278068867,1634.0914402512292,24.590301401252837
2212,1515.7125145626346,1692.7420951447907,28.007192665651665
2213,1641.8929816545226,1838.4914596621506,30.01807789293582
2214,1077.5345406936208,1202.894564721469,45.76501508920263
2215,1239.449512686492,1381.823550780578,38.94889708693754
2216,1267.1124446941674,1415.3940015839798,41.3173369101294
2217,1258.4310612791194,1403.6315116095102,37.60212117170827
2218,1210.0950621715112,1348.514605505202,21.741310074819904
2219,1007.1408160753347,1121.1198752725188,20.54313626320708
2220,1397.3158474880204,1562.2753209145799,31.287585991597037
2221,1146.6445000742096,1280.3951514141067,17.769971465841884
2222,1381.6285864438162,1544.2649486974576,51.65093131220861
2223,1218.7408201135474,1358.1611209200053,37.14327653733442
2224,1218.0600796464234,1362.046949422097,19.853712728991262
2225,1578.442074279913,1765.5010860263067,31.968950694126487
2226,1514.0800773356216,1692.3047324895422,47.88482325109937
2227,1653.1904270062912,1848.8343008778616,48.367183448540956
2228,1968.0342887997049,2200.646639556398,23.052622951424283
2229,1458.41305455812,1625.721153495731,55.621449170806656
2230,1482.913024682955,1656.3751285383864,57.01346038899591
2231,1160.0506004099639,1295.4244171397818,44.323729770432955
2232,1105.0370415205332,1231.8314661929487,26.574115250045814
2233,1716.4877671381607,1921.1402471638037,46.614169605825836
2234,1096.543246828299,1222.4034340995886,28.85652297864994
2235,1003.5856819440668,1119.6247853055959,33.45949340489963
2236,1137.651188779812,1271.0909615722808,43.57588984311189
2237,1037.9797669192717,1161.832846774294,15.756798074387376
2238,886.936390402019,992.9663844589774,17.16178187894798
2239,911.0090674320071,1020.544109737982,26.016667755002427
2240,310.200697631701,346.7672388625654,15.056323152112292
2241,234.7957488201223,262.8454350799099,6.485387320015642
2242,210.85740377230357,235.07315184097098,4.099332681702892
2243,330.3971977732615,370.2403596272909,10.432655474100667
2244,315.61109659531695,353.12126419782044,10.040611295781634
2245,269.36953008968817,301.31194585190667,5.38746131850225
2246,226.47174818247697,252.4712159965103,5.679110566073325
2247,281.22144335807417,314.5560633089833,7.123972613674949
2248,336.59188348270965,376.64417214615514,9.052327392537421
2249,461.36632604006365,515.9067109533439,20.35575605516609
2250,312.0861007258244,348.1605048813388,9.083896668851795
2251,427.3584910352366,477.964681483216,13.761508766859013
2252,510.7301467800314,570.6133893983123,9.151777200206869
2253,293.214762606981,326.77453140832,8.342730668577435
2254,601.6178440294572,671.5167096319057,15.341218855863966
2255,467.29001634772965,522.262995757242,8.997078938913173
2256,691.9887144599254,772.8711918850979,11.286582401702553
2257,734.378002563989,821.4130276395086,29.55824497305731
2258,903.6194403846823,1009.0446016076144,17.52707520475396
2259,903.6688616228556,1011.0759255545174,32.341575915784304
2260,585.4561619606675,652.870795899239,7.794511604581187
2261,807.0240983648216,899.9470237568878,21.461311098677356
2262,1069.67714125637,1194.7852641844127,28.25408662781982
2263,1108.4945939493225,1241.6987646175126,28.337589859088563
2264,1288.6728794538515,1441.2003111306997,33.18893811820315
2265,1414.6015148042848,1580.06103147224,22.883710350665474
2266,1356.3519694263875,1517.1492558510588,17.460318769861946
2267,1253.5081961590363,1401.1145849599263,12.334659409102143
2268,923.0892609940033,1031.4631080252266,33.88187674190036
2269,1239.152583995819,1385.5730904951242,34.06166399912947
2270,1428.0975916547345,1593.1506143804766,43.58001487626829
2271,1070.1465809631843,1196.5271927908973,25.053874205149135
2272,1538.2380052570663,1723.0061632010359,36.8765675707864
2273,1575.0630287897648,1759.713194820761,39.885977057279675
2274,1286.0919630521169,1436.4335547645362,21.482686928121797
2275,679.7657329276309,754.2531580814764,20.80294418767559
2276,984.8255425289169,1101.1082295258163,22.701427352826673
2277,1576.0376191688972,1762.105158213371,15.760573290464706
2278,1127.860826040999,1262.0768494165468,44.674853718322886
2279,814.0567212373625,908.005070612127,26.58185793321166
2280,1399.1023055527837,1566.3443027016206,41.42341917419378
2281,1251.1714834464776,1399.748042338091,45.568296927323864
2282,1489.402743340114,1666.007104815485,21.57256290932282
2283,1264.061401791394,1411.6100995980187,29.647013285567255
2284,1352.3997348137518,1512.5295127198556,31.219479547039125
2285,1372.4320627773525,1535.890116839699,30.035873790966985
2286,1562.3310396556155,1747.7575833871722,31.286957302970933
2287,1725.1701264614398,1930.045117344203,45.30787701357591
2288,1552.40588276836,1734.0255990801072,57.431582296053925
2289,1043.9805368795978,1162.9773374216431,40.39944771840432
2290,1535.054300442267,1715.2781654023931,58.75142417926858
2291,1580.3228691208787,1767.9326337689486,61.23141349469186
2292,1616.7343288045447,1808.351582539369,24.021214802906837
2293,1269.6122177837883,1418.173364466536,38.45277981519087
2294,1715.1135268562493,1921.3389913800952,63.21235225964223
2295,1500.0036366774843,1678.9014868055745,39.35102691258621
2296,1755.146864417582,1964.6464407841074,31.01726406845733
2297,1132.9962332597054,1266.5153125185525,26.250740804498886
2298,1114.5907545608009,1242.0436837569125,23.105704156295307
2299,1072.619097018751,1198.8282752077262,20.728451374469206
2300,1070.9539986420803,1196.4421642502662,15.759859969430954
2301,879.9526554367293,983.8994407002311,39.55247924371564
2302,569.292154867058,636.9751166095853,16.737012355027286
2303,845.8655057041977,945.078848612085,31.53827218150657
2304,267.74498936176843,299.05397081299304,6.776286510752088
2305,230.29355446676016,257.61429692290136,7.380896198120539
2306,344.9347024831063,385.81752185455326,10.959076198254522
2307,262.2093229871611,293.3609798797174,7.80055858347864
2308,326.2809256440063,364.6099856331804,9.94802500844377
2309,300.1233453053713,335.1430734408402,5.0635899434272815
2310,345.5119841078204,386.7049358226343,7.598537762270915
2311,323.5551710772807,361.66225827598157,6.579461824585382
2312,412.59845601057907,462.0189165931842,10.4084279653051
2313,374.556698484805,419.22551730372993,9.43084313450959
2314,416.14805090810665,464.7548700775027,9.512651440211133
2315,448.4904415782799,501.7702806546826,12.079308695730301
2316,431.5315703951095,482.94404834411785,8.988644224227805
2317,516.5800228476586,577.5994637340387,13.38401475152319
2318,703.4895566328835,787.3937648800542,18.87607969658414
2319,542.8281625069533,607.0556584098092,12.754957009354998
2320,670.1907176347445,747.7301359961862,17.159096529801847
2321,825.3257139476264,922.7735268709043,23.199972410679855
2322,861.7299371138271,960.702608607682,19.657755821695247
2323,847.060417134793,946.9015986962727,21.62360529560556
2324,551.5643855103906,615.8556475492593,16.61741527139699
2325,1053.6997475694643,1177.950809777457,23.426922945583208
2326,629.9816593262102,705.7131706984354,8.468882490587193
2327,1335.8374845795845,1493.1374340980299,31.49136491681883
2328,1176.917923876996,1316.1159286426541,32.85006795675559
2329,1397.8888882072094,1561.3058369635985,36.88793759440563
2330,1096.4058284989737,1223.9045178930455,21.277504819399397
2331,936.2588492650085,1047.2761881792715,31.962661885159466
2332,1423.9053832027068,1593.046558827381,59.81356373120932
2333,1375.680350748898,1540.0655036403468,55.21921489878551
2334,1249.8281436257914,1399.7784914776905,33.4995282263001
2335,1331.603353318811,1487.992574880141,42.14742915954051
2336,1764.8365215000285,1976.1561510795382,99.71206891435055
2337,1463.449494562709,1634.2783262218468,33.64602293844822
2338,1428.4376420377585,1596.9190937800113,31.702404470523767
2339,1429.7915510562157,1599.03446008465,44.585981067492995
2340,1468.8807064583336,1642.6517776463684,34.17105354675294
2341,1179.9770503334464,1318.026640849774,23.609287048563377
2342,743.4660691341618,828.0478999464316,19.956247777984867
2343,1125.368093484107,1256.7447355845388,22.69478942321164
2344,1305.1687392750864,1459.6635565561792,30.766453455489632
2345,975.7372658681705,1089.4379269551548,43.86783284073587
2346,1154.475319068059,1289.9970318800843,21.873015749815885
2347,1061.2145510315825,1186.8556472203031,43.22549875349317
2348,1427.2023127159268,1596.3884410893668,25.664754454051263
2349,1313.6020981861561,1465.6280772851087,16.698304889881786
2350,1306.5171810180002,1457.964206734595,50.35133993830699
2351,1331.5367735127425,1488.6201610713933,54.749708089242915
2352,1238.546458615415,1386.8148237925589,49.89650721628658
2353,1290.6213951084342,1441.4537056544955,30.143034246715803
2354,1021.4032873351479,1140.5610190015193,19.637169992287415
2355,871.5168339752398,973.3182943046576,22.7624411593855
2356,1259.0235125439958,1407.345291552649,35.634502427090155
2357,1370.8046358365411,1531.79350838605,42.84913502396836
2358,1464.864097184944,1637.741708836798,35.003324554573915
2359,1439.7305372868173,1609.915281736029,47.8051535691077
2360,1503.304436842555,1681.8119542788031,36.027875032327245
2361,965.1833557689911,1077.274922829948,27.53437421041758
2362,989.1849271116816,1104.9007343987362,30.432885822262726
2363,1122.8468553184298,1253.1658963871544,35.65761021377109
2364,1339.0353185429758,1495.4586412021158,33.11122492533626
2365,1151.4604060014121,1286.7926096537947,27.610542410700887
2366,1050.1471331138416,1174.507654823093,59.293522402794274
2367,780.6140624365473,871.1045034127278,17.23376431893823
2368,214.7228101382178,239.7345493228799,7.154704766660997
2369,281.3292515238009,314.819306557738,11.29731051659426
2370,209.51377306592346,233.75718848141253,7.749594751488322
2371,261.8107183244614,292.6408961978877,5.590210929935783
2372,274.03331846221766,305.41652054558733,3.1831760649034124
2373,343.5270571698151,383.41774275859404,8.973900958058703
2374,287.18927218849853,320.77380999696925,7.2188555963182655
2375,213.16598552467138,238.00599475415885,5.637062160853148
2376,384.7012607127534,430.8331434221817,12.26730108105705
2377,328.8867200141435,368.29517356362976,6.677989318535082
2378,365.8440620025119,409.3182564865212,7.205167878566947
2379,397.8764556279918,445.17078514314437,7.868233784233086
2380,405.97292003678075,453.3898243731432,11.907829714387347
2381,540.0681719843274,605.5893547618542,10.2898051186739
2382,391.99443059737234,438.0243611142985,5.180604297692216
2383,525.4836848469902,587.4341494456696,17.935026390146298
2384,700.7092037094433,783.6540471137273,15.911179693550046
2385,603.0694172676228,674.0512604711031,20.590028947153783
2386,532.9860854288843,595.3547161221684,12.821901331075757
2387,918.7536760761709,1025.8027056329809,16.55504568367515
2388,1066.6255508681957,1192.47512898084,32.274378435075555
2389,965.138672951241,1079.584812892721,10.161767484347783
2390,684.1265859648805,763.1560555375053,25.462244153537405
2391,1223.9457459299829,1367.4077966036107,23.704082036934246
2392,870.0362427854096,973.1069961360878,34.05486458837187
2393,1225.1576176485262,1368.7274426873773,40.22377838514862
2394,1113.013200974584,1242.1463935291315,19.292834324827705
2395,1037.6499225196999,1159.6865185350557,19.636004671121643
2396,1200.8530923117123,1342.7295283700726,27.651723979121623
2397,1213.3086697733038,1353.865740570956,37.55663628070112
2398,1253.307015151638,1401.8236141416328,46.75371549805377
2399,1407.4345899238942,1577.6412446338015,24.191218524887805
2400,1157.8330917676092,1294.4631556069762,36.618904205887574
2401,1472.2992699107485,1646.6541520975884,33.95625349862919
2402,1232.5633082642576,1375.2759947061404,47.472584729113684
2403,1067.1747112417652,1189.3856656456026,20.993084377424005
2404,1052.0534682053512,1175.147348550035,21.307574835228518
2405,823.5864250001247,917.231010128427,21.840422018432218
2406,1049.5579525551339,1167.4199335211867,41.81752879113053
2407,1015.3664956680652,1134.0447769067623,21.254702000076
2408,646.6388620868246,720.6426033032211,19.61203158942053
2409,990.3616577603152,1105.8543832965609,19.325027438714095
2410,883.9488641060865,987.7908325374976,18.287098294164345
2411,1378.0247604735973,1542.6584096632732,50.316290749169845
2412,718.0808054558121,801.3816153495733,24.629467780230854
2413,832.5218890874405,929.5246308376508,21.72323459271126
2414,1280.16730505171,1432.5222992458635,23.222916564708985
2415,1293.0645979526132,1446.366174305419,19.89591793033779
2416,991.9123537057641,1107.9406858251286,12.87513440079454
2417,1016.2261061347407,1135.9373119423333,18.234706188995926
2418,1222.1325231943879,1368.9586207612954,23.87355235407866
2419,706.3502873095796,789.2405676739697,24.993308440662478
2420,847.8587406816476,948.7985923924704,32.36341412223259
2421,1040.0099729161316,1161.9891492405006,20.9167339806415
2422,1429.9765446139704,1599.387364005373,25.037000567819234
2423,1065.8182724360736,1192.3017899247052,42.869792313938056
2424,1067.4097768755817,1191.0434362862914,43.347621418498704
2425,1226.7194658745939,1369.157511069149,42.517662604856014
2426,1362.2368478833914,1523.306178028394,35.469140392643425
2427,851.6027034353651,951.1054773952393,24.449889407326076
2428,930.7299690600142,1039.832191096538,6.734034529055786
2429,1137.4082367410308,1271.7984597391674,12.845639248792269
2430,663.0630330783582,739.2303357855914,14.863165545307425
2431,855.848765570083,955.6759700144554,29.52173579929686
2432,212.94668421308648,237.48948421508203,8.876291736703324
2433,246.83316426741567,276.372246157914,7.766357208705273
2434,236.13690267100122,263.8509678299355,6.856297861669915
2435,238.62425863019442,266.94971151116647,7.058306142905652
2436,223.13443375878362,248.58715391947646,7.103877301890961
2437,277.0049593017019,308.78674296251575,10.992906538626821
2438,337.8136408977922,378.31701995658403,6.352843005481799
2439,309.30519055274647,345.40506216309245,5.859754112579629
2440,347.7386004517459,389.31093516285046,5.680775209528978
2441,368.198872607193,412.283186126646,7.796708973725437
2442,302.1066895250306,337.3351039240289,6.764222553862124
2443,449.3477798969914,502.6736724320821,8.500407457423746
2444,480.6608624507033,538.2779654892003,21.843995932182754
2445,652.0260134086368,728.8429443733178,16.45091503779088
2446,499.4304756416364,558.3349181930658,14.151040388290493
2447,522.931215887066,583.4327739118559,23.984145777009793
2448,701.7787197431833,785.3072320558184,24.133030498924686
2449,761.4353980833847,851.4732314612025,21.79753204772503
2450,706.7137356328685,790.5875936646429,13.08900410434921
2451,760.8338751028965,848.4616059523336,15.01018186002922
2452,968.014066458858,1085.1498951857625,25.650657612368434
2453,865.2320972077057,968.560244774738,20.995994630296675
2454,980.5682550400484,1096.2932897379326,23.15099070360636
2455,1081.1662895520958,1209.6671767927037,19.974713290535032
2456,1384.321925747838,1550.0368550487167,37.516660601182366
2457,1161.415205333646,1298.7436320552572,25.325518232702112
2458,881.7914041165387,985.1221062996867,23.72790784595716
2459,853.4646090495127,951.5552632829788,33.594528241569606
2460,1152.0367762684932,1288.1310736675239,50.1296485933386
2461,1124.4464306921618,1258.3010587188726,40.588180937296144
2462,1323.9209271500338,1481.9279113900604,28.193317043589683
2463,1039.7666111788428,1162.0456183541457,44.239780868284456
2464,1113.591734056684,1244.5447831675351,25.497095700194794
2465,983.8354331950367,1099.6833734291165,30.301923706325802
2466,1147.760185098307,1282.5821832262177,13.811665748608435
2467,1365.4870204891506,1527.7766851781294,30.282723037088616
2468,1217.466311089229,1359.3871535792948,37.62047016919183
2469,1066.5838241495774,1191.5788768200175,24.097645369375414
2470,952.5806589096358,1063.2078417520186,20.250955681680296
2471,893.9529313216998,1000.392244454512,23.480113096795073
2472,988.1055300479062,1104.889427828838,17.53429859568501
2473,1094.469199142094,1226.2166441143931,18.10378847396557
2474,822.4376082830909,919.7551490986284,12.688881865841191
2475,936.8590288490083,1045.3596308236197,23.503459644259298
2476,661.5969499396966,736.4337904055113,26.898059291537265
2477,991.0548995326635,1109.0319237837655,18.809910809480762
2478,1096.1196840437754,1226.1219223753335,19.881060778846273
2479,956.2019173399618,1069.203134958804,31.52860017648992
2480,1283.0503524772444,1433.4201708184808,25.710199267532992
2481,852.4221124625521,954.3023026897722,29.005925484084095
2482,1110.3493272473804,1244.0137541273896,17.17343195045399
2483,1067.2371759084185,1193.2517078985707,16.126360381135278
2484,979.8757098960061,1097.3681299175084,32.18777766559774
2485,1013.7634851093446,1133.650017092013,16.346011388392096
2486,987.5298471157231,1101.8852125597737,51.50192948661273
2487,1118.2434962654877,1249.009542072432,22.955563717198576
2488,1220.1401065282407,1366.7298921297413,42.959452674507496
2489,991.357268507617,1108.9344572930413,19.972912864649867
2490,1044.837104529246,1166.8974962648638,37.619275510713976
2491,719.4890469649953,801.8545348556584,16.45956405965679
2492,953.4455482097288,1066.0706165578254,18.50874220485612
2493,687.9467811570037,767.3076823665655,18.743994620626154
2494,931.1689243783817,1041.649144919479,16.03365587344484
2495,1041.7492085530534,1165.4900095790233,25.34200590329769
2496,240.67226603685808,268.92306315276795,5.058760671707569
2497,167.87567831962215,187.20095321491738,3.2905364310883476
2498,227.69316498145372,254.46960640289458,3.7622892865640156
2499,301.536369761954,337.2536938840925,8.830663882419765
2500,301.00793354769024,336.93157405665903,4.476788366140944
2501,295.065626017738,330.262772964898,6.678148577602781
2502,327.47010957178924,365.9722385713377,11.558979744989283
2503,329.1970925162577,367.8131389904688,6.899210412773706
2504,403.5819125415638,451.6930315483213,12.542693218625747
2505,377.8269400694456,422.401939508193,8.959323038309249
2506,431.45955411504184,482.0202347585616,10.198464475015804
2507,429.8621107875248,480.7790279142107,5.413428236033607
2508,478.10355621069675,534.3696051544193,16.469515957457343
2509,422.2418192885064,472.54899637493185,7.923828511934838
2510,453.4240649213374,507.1254745010465,15.901115787632122
2511,697.9544137956517,780.5414978825187,17.450163980765424
2512,629.2004047981486,703.0463331536286,7.576747830890693
2513,704.1954549560478,786.9461557423003,18.762037801704967
2514,755.2590677344601,846.750546173629,10.418250562690677
2515,737.6427950770039,825.3696532908737,17.78666537576845
2516,907.8063365336166,1014.9989911649484,21.23584433191213
2517,1136.416161648237,1270.1475491894266,23.89944575024085
2518,1129.948270090661,1262.160949853638,20.584650624139904
2519,854.9761881989158,955.1144759231986,32.846424199225915
2520,1094.604946117878,1223.9182425789932,28.01656210301812
2521,1607.0863021756022,1798.5782377176101,23.61535504239882
2522,1097.5656088720943,1221.8801680954703,52.91973739112567
2523,947.2116881533915,1058.838904047317,28.280207772643262
2524,1760.7377228843272,1971.5401914915974,47.52662475247526
2525,1473.5651149021303,1650.5304147232778,58.6166281331693
2526,1304.1605086766538,1456.3576718502504,24.423534504498406
2527,1178.9299873568496,1316.7205313478296,28.630338636355763
2528,1428.3803931368784,1597.702038043573,56.892487515422474
2529,1045.1542693504312,1166.5317126389725,24.112306990156203
2530,1296.722576299487,1448.3850280816512,23.06419444568692
2531,1173.5328278207935,1312.8636320708479,27.035533386629908
2532,1072.8117882674505,1200.0658539938736,12.717152738033649
2533,1040.9072756626522,1164.9130623330273,21.259365090223177
2534,966.5029742712444,1079.4970696006249,24.557198813910286
2535,1129.8960932486923,1264.9670556784422,35.754378173087325
2536,753.5920848336448,841.4994407039729,32.50681788913075
2537,677.1402002352896,758.0037947776692,9.487471805867722
2538,946.7986447751124,1058.0734499331486,15.514557124577548
2539,999.7821541371177,1119.0319024901532,20.174009760495924
2540,967.3874888918754,1082.6807494640038,14.782689384779816
2541,903.6391837054647,1009.5055115169037,31.153566301563313
2542,832.3669062215478,929.4493613275747,18.335390127319695
2543,1015.1972288638503,1135.145961106441,43.33890930121984
2544,928.128105609034,1037.7904956222296,31.966157601097706
2545,830.4957380340942,928.2635287068241,12.551055591496741
2546,857.3318295977815,957.2804993355394,42.525339088318646
2547,1165.1219698850555,1304.1173156416116,31.24182500772912
2548,651.5265113416681,727.2476535156862,18.93699782820676
2549,993.7354125309624,1110.7592956320204,15.675140728119436
2550,696.2414863244564,778.8323807927507,17.037959709261994
2551,931.9202271570185,1042.0939785819764,16.67828527442567
2552,801.8794044473659,896.2509094524921,27.177301694278395
2553,593.2332274582241,664.2025637333526,24.414920307043122
2554,903.9291309068722,1009.1733073060749,19.22411881072108
2555,722.1222868094409,806.4512026814155,26.242311855299516
2556,505.4442110590463,564.8904524999439,12.737098713935499
2557,825.888127368798,923.712426651143,11.441878546669592
2558,850.7343382073966,950.6294146562391,20.837279412048257
2559,867.9744836669252,971.0265068329386,21.964222262612726
2560,260.73646398130154,291.58226154621354,10.970178140129663
2561,234.79849708522812,262.4390486593547,8.986340966193065
2562,298.5529580928262,333.2946356831318,21.858984372384896
2563,313.35550204046507,350.61820106687884,9.784674131734008
2564,317.26657340124086,354.46585625759263,7.153515174322768
2565,221.16301237530843,245.704655355036,6.671506514819557
2566,274.0664703053713,306.8986984408402,8.126741222322112
2567,326.58719889358406,365.3500257234547,7.3121450924351645
2568,226.1594413197918,252.7878519895782,5.3989675576014875
2569,355.3930349850582,397.2867366144369,12.897814478045287
2570,494.03963910116016,552.8067449646286,9.59640422559711
2571,442.04418550615,494.36455318273875,16.636099087976937
2572,521.1247564085694,583.2888614039672,15.04751447443287
2573,466.79312665850154,522.5026202589744,10.240041681221763
2574,471.3963125930743,526.9485895887016,21.105775305589045
2575,534.8551660391031,596.3934954644552,18.825570275014854
2576,506.3947457419635,566.5634654998017,7.895412704857701
2577,546.1574480863156,611.2192819792386,23.745629181311813
2578,886.5955991580587,989.4899405530583,24.07041236110868
2579,951.6460380604107,1064.6237908049359,47.215158013251795
2580,724.3733769151187,809.3280219976726,21.30652135175673
2581,1038.5963605517989,1160.9973851870473,41.375776273429345
2582,989.3004174275799,1104.6064376788213,33.40872986739304
2583,1174.8600023014476,1311.9658323005247,22.056146384397387
2584,1253.46254346465,1401.8389055499154,31.296363559720724
2585,1304.0638856544454,1458.893470882526,65.85330777074388
2586,1305.6931939860533,1462.4014349392846,24.100896116985073
2587,1458.401505897518,1628.6067976740449,58.16639060939663
2588,1390.2735452500565,1555.3385189834341,34.81644958643736
2589,1443.4808934418254,1616.5706770477611,35.94300209609369
2590,1123.001591820616,1253.027835188481,20.779901840136358
2591,1669.5653892601815,1868.7860337091438,32.11038168527124
2592,1361.221924550811,1520.1548349699049,32.16271235863736
2593,1301.0833283521124,1451.7467791701695,23.222078402571004
2594,786.6087552779571,877.33117221257,28.33873527698016
2595,978.8771138809619,1094.0404257266348,15.820040681701368
2596,1246.279614482126,1395.7832447451165,30.980424658184
2597,1048.1677698817502,1172.0578597382942,25.54782290843356
2598,611.2537813908589,681.6442981673232,25.46334911153641
2599,975.6785421747041,1090.9394647929353,49.26353533722573
2600,768.9120093660589,859.5547192308843,16.647312909935824
2601,999.6996132561011,1118.3464323070104,30.957125094148598
2602,804.7827908754044,899.6168894039248,26.20331146398187
2603,818.7020964699705,914.316710128614,14.657230256050337
2604,877.589057908174,980.7837030468534,31.716402716589332
2605,677.2812593819611,754.9248231053359,12.181229796800993
2606,674.8251090248798,754.8639504186322,27.007353347538007
2607,743.6684022481908,828.2238824621653,39.5487922629466
2608,892.4748126473287,998.5641204544772,11.75234929399201
2609,647.4112709886655,722.816874528548,23.42547425552078
2610,639.3939271640654,714.9654883381062,7.4432659771958125
2611,916.5469721038744,1025.016750359202,33.57990970761933
2612,776.2959330659486,867.0957655070981,9.292224680526017
2613,786.5340774628388,877.5655634851543,24.719436018928036
2614,604.9577249176206,673.9829976739197,19.81075307849007
2615,756.3910036631088,846.3312219030705,17.797120693209422
2616,809.9620342959648,906.9754020548706,32.47678108066724
2617,943.960729207773,1057.0592027440887,24.390640641129384
2618,706.1375835062823,789.7739614188716,17.21938594984307
2619,902.0320972126948,1009.9236499118209,14.14082867052411
2620,590.0477842554299,658.9784853160727,17.13040519283589
2621,648.7389753825248,725.9915638858262,21.8297525829828
2622,733.7666182606032,820.9992104432274,15.501510787647673
2623,610.0343320264462,681.7056626316762,14.547225119727065
2624,223.83277978629997,249.75812095305685,3.438935731642438
2625,244.1318538887947,272.50011179185515,6.706454592158576
2626,305.2371008689437,341.53418975140244,6.968705041023621
2627,294.8904132153789,329.9064378755716,9.149793504519302
2628,235.60373029847415,263.05665083882326,6.523813858581506
2629,261.76960630124546,293.1944583924727,9.394023937238998
2630,287.4696883560662,320.86523774130745,8.662601545433583
2631,246.18679372687953,275.08213806783175,3.253438083407084
2632,325.88993567047237,364.26245988540467,13.01343895454949
2633,315.6029332835898,353.20131461233666,7.6483753632906195
2634,410.1338613858823,458.2791815430829,8.482185986962063
2635,434.5320884365748,485.72358814098175,9.264319194472392
2636,382.6332375311496,427.752748324661,8.452303114842362
2637,392.8595586721013,439.45561466266224,8.730553218188303
2638,532.7646191395874,595.1421530330092,18.97889008365821
2639,429.43011034444703,478.1896091770416,15.652817708742946
2640,669.5825027367304,748.0954305110021,13.85434415530072
2641,662.8535596589703,741.1381933418601,20.6549300476768
2642,634.1962400904615,709.9225836481546,29.369962219036548
2643,660.9490521509694,739.5741748532636,19.697872144468633
2644,1056.9474622024425,1183.5641173551155,20.702211697774484
2645,904.1294554081678,1008.578746290432,45.086157936694974
2646,1271.8585274583488,1424.3799488617797,27.7412305057499
2647,1053.550496797742,1177.0448276349564,29.9248290442749
2648,1145.4000489596247,1278.6819512255886,19.77024434996146
2649,1680.8782359783506,1879.9378994076292,38.34844319316149
2650,1034.126560787712,1156.0616056068513,21.152209825333784
2651,878.2739092632249,978.6774308427645,24.501826673173532
2652,1602.5588456443054,1792.4849099414052,51.17401494170886
2653,1162.8322939563695,1300.0742743736419,30.175139432293967
2654,1221.3271025592494,1363.51289275928,31.474192170510477
2655,1132.0203374967884,1266.025395443003,22.89324048087378
2656,1210.6894429115664,1353.8793035400697,38.672625924394964
2657,985.82483841849,1101.2889945190566,14.896404541661807
2658,1058.9551599083536,1183.3390076317883,23.347277500043774
2659,1040.1409321479885,1161.3742202838564,37.97465960616352
2660,807.213873260117,902.5338334423619,17.983749428989285
2661,754.299002938781,843.1198385628564,21.312179999980305
2662,838.1864668527322,935.3071307584518,16.803682877659472
2663,640.1801828264807,713.641568927122,11.137132372073525
2664,751.3888859491032,839.394586791481,13.218201751451327
2665,803.1906229841679,898.9022367974679,26.334963774860118
2666,657.0770781357185,733.8778313492014,20.830183532568107
2667,672.2753809689218,749.7519086985427,9.822893133937391
2668,721.7943357952576,807.683030876689,23.39754289466479
2669,621.0332648523033,694.3705559166627,8.926249315312205
2670,759.4313428355482,846.6103177637702,14.694935380338158
2671,859.3258713082051,960.9335735587034,16.94814691176019
2672,702.3424490987531,783.8403119859862,13.390181024069285
2673,768.1427965590227,859.4361918255429,24.794473027723708
2674,684.9752667337468,764.7067182390263,13.71309995297619
2675,782.9373899025042,873.6164451085587,21.336741537115785
2676,913.040324704906,1020.4394111415505,16.37628041382849
2677,804.9959944345567,901.4423567630316,18.56474240792517
2678,518.1187080893963,579.3680446513873,9.354948227085789
2679,763.1371539802789,851.9748534931116,20.447268564647008
2680,857.9034965748001,960.8006605715673,30.106987413891694
2681,654.220700743847,730.8464059390507,20.02366077107965
2682,775.5442775425367,868.4681605500525,16.702468907015394
2683,617.6036824354746,689.2181913082549,11.303405440328712
2684,481.9217960498417,537.052655022026,16.926829119773362
2685,652.0931317730718,729.3985242320816,5.944865402010835
2686,395.64928545058615,442.1407284684789,17.70084652061819
2687,505.7696700667143,563.5220051956403,13.783502290410615
2688,268.5803179446181,300.1302375732435,7.307588897110077
2689,165.00741381778997,184.47460817832368,4.007630674882025
2690,186.73584102737917,208.68566839231062,8.406857204614944
2691,204.25992723328653,228.2087346151304,5.301739602760926
2692,263.93069463430027,295.3963899389856,4.793495450040276
2693,250.77753242294003,280.4974859013343,6.670473356112758
2694,338.5751578052154,378.44852953030636,6.574494196846868
2695,322.6225356183382,361.103476202889,8.557845467095124
2696,340.0804336764665,380.39696915760965,9.63811566816033
2697,320.45151174545816,358.4732567983282,9.879342750762774
2698,338.9951053814148,378.7721362428253,7.561683166128452
2699,325.63554495134565,363.48663640059965,5.092776536833899
2700,444.61115912041737,497.3722087937683,7.509565832048771
2701,353.9960051610296,395.1986143121911,4.79725754471103
2702,529.0330375967538,592.4693258773003,8.961801278184906
2703,604.2614317747558,674.8749734658473,10.692137869337062
2704,563.5109516034988,629.4834036226363,13.348156343660945
2705,605.1291104236461,675.3726657282317,11.523224045565629
2706,748.025156114286,836.1394008802936,21.717535326497657
2707,453.2798255801481,505.59129987852,13.941896925551843
2708,902.5897522584181,1008.7712129931851,15.147436677628223
2709,847.284707962491,945.9624264768428,24.526332628301372
2710,1039.7075355880932,1161.4728325593246,35.0532118991793
2711,1132.8984129135497,1267.3084270820602,32.20842612075137
2712,1103.5427777193313,1232.0423300954253,11.186432071847516
2713,980.7716761372849,1096.4024185622454,29.106952075440397
2714,1214.0342662806913,1357.9414892276916,33.38591861506211
2715,1222.292015862558,1366.5938461759365,33.422716055305344
2716,1228.1518353768126,1371.9349250038665,23.16665184073869
2717,1202.1399224077613,1343.93511577176,27.396361472776835
2718,1429.4661887570498,1597.03542563434,48.37251981983819
2719,985.3583239422259,1100.3068508100123,18.018462681515693
2720,1280.1282437454636,1433.3392722034657,38.32930642207779
2721,1308.0054123126974,1461.980320884646,34.175840777339516
2722,787.6507623721902,879.655277144359,14.400068956148921
2723,1029.972487856676,1152.459183519316,25.13440184188257
2724,829.4301673446392,926.3045772748195,16.08483063964269
2725,778.4567275807642,870.3747024129497,19.6191069750316
2726,736.6414545039275,821.4935651941685,13.186607756071345
2727,712.5111598821618,793.8971306621033,23.693454747531824
2728,905.7459734209472,1012.2947065490699,24.577415711619334
2729,554.9985241931059,618.7712866410653,15.020408689805711
2730,542.6377929221056,607.7088468921571,7.431750645856553
2731,507.19359594644664,567.8758835559845,27.17342651033831
2732,809.219668213957,904.7374224115028,12.432074873776346
2733,568.4916078054026,635.7031072229471,12.870530140700424
2734,642.6308655513122,718.2042581861813,11.219844843363314
2735,606.5338244152371,677.7302003696783,15.463642822587481
2736,520.5507766570048,579.5602487178495,30.28120014396635
2737,609.5747345755309,681.3019174241499,15.487731377957127
2738,934.2837797320454,1045.542090087281,20.86705095522943
2739,785.5597956921991,878.1815492574004,12.144583287663117
2740,606.3504184397053,677.9572548645012,20.329840233583255
2741,659.938649184687,736.9931654722379,22.521396479983213
2742,554.496194431314,618.2683434239281,14.703333434793663
2743,499.41416841631974,558.5550432844253,20.973547151208685
2744,772.4486535515441,862.6587245250555,33.636243228508334
2745,739.1599452984493,826.6339488131379,24.167493407915156
2746,731.9482849457706,818.3701711599098,28.93814047667546
2747,564.4748055222269,631.3159462369883,10.668188827007379
2748,553.2260590328622,618.4533486379648,16.179269876718926
2749,674.3962714326785,754.8449317289201,24.431774184000815
2750,556.9757126710886,622.8622374198344,11.549968127842593
2751,460.0916964755206,515.5490983436188,3.2710259191863553
2752,171.68780498092988,192.37948886350085,4.85954373856336
2753,251.24278998425996,280.6386467925036,3.638580330553962
2754,300.1372069852878,335.5079452507428,3.5259052311896713
2755,211.3255945872798,235.63519652197994,3.4496198386133177
2756,264.0727711105817,295.03658756600953,4.905101723237876
2757,286.0051162257508,320.24884015556677,2.8261938424173434
2758,306.55962484284936,343.1148631818908,3.8924462131740802
2759,315.06097179767966,352.19176007074276,5.044660317089742
2760,259.4733869350369,290.39202700747586,4.973379923388536
2761,237.09706859348847,264.47986821507953,4.5542507302983175
2762,298.732080521042,332.8109125169312,5.294629849697152
2763,412.646930327971,461.1029837118254,21.462062851479406
2764,366.5087055634478,410.0989811821353,13.93323406577302
2765,358.91685767444363,401.5039723745227,10.28530135314966
2766,320.2324314473583,356.53251134478626,5.570736602834071
2767,629.0855076389598,703.5944033370208,6.810343255135925
2768,603.6788239010674,675.3092584290789,17.756080427232696
2769,678.7867050636212,758.6108290106489,12.693353428129116
2770,782.081937598375,875.295332546852,20.873484207262376
2771,849.6968914671517,949.9438812261623,27.473554910762836
2772,785.5619931436759,879.1872775428487,25.75182638180829
2773,872.7653583370334,974.5897171433363,11.027059128313297
2774,925.7123312968179,1035.865661333312,21.96170199175083
2775,1406.8175542285394,1572.6757016271958,25.10141143023217
2776,1226.3473574536843,1372.1337950586073,41.10903266315458
2777,1059.9559260343885,1184.471437609912,24.82139601515905
2778,1279.239233124693,1432.6911609962485,46.52558727940649
2779,994.114806281477,1109.699165536782,33.50973539932719
2780,1511.432974697173,1691.327783179072,56.98414971144355
2781,1058.9161236108996,1183.2355071434986,34.45813827658779
2782,1376.1766044855938,1539.5772013153896,29.52601755869259
2783,1327.0794770634764,1482.6943822616734,34.09165039836014
2784,1224.2225152794788,1372.0063707793804,28.019704126299693
2785,1118.116769235998,1251.0211073071348,42.57783223819174
2786,963.1394138583248,1074.7042749171217,18.517851312932557
2787,955.7304967319508,1068.3949223896766,17.394147877417232
2788,815.7284774039698,911.9357828675769,7.796461678043081
2789,827.0950199815287,924.3382124799509,14.358572167866168
2790,966.381751132795,1080.764928938871,32.46736655032423
2791,688.4727308597268,770.2487287606419,9.571600977149076
2792,607.8559046668779,679.5072354841366,11.486865992318402
2793,585.1469078756837,652.8333770916013,29.34098775774254
2794,686.8555682398995,768.3170291243339,32.580900058511084
2795,678.7713187063628,759.8061594415788,14.444789627351883
2796,596.4154409777395,667.3753872783365,10.526008084104102
2797,564.8740659072712,630.7184147170415,6.343476428252786
2798,617.8236694209619,690.8902527644808,17.16662065464
2799,518.1891805830293,579.8343213451855,11.858054708955036
2800,550.6475870562051,615.5819292743753,13.412282786714657
2801,642.0631003239052,717.9681785251031,18.652891705651086
2802,636.0843250762681,711.2618810331539,17.70117571466351
2803,483.5254505736002,540.9599556360989,7.462901382080235
2804,480.5446614355845,536.8709052212707,11.681352239563013
2805,597.5205981920807,666.6256208853947,12.34838968975875
2806,773.149219960201,866.1158555189216,22.85730536521597
2807,389.6280172282727,434.12200245236215,12.274100526037541
2808,586.105575032615,655.478336083679,8.73824134198333
2809,451.82111730709744,504.1429036182708,9.029698558545094
2810,508.9761665788411,569.5278887326044,7.356610636641554
2811,516.611402383827,577.4644596266049,5.917650173385508
2812,502.0669017602131,561.5243174912508,11.493193071101995
2813,472.5753364559766,526.7399987190968,16.01754559504368
2814,480.7529374434071,536.7255604762167,13.95714017881489
2815,401.53850685383003,448.36151988861025,9.735478489550024
2816,184.48398833218178,205.86023564752344,2.41819546542437
2817,279.6836573191083,312.27024148579784,7.31277218429676
2818,279.389700876053,313.28564207174554,10.158200959379142
2819,272.2149060762456,304.568186710037,3.823056550146822
2820,187.55969968120857,209.32011174040701,4.753083282276428
2821,276.3639207994607,309.37138470468136,3.125445472145819
2822,291.3898139553592,325.89690483338285,5.459899042174665
2823,220.8317531950864,246.91252748048709,8.946014034308186
2824,291.02557032432924,325.0847379617551,5.853011910330568
2825,298.2976068316293,333.8994670285915,3.3245242565284263
2826,430.6911187099173,482.03538560175025,9.192653096553745
2827,434.9903627862078,485.96646095802095,10.263240407061348
2828,299.02580983919495,334.6484539189776,9.73317035507748
2829,561.02854340946,628.3322362209366,10.307655899975913
2830,359.9184317834862,402.5379324557422,6.732483426651395
2831,563.8236093201609,631.0189919697223,11.107687713835434
2832,615.1185614917721,688.4841555776661,10.390895794570124
2833,477.33340553151874,532.7798883048052,8.264215491638394
2834,674.1359621559834,753.9159070160321,14.771618615335576
2835,666.4212648014789,742.8988660826315,41.48841183325518
2836,891.9864689851804,997.5276140402955,20.945466150797124
2837,889.4521456671922,993.3808310077727,18.369383270571312
2838,1142.4915385854938,1275.7976814829042,28.716837434760713
2839,1018.584104212762,1138.9234828811714,15.923844077989468
2840,1025.383800206853,1147.491985496297,43.0467758443114
2841,1322.6117012533393,1479.4351555636347,30.888912114300002
2842,1278.823130291365,1430.1971985184803,50.4206180049179
2843,1284.6848481839738,1435.379337537635,37.98911122143918
2844,1035.5141786354827,1158.1200409564744,16.711713281104508
2845,963.5123596435047,1078.4984374169032,32.2137689430574
2846,1046.5354474870226,1169.1982398871633,33.894567406326495
2847,1019.296420113797,1139.1208911768592,52.32988549213436
2848,1241.873899771196,1388.1287319005387,13.50645964410461
2849,1229.2445376987146,1374.1854183664307,41.97375325049215
2850,1025.4278697697493,1145.4155144107847,22.716910585651444
2851,1145.041375743348,1280.5462404253421,33.29693895363468
2852,1042.8203641781142,1165.7864942041315,24.409255768062923
2853,791.7997136008971,883.7308698436476,15.607207879478999
2854,637.208694610603,710.2782155378421,18.75751671230033
2855,857.3183930698399,957.5492815140227,18.435507551146664
2856,646.6730796888291,722.6288930873011,17.669902464847485
2857,623.1320802145356,696.3967094074044,12.027084896737014
2858,541.4808539037613,604.6793272031035,12.803488652734446
2859,487.90847819595945,545.5563483794765,10.715508740227715
2860,410.4901792431946,458.48582921737693,10.913351822066478
2861,545.1975203800177,608.292697804442,16.51951300281015
2862,461.49751613164744,516.2180107573419,8.501089549729995
2863,762.2692710722295,852.7919105746853,15.389876927468418
2864,419.4583123370809,469.82086349213876,9.037431704189167
2865,409.9245608831246,456.3147288535603,9.70031978659155
2866,543.8880675352157,607.6185535113837,12.926894491938842
2867,665.6732572872417,744.2770911726813,21.70158106250353
2868,545.0347964118497,607.8277402815992,18.258604279628475
2869,564.68266430265,631.0707949385617,12.454307274102822
2870,387.0341755588829,431.3951354817044,3.5247214853555486
2871,456.4855974512272,510.824958028594,5.555047279239406
2872,470.84310999085784,525.4512700862957,9.275002391302928
2873,353.40581745383395,393.76075721271985,9.038080967473608
2874,490.148592283026,547.6154488318462,7.2024406069751485
2875,329.08944785433124,366.47294310488684,6.001265515303121
2876,372.9509180159595,417.03353103352794,10.957240759110551
2877,428.0250277371044,478.3167108962831,7.392703609364247
2878,389.8294352277064,434.86975396930325,7.154618289076327
2879,439.0784158669856,491.82426823509746,24.767268792642923
2880,240.338857400677,268.1291154771021,6.6141195908450365
2881,272.04286150436906,304.1090535488003,4.4395532221081835
2882,281.7942762170452,314.82845819135724,5.607506576877709
2883,277.5854617303667,310.7699062586526,6.141725718386436
2884,250.0640739522037,278.8344110841779,5.929199256236097
2885,273.4304402459284,306.0458962324983,7.7356941462123086
2886,274.4348514788383,306.8232177597789,6.917449599790275
2887,276.96311863103,310.11854187162777,2.647169146661139
2888,264.00385707359146,295.3558661771089,6.969940003657372
2889,284.5460705254447,318.0475075504067,6.13057256711608
2890,271.5421540806807,303.8183818769036,4.814190419813746
2891,345.6716293699752,385.60181226349437,13.701567376291433
2892,336.3096681060718,375.8437863220867,10.948157312674255
2893,346.06868383517633,387.2535450810574,13.906014024025469
2894,388.0470156124888,433.8081636796595,17.252092421420567
2895,394.74843183337526,441.0019838265704,12.046093028467709
2896,620.5850584472884,694.222670672867,7.2759076844410195
2897,555.1104409792986,620.1464513836748,23.55367044835232
2898,569.8109409471825,636.5500308137042,14.136578869328812
2899,789.7259742918238,882.6241157910918,10.383200127190317
2900,723.4403885470792,809.0293119273665,16.88785513582351
2901,663.7577664867957,742.6506639534261,10.331050585677078
2902,1020.5690945517338,1139.9744349202647,31.650390246435634
2903,931.1162689731445,1041.006199147083,14.093509387193425
2904,921.6731617823136,1030.7660622485273,30.28133552967743
2905,1068.597754675546,1195.029001909818,28.9090455947087
2906,1281.2201056894808,1432.6874034576908,40.266371820963926
2907,1105.7700038838682,1235.3808992189859,36.67297826554718
2908,873.7455308249293,974.6797779294895,42.549797240537664
2909,1337.133314637905,1496.0312701505284,62.83917890731492
2910,935.4603533434441,1045.8513877444877,23.366759736546154
2911,1442.4145399162858,1616.5890017997497,29.067819725464755
2912,979.2124172660638,1092.7981963657646,25.56791034450002
2913,658.2987799309783,734.5228699284589,14.86572265520227
2914,970.2693391025945,1085.76042394154,39.02197689494398
2915,1151.7301054415934,1289.603210708887,17.571393287243662
2916,1028.0643324966513,1150.4365968017332,12.685489648344758
2917,949.3330101327922,1061.8240462363021,27.46729978890435
2918,563.9471410162789,629.7413919623013,11.764612987609516
2919,737.0750362659613,824.7430055604543,17.80160085403243
2920,561.3971694119194,626.7525809535183,4.732287162466945
2921,585.1933674941818,653.6278462588772,12.29421206479881
2922,413.37205646107776,461.924000471764,10.071771240244447
2923,464.17839020713967,518.7203712916794,17.642994606276655
2924,447.275278130293,499.83532826262393,5.571783783234617
2925,538.7408116788563,601.6190982182725,23.445282351423526
2926,516.4024629479732,577.7129725279317,11.043775980188045
2927,479.29537120250245,535.0359272167608,12.876453705636251
2928,362.50800039100596,404.744877618867,6.78658729462212
2929,464.1790721243911,517.8318539854549,9.879440465304217
2930,416.9841757207106,464.8205896158287,11.339889223438625
2931,542.343775033114,606.5448765973873,9.854374107728129
2932,583.1301712952339,652.9510202022881,13.94536523747422
2933,620.0934564851494,694.8078302581888,27.20571872678802
2934,416.1819292463126,465.38470742805373,7.40723403781513
2935,284.8768879783432,316.9276262999235,4.1563728539107005
2936,341.0851628190721,380.78069229855396,11.224735710308675
2937,581.9568614763064,651.4938996527093,10.266500464240154
2938,442.22740441493784,494.6167760614535,11.140168000552853
2939,376.68504021967425,421.2515766985999,12.60460388739649
2940,549.7925032103649,614.5937057128032,17.59502580567356
2941,501.25622029071644,560.9684458506595,12.80171310515366
2942,412.50282735464197,460.3904645746705,11.793405341610148
2943,369.8035715138729,413.8796503349431,6.244922860259304
2944,224.89339417737833,251.10022194641164,7.61312588528091
2945,242.15649225970287,270.323429815984,4.181194206071126
2946,291.48589544705646,326.5293293339928,4.864259368708235
2947,270.82510368954996,302.3373691296094,4.961458038614832
2948,270.5183894553729,302.76225969750976,7.432648406661051
2949,289.78899692620655,323.8010099148393,9.20002879071553
2950,215.3466679854025,240.47342456889567,5.667481394057726
2951,279.45254496911866,311.9307672014573,9.417261620616944
2952,262.83888563573703,293.4557016184654,4.5454964612509805
2953,190.58213651440923,212.4736813871795,4.571739141198312
2954,202.97335436336493,226.32552545685965,2.4253098292432775
2955,279.4800933297622,311.7463891560383,6.243203063644884
2956,376.1555991159648,419.89620970892196,13.699547998988303
2957,380.7870347409133,424.54909771844575,10.727932447003596
2958,447.719888277366,500.51972170382567,6.5205711863701445
2959,573.2668516363008,641.9576923989558,10.599781438582024
2960,393.6806293749642,438.3142174005773,3.229452235031699
2961,555.1730804624224,620.891902156208,10.094318906398584
2962,639.7326780885733,713.7852528037688,15.075193618759311
2963,610.1031684082128,682.2685099366659,14.15724938956843
2964,755.3842636240955,843.6782537310828,16.313816682056643
2965,601.9244141227371,673.2497471825117,19.688179729024416
2966,1115.6663447294636,1248.2279929288404,20.22265943779654
2967,814.5090098920775,910.3757483720558,20.681359930207364
2968,1327.3319671966556,1483.1223723961,49.476449982829806
2969,1032.0678598758013,1151.9174891123232,26.569206558795127
2970,1231.0339759023072,1375.286336605644,30.241421861282276
2971,1035.0478968327268,1158.4971061587496,29.98744839260568
2972,1123.7048081332987,1255.6181098577163,40.98663148225353
2973,1004.1804200451995,1120.8980705419704,29.174513658335908
2974,1097.9472494013307,1226.2236335500604,33.94930969125086
2975,1192.4345313247559,1333.1549301009757,18.11552421928664
2976,853.6775596427565,954.371126646341,32.45819072949517
2977,934.6823827003861,1044.1157040873536,30.18869162448785
2978,821.3895386422427,916.5844149172216,20.918358457715367
2979,1144.3304026734959,1283.036170398477,19.411631534799255
2980,760.2931299415175,848.5584132805465,31.6943333057328
2981,872.7051320561925,976.3037657615323,22.171361725886708
2982,640.2052079927361,716.4285701204074,12.676241150267554
2983,625.7484657829224,699.1739416752517,11.934037644315058
2984,439.28808301175644,489.80692720553577,8.909003115599731
2985,472.57988431242825,527.413489007244,9.619203979747562
2986,526.4470564414339,588.8805927445004,15.548151050767343
2987,572.5941602868872,639.4663724079481,16.105596643161885
2988,468.22496725995234,522.9435750728383,12.605543364485246
2989,538.5145090012448,602.4082185817023,17.23600849224507
2990,467.6526163486028,522.9201916562316,9.10855983166661
2991,542.5842319731895,607.6952127933168,7.840945254911789
2992,436.4487561622419,487.6347327605023,4.219468286065169
2993,573.9400311348653,642.0458220707602,8.84864901253109
2994,414.47182666897817,464.2664710468483,12.639898617692419
2995,387.49820328195574,434.10626942994185,6.313274279751621
2996,336.1325347119153,374.6498053591518,6.57035484278655
2997,571.9374274649591,639.7993606684145,11.833374843704373
2998,470.44462635168344,525.2947043283801,9.036361608219538
2999,407.7794726588906,455.1780718596669,4.660683483113552
3000,497.7145055245966,557.3852636771027,7.448622624802627
3001,464.57704914764435,519.3122823293979,23.56250580457548
3002,532.5238865748998,595.5017186743089,10.21320769577863
3003,310.50069378181985,346.8945371399564,9.829703374769306
3004,363.00312934222427,404.989371188471,11.840441734239434
3005,342.2418689291176,382.9357488123272,4.9103942231489714
3006,249.21916526862796,277.7866146062251,8.74623425806682
3007,399.2593297960908,445.753353534582,12.53061194476568
3008,232.007459694267,259.57218468672124,6.271542304968063
3009,263.6070934547967,294.81373040417674,5.398286004849067
3010,308.1033064822807,344.3747223043661,2.1946998897480428
3011,239.08901462468415,267.21594653725845,3.826415971104149
3012,243.56466062145634,272.35022941356584,6.630705029691175
3013,253.09580624686635,282.63154239826986,5.080531622094819
3014,285.5753783628386,319.3431502148974,8.72084571301853
3015,236.77688842828064,264.23972710058143,4.6363069763051294
3016,240.43122479102692,268.0700923204428,10.072865055380072
3017,332.8184844819889,372.3568211038468,7.26368692768925
3018,303.25856582838395,339.3640709869191,4.770689872177223
3019,225.24590539307644,251.7078957507565,5.8892351792025535
3020,258.66931921242536,288.7345680344185,7.1125205051836025
3021,439.3920784615567,491.890229364924,20.966137511798564
3022,409.74639913916315,458.074843596357,12.623814330643144
3023,375.1212912720229,419.95609780201,13.050765353440534
3024,462.4845993778826,516.3439794057706,15.357447385184736
3025,517.7495827473441,578.1979549401456,23.644053030923892
3026,637.0454196753964,713.7006647557054,16.003506793951715
3027,530.2340425092732,592.7083217985527,14.06869798131784
3028,608.6155815799386,679.7871528627626,13.686505989241189
3029,844.9398827970459,944.4391786183331,15.90134788080595
3030,840.3055469045048,939.929747568529,17.062411424849724
3031,985.2954844455074,1102.1339210389283,23.101037672422922
3032,777.3303638532113,869.804734651612,14.480049262551956
3033,1058.8626496096801,1183.552240587482,23.424354500980566
3034,1203.786485677145,1345.975564256253,29.728867579011165
3035,1136.249005392702,1269.594740365475,13.953120905162386
3036,1029.9338258676341,1149.3515209029183,49.761740091942784
3037,1058.9378074473234,1184.5629035088268,17.354454945744887
3038,907.7014302428476,1014.5143835603494,12.021461455816503
3039,1063.3284414155166,1185.707188057355,37.42065579101581
3040,1054.140442350314,1178.0072256182511,34.085013891664886
3041,914.1496442060645,1022.4210514846378,23.0202254689222
3042,770.7458951552051,858.030128814647,8.968817534501888
3043,710.3193210919981,792.247453430376,22.440693619055146
3044,753.6558824163297,843.9203240946996,14.452330794041226
3045,673.2675005045039,752.1918444875017,26.174680102070365
3046,667.3691668597793,746.8276405145815,19.623665088961346
3047,613.8903831331742,685.4790997292894,11.583163079511827
3048,575.875977161072,643.8024952558563,10.000481485200138
3049,594.4829635120323,665.2234658393597,9.53891716932582
3050,531.565717920983,593.7305057363135,5.806286549857949
3051,373.13224131399227,416.3936935177195,6.810648280260425
3052,363.1535133144711,405.2861724108793,7.188799054295644
3053,377.1415254574833,420.6822760704959,19.295834559377308
3054,370.0604313416558,413.9033650028438,4.480710959508403
3055,331.91864156942455,370.77043653636053,4.595628048036072
3056,379.0091704352701,423.25305969763446,5.3276853875090335
3057,376.99058910820713,421.84050472075825,12.535462180730718
3058,341.5270777961607,380.38106920650125,13.338356375585578
3059,370.1569193532997,413.427320592795,9.95509291814813
3060,456.5066198124667,510.39342089705616,11.408930930925901
3061,379.84836214232615,424.1899854532676,18.954406668528293
3062,535.8769393214208,599.3763817668358,15.175145268111747
3063,395.26019681414306,442.1687220231161,7.1662062025142355
3064,364.98875465465505,408.12074289828354,4.905103548318266
3065,378.0730010295867,422.7257351654697,6.824522335501299
3066,387.86399423094673,433.7963846058385,8.042358154872456
3067,396.719831315838,443.77114341844,6.585442857633698
3068,486.7179331934776,544.439809323778,7.52301936359064
3069,300.567415934336,335.2592375857158,13.735305222410526
3070,395.587277739287,442.3104506437568,8.436236500324114
3071,356.29870260346394,398.21367078667674,9.10169565044259
3072,173.28083941689596,193.85644757775844,6.0188420637934845
3073,254.42041749461822,283.69719420837197,5.962413335747541
3074,280.77131210821454,313.8676528284638,5.917708884381629
3075,220.22541332419948,246.63071242819086,7.310376546494614
3076,228.01236388563916,254.66886804265022,5.5968036513497745
3077,178.9029351220039,199.91610762736073,5.362522479045786
3078,201.83339057476007,224.7912873304705,9.590387185750721
3079,308.26035234909165,344.55770135966566,3.9132980326302547
3080,248.99331809210278,278.1789019382547,3.109411385544954
3081,234.18681044285327,261.8414755060004,4.678402575358098
3082,304.8336477366552,340.45982443394547,7.059953061936122
3083,280.72709706770456,313.7446881153512,4.457623757154587
3084,302.0980178787021,337.44594719953653,16.131180882308932
3085,397.80322817007936,444.7634342308593,12.82650936177528
3086,296.0235754111487,330.42470085983905,16.04224531059116
3087,375.9914810209311,420.2475072526312,9.00206398041396
3088,469.6698050096162,524.7210684017273,5.67237005775628
3089,599.5835124517012,670.4822965166168,8.750843668739284
3090,659.7163716967166,737.929248609029,13.656187453599394
3091,559.6901991707805,625.1372236526196,10.893691972187957
3092,804.5391472811052,901.1493928540693,30.373648011925535
3093,679.3865133933583,760.0080161410017,23.0370537774205
3094,1132.8536444031265,1268.2195543994098,27.501600688988212
3095,717.3576869993939,802.6222532758444,15.019661559556626
3096,1160.4086609189203,1297.62726071213,40.23354439455676
3097,878.5038137268048,983.0399069907755,13.628359515839024
3098,1319.902234359137,1477.5417196031822,31.600042731697087
3099,1139.4802657727578,1272.5858037084456,15.036757463136604
3100,856.9430306746381,957.2546981748687,17.537362070005937
3101,961.1979991284993,1074.6581651158424,28.58180497451774
3102,1142.988545526318,1279.3520784493965,20.38806782598783
3103,1138.4613885289943,1272.4679683054412,20.08225407401512
3104,1023.5102828663296,1144.817867459571,35.15542829189026
3105,934.3241678843767,1045.191970542968,22.85647388259912
3106,956.5135490051487,1068.6465231014697,16.577936528477274
3107,766.1476210157301,856.1806973972223,11.040844419673274
3108,572.110968664331,639.3881211616558,13.670826516697728
3109,567.1173271170449,634.3427949211003,11.758340262107573
3110,640.111090987468,715.118677295648,14.88182938452805
3111,672.304586174103,752.2418584739165,25.890916486088354
3112,619.9746975578029,693.035800269526,18.54084262833503
3113,501.4327667858185,560.1947593573284,12.295058208525028
3114,447.2594036943519,499.9919465740517,10.387590417341062
3115,444.6924323319547,498.0912847137861,11.623705480667896
3116,347.72508925070287,388.23726394868663,7.734698499903961
3117,389.68253651571877,436.30597523566365,7.385016283411083
3118,306.3572437214541,342.19688498125424,10.17191153052574
3119,285.8711337761201,319.6636867708393,10.736731885856617
3120,370.65243239556344,415.0347002115923,6.456877014256518
3121,357.30888519608925,399.47562391304086,9.348886806361085
3122,399.8768252153339,447.2092992293378,15.628066101704308
3123,371.91775439117816,416.0349090960965,11.83988522936317
3124,395.7435560363967,442.7256381775879,13.925140403416796
3125,365.63899283405135,408.5179462226452,9.510289710855718
3126,341.72168770376584,381.5720160677269,11.448263969733464
3127,383.6765426667357,429.18329643772967,8.24171335186895
3128,307.1760877038283,343.45745863194054,5.1171020815533375
3129,357.7692119346004,399.7930540579812,10.199344958419942
3130,377.14298107362646,422.1399740130685,6.955334737290577
3131,301.2190781338476,336.1285544227954,11.502673981436217
3132,358.0117559976079,400.9853632367689,8.497787774290474
3133,297.8983633175268,332.55710805734253,4.036850485649081
3134,303.8061224406881,340.17178967650653,11.541015986699984
3135,257.20458649027535,286.8476590365413,6.141523346662419
3136,274.5820512910057,307.47021434861017,8.572892083129338
3137,277.2626804159006,310.14374925291037,8.743874885289417
3138,262.829722150957,293.93163634042094,5.1744578860159445
3139,314.8495818858213,352.0049303301538,7.094354359663539
3140,228.19949127345726,254.36827677892134,5.853043295953418
3141,368.4325050886904,412.5557398244901,7.603604647018211
3142,241.01124103492492,268.8972186621484,3.776295825359693
3143,262.43043439486985,293.4773088975377,3.2276309836211574
3144,248.76246090002473,277.7951637554286,3.772928171310738
3145,283.329300445697,317.2405064341377,8.117722012975614
3146,305.74799387018595,341.37915063053606,14.087197176599371
3147,276.8728096452509,309.8130792148824,9.354311117417414
3148,418.2056469434183,468.5704076377751,5.956060811064889
3149,360.9305695750569,403.6733289361269,12.759086020036301
3150,384.0416336513972,429.6790583437684,12.557187085536642
3151,355.3505100620122,396.7982358539396,4.018797601966186
3152,475.80509962265114,531.2365439438971,10.159736779819077
3153,474.02524983692484,529.5739445816048,14.888342434933385
3154,490.8555619039809,548.9925050291353,18.51278291297165
3155,512.5334607045216,572.947724945995,11.74055198095437
3156,902.8479589053953,1010.2542473854983,24.682317277748552
3157,662.5509952296647,740.0900504856085,6.981452231960203
3158,556.7008882517979,620.2732703762763,21.334084210507637
3159,758.7134038549323,848.2205494239053,20.731184713288727
3160,890.9895232795113,994.6487209127714,16.977837933648022
3161,961.8514035976918,1074.987972043072,25.030292284145197
3162,999.0708975118424,1113.9936304441503,27.577490838884387
3163,1063.740820058358,1190.1284515910268,14.227413868788675
3164,937.2568267509836,1048.4124429876474,25.09171192206235
3165,1012.5246633432197,1130.282944513319,32.98680253836386
3166,826.2410364954513,921.3856418662647,26.495225042389606
3167,814.9889389949589,910.3405581089779,51.14553745921725
3168,740.0066729060288,825.6269538379078,29.314115462100187
3169,646.4058888978622,720.6392356285032,16.821432041984025
3170,934.2037757546352,1045.8873445479921,19.296414070055608
3171,851.9826856508284,952.8518021581409,16.844834959693916
3172,819.8766119957769,916.6132095514594,14.82665139829042
3173,642.064094431688,717.8124988092088,7.815534208264712
3174,610.9902113028793,681.9328785748673,26.395856431470204
3175,388.20648255003255,433.2461817685195,9.318159906469527
3176,553.4902303118819,619.9473021447334,9.403203829916935
3177,420.20622932220635,468.85780807592624,12.806771608675447
3178,438.9968521043231,490.9421368215391,15.412851279786098
3179,393.64376287232886,440.10964213691335,12.178844715033494
3180,308.54299072405325,343.3767860576742,13.102026992694686
3181,271.59611578828554,303.49625219761583,9.753503167137442
3182,298.4161243926,333.81404956016513,5.955050748874104
3183,360.0875674538339,402.2975072127198,13.46905873336531
3184,368.0025676948607,411.93201789803413,7.3593514162881615
3185,275.4222452299764,307.92151330667593,8.432430385183228
3186,292.04871314441164,326.36829980056837,8.670594393337387
3187,281.8030754385877,314.77292911379453,10.054042535092982
3188,289.30261764322546,323.37382472922684,5.769824671704322
3189,257.16137001077607,286.6785250960989,7.483616458423525
3190,256.17391275203363,286.17368576900344,6.552937168057032
3191,293.60246858326127,327.1142876840598,10.59186687478591
3192,317.62824093577035,355.3365415626272,8.672321575458147
3193,261.68591578965754,291.64898861031367,8.83452437898996
3194,305.3958703546992,340.5227667337468,7.998105585054002
3195,374.302322549384,418.99517910069864,5.226668488197084
3196,245.6900204189938,274.43680043790175,4.342709043236836
3197,299.6548125671944,334.89442544008443,4.007332892877701
3198,354.0912960538951,396.54992169590577,4.9644917174394845
3199,282.4805848663845,315.49528691607907,12.978834935022112
3200,215.45943376533157,240.95162316189771,3.7899978722925454
3201,269.3812101298614,301.11324571826617,7.905018325374107
3202,227.54714073534072,254.41464018032426,5.1780524014618505
3203,278.26912322270005,311.32854491424064,4.521844921245438
3204,267.7379854183452,299.69042277008094,6.834501314321019
3205,237.61564621784342,265.84017301329055,4.864383341291843
3206,252.52854057263986,282.06599014721036,10.834817313474206
3207,260.3713938359497,291.30018287730525,4.915407533598273
3208,304.0000053780473,340.1507377752945,5.946862137996728
3209,240.7106136324519,269.1193073356964,5.756058817902617
3210,272.08700667235826,303.62615802722206,11.899345531817778
3211,286.51828749323374,321.02891928283134,4.816966998207109
3212,343.1932587592825,384.03681943318475,7.0946580676952635
3213,280.12388059724765,313.23672598587143,6.723627314473524
3214,397.481542662994,444.46574258491756,15.064031828386549
3215,409.39311225707127,456.5280536061729,8.549234803942523
3216,344.45645110336034,384.77753863008223,7.287823257769912
3217,549.889748631479,614.4756783339652,12.582011295642197
3218,744.5175067263009,834.0784760719303,17.820607807692216
3219,675.7281604848848,756.2005137859232,16.399345229624394
3220,750.7090827083681,839.6258523066858,21.804878945622974
3221,640.8248587704451,715.6650384274075,30.825445669533824
3222,553.7582508864673,619.013300295406,7.373460866250279
3223,575.027148331895,642.5845998521411,11.446048787918015
3224,870.6621423957132,975.3379123657048,9.200213347442766
3225,778.0376831033655,869.9180540352195,12.521519172279937
3226,807.3427177229858,900.5673643583388,23.001490717915317
3227,910.9714021019536,1017.7920693814249,28.967339754058884
3228,1054.974900940784,1178.5730237253954,31.11064864564047
3229,798.9898782920583,892.3343398325346,21.55888605605077
3230,860.4618816059433,960.7682021398067,24.28384229339071
3231,1038.2245708313274,1160.279785017798,48.02771449659074
3232,701.3574791282624,783.8316833718311,13.17577465900396
3233,893.0485298561448,996.7565428722166,9.14877627349271
3234,723.5737997859133,808.5446770549329,23.48537537734931
3235,788.5899418261665,880.733973403486,23.38437304629365
3236,720.9386693529882,806.0288577717275,15.074046513575944
3237,666.9206917357425,744.8480052938596,20.771094047298096
3238,623.496185186548,697.84341158837,17.125375574082554
3239,402.9925056368471,449.4198792614664,5.336712198894722
3240,529.0186424883195,590.4426202228046,12.319505269557297
3241,368.55584697790414,412.70714564786016,9.241403362863789
3242,404.2371046695594,452.34326574531855,10.628752840242166
3243,344.4186762863287,384.70114703259514,12.741791385343824
3244,380.2628019436177,425.84639884325827,7.56247644425872
3245,335.1167905096547,374.4862502915395,8.924858275932541
3246,274.7892637906004,306.7869001812222,14.929025418112936
3247,227.68176710105539,253.98392145674987,6.3407056297595625
3248,359.3760938670057,401.6740798556459,5.548399909554923
3249,306.6831212689173,343.33900810417595,5.525913860038147
3250,361.40633828909,403.44717377597044,8.815311043203206
3251,296.2360451808356,331.13377270641007,6.620542595827058
3252,250.7290166402047,280.0716219187232,4.734821473023695
3253,375.1181645418058,419.74452869746983,10.144633926795185
3254,285.71155495255545,318.7738721463423,4.8184861002653765
3255,309.27114113881896,345.5440306418983,6.598668123276734
3256,269.4208837352734,301.9355572109736,6.741226562934395
3257,375.78742189327966,420.43146101009256,9.680973959694585
3258,260.43041524118894,291.0241363522695,4.729353165042295
3259,277.32411446778286,310.1779549760033,10.78076492219145
3260,321.4922642723423,360.07370873078344,7.096191560326144
3261,229.51110551486823,256.11922365979115,4.587301398939573
3262,302.88167044867777,339.08971100354455,4.692858445707745
3263,357.9242952107691,400.147453528907,4.6852425948984555
3264,215.58064873755578,241.059980061189,10.013057549133428
3265,244.97585047045447,273.94595442691127,3.7352485389504277
3266,127.98818866226063,142.77272802976634,8.523437573324372
3267,239.4241868940031,267.2768197549696,7.8540033983610265
3268,221.04209625918892,247.0528430868644,2.6526357168065187
3269,207.24196164118996,231.445539433297,4.053997289611227
3270,285.9351815271809,319.9647435381116,4.763408738251469
3271,234.64533001248478,261.93705135554984,5.605646361164169
3272,238.39808782543292,265.93245884833453,5.517077738040212
3273,253.61281517171838,283.46511981839114,5.497574593412592
3274,196.76613933065016,219.53988127043897,5.3101625527390865
3275,237.77150643507306,265.48370119471974,3.1701054717127426
3276,327.06731362110213,365.576260648833,11.965094507077435
3277,208.36558373265422,232.64646951400516,6.511578831438029
3278,309.0427701773434,345.6146141104521,12.665068551867751
3279,359.9966888078744,402.8356154683715,7.346991323315689
3280,518.7940337814832,581.0262472932034,21.527092383328075
3281,504.1644512664354,564.7818440484772,9.288750601738654
3282,452.3138926102363,505.8710832602666,6.684954999117513
3283,650.1401816512802,727.6844463230472,23.06082338684911
3284,541.5229725385332,605.0394229275436,14.984520215495829
3285,736.4111428493924,823.261567019175,16.475780840656054
3286,529.6964242508526,590.724601102799,15.827657894550056
3287,916.9411666109571,1025.419809302575,13.844391396248382
3288,777.2969573123734,867.9409445507362,20.657793567971833
3289,725.6616167115462,810.6569153790078,46.94649055905663
3290,850.6159817761273,950.1274598785448,28.313326958957415
3291,986.8368983718066,1104.2365909488042,23.837887203453825
3292,741.7900632503636,828.9459663993648,17.32615580113049
3293,1015.0520014455374,1135.818638469751,21.373713862248707
3294,798.6559211483726,893.986531479412,9.066493997738048
3295,948.7033168096406,1061.6585688868988,38.381865001337324
3296,840.3705523240225,939.5287905458246,19.3853521174906
3297,784.7534027763921,877.8594013508105,15.746425268171926
3298,680.4287373662036,762.5506659798597,12.715236800294006
3299,678.5083794535396,758.230598309632,18.21591940841839
3300,670.5748075505314,749.2753472822277,25.503257793428237
3301,749.8930120706731,838.4317291719155,14.824185815896698
3302,590.4923111453545,661.1114613714769,17.629557276369038
3303,551.9501147240882,617.5088938936339,13.734653729929148
3304,651.1810680266234,728.5869595140426,14.144705691289348
3305,412.4096488498062,459.5055956455527,9.599040452075508
3306,386.28328972857815,432.33463351700834,21.109827534206488
3307,382.39969518058626,427.89825244955597,7.629048790432304
3308,285.9871820413506,318.602685478711,9.35040887951858
3309,295.51954835534275,330.4290039964304,3.6371324608872757
3310,293.1519756494317,328.52673871975793,7.710028154259834
3311,331.0416969329415,370.55630684990103,5.776457477526624
3312,270.8095396553036,303.21087056610435,7.708482304621263
3313,295.3640775822609,330.0820739540746,5.992911900637802
3314,333.4912437953523,372.3163235742936,8.80263714626136
3315,315.69196580942605,353.0205314660043,5.444313706244792
3316,285.1883627413074,319.17381472427525,8.506318667258427
3317,250.62679902323336,279.44711672339474,6.263745056412084
3318,331.59376120260225,371.49498531950246,7.148972377116002
3319,320.38782390387365,358.675173818688,9.430989381892097
3320,214.09409791301337,239.19364602982378,1.8338004554562255
3321,275.014132763371,307.41544394302423,9.490555884474059
3322,294.90176017208006,330.10461169082964,9.65352621712167
3323,317.95351255522104,356.1429531110856,7.663689668970649
3324,303.2781532634345,338.6215778585219,12.368409083862682
3325,298.08428450206907,333.758326780605,6.988256750816311
3326,277.878613511159,310.06951994037007,8.71079092363458
3327,268.43975858061714,299.9963729614058,5.391861902309292
3328,196.05858665553308,218.80445420241014,3.6565218109736057
3329,221.24334208970572,247.51324976988653,4.260213380562502
3330,237.47278100983064,265.37323082262174,4.543567968537364
3331,235.14824370867,263.00415931747943,4.6927994180064525
3332,163.40300917492127,182.32025991639833,4.438416190165309
3333,220.210421060755,245.6162287593948,2.713925852954026
3334,246.8742968661525,276.2423205772047,4.8539525255474585
3335,240.7238244585783,268.61478249808545,5.443984829262819
3336,243.805365152511,272.1115600406222,4.937731680550219
3337,286.0678917293815,319.78886374407887,6.692215919510821
3338,218.61573030190397,244.37599187056762,3.461647010867784
3339,199.2700301957025,223.1148050149168,2.8863619227261843
3340,279.15599009357953,311.56946185883123,5.587264908826434
3341,351.2406480073037,392.65155312068924,8.86095916513399
3342,418.1808811466515,467.7587167071183,14.616390345671388
3343,408.4946291058747,455.9795528191719,8.362988790372816
3344,309.0745400556638,345.78913281700176,8.791791210796237
3345,426.32212949750436,476.7843560801744,4.231619678956232
3346,501.88851303509193,560.7704847342405,18.112785294548225
3347,524.5995681407449,586.9033520248125,13.689562951878045
3348,627.8474506144472,702.4148351959648,14.373984372360347
3349,573.3647899621217,639.9805364966986,20.3304625621248
3350,669.2956751295249,747.3585808715133,14.510913464138685
3351,781.7678861171672,873.493297346959,22.960614683704915
3352,872.1663813287469,974.1385042106418,21.43685036632412
3353,722.8682909047142,808.0423945842863,23.893867344757286
3354,757.8809939353537,848.8516302336807,15.851102365673034
3355,514.265830264113,575.3042979571652,14.857654846461132
3356,807.868300723205,903.2589171843701,20.872362954559378
3357,784.6434856447171,877.9904308652145,16.088368153930617
3358,717.0322706132496,801.7016379630646,9.980788861483674
3359,853.1730615675413,952.8653710971116,29.276036656194737
3360,848.8030602987983,948.2144021727335,28.667901978470134
3361,472.40519508486136,527.923416381779,11.624969292540856
3362,691.0384866053944,772.3761325747275,13.69364347933506
3363,527.1007016696018,588.4732716889837,17.884486745827726
3364,657.0874204857828,735.1807867105981,13.971893191136163
3365,434.6947223601795,485.3244392768323,16.269048292186955
3366,516.0265157964549,576.833228109589,11.45386829802872
3367,428.14865839608973,478.4603254535545,11.384722381591608
3368,426.64999088868746,476.6961555814079,19.810262088554914
3369,390.3545503306401,436.2372254601647,5.815228278732801
3370,336.8220542700099,376.5335068291971,5.259651389987629
3371,240.1030344858552,267.4210100850859,9.420486194582788
3372,244.00039387523728,272.50599833183253,2.4045871149956795
3373,277.7110871949592,309.82513464949153,6.357594867689893
3374,301.9633499597146,338.0048535180562,10.394257593786891
3375,252.13496933939322,281.48787877317665,4.544563469628271
3376,307.0730803236682,343.52219678109157,7.282241515589683
3377,266.63823291640574,298.30799652304,9.41781760940832
3378,233.09550354243947,259.97836014987945,5.378720988551143
3379,257.8668719994812,287.8013978657434,5.996570428522487
3380,290.1799347553188,324.80283005177245,7.831496149649122
3381,295.12972034403543,329.9733382532322,4.685875613394205
3382,344.86029477922824,386.30890917124196,4.5183675494792395
3383,240.3122320470879,268.6486513863564,3.799887798137439
3384,262.1409090362295,292.52949710549564,5.433991802268051
3385,289.40748674165417,323.67313538130253,7.207810705138774
3386,267.112134789181,298.1711424197222,11.25585179972563
3387,246.2684697007776,276.3430383906144,6.787689659062941
3388,205.671532199998,230.05431883794517,4.671338683252817
3389,223.05444241579337,248.75591804246312,7.338898140064403
3390,220.6814995715772,246.48908385301175,9.941341395545917
3391,192.75520168706302,214.86968966877367,6.708099490528602
3392,205.07446744766008,229.26119335557976,3.1128904590554956
3393,191.3112892365468,213.87680187221403,2.7067981782361943
3394,248.81867525237655,278.5354323721778,7.102636666966685
3395,262.36412045198296,293.622416906862,14.103891624619909
3396,196.68384727193813,219.92083591467966,5.0340088112701356
3397,239.8604029310483,269.0519606003782,6.137909571626357
3398,177.59321567067192,198.77707609088802,4.820612269028821
3399,236.5622107936985,263.9223417713507,5.210520280357427
3400,256.12527031796833,286.2280964119744,4.435709658851201
3401,288.5754429545959,322.58467284740914,8.044701490624357
3402,223.340395452669,249.58766011321094,6.207162457104004
3403,327.22542277631715,366.4721702737541,9.408224515637006
3404,216.28227657375234,241.27992549277982,2.5139124842439813
3405,246.79701096313437,276.4997887395263,5.328878915301491
3406,363.6153235390595,406.65367316950585,5.218440322242328
3407,419.2625071478638,468.13121015542947,15.976789187696433
3408,426.62695002045456,476.9839110620396,6.860025984430548
3409,409.613885800683,457.7582839632667,16.018552118550378
3410,297.511161807882,332.9715135760772,8.215609048635436
3411,340.1087804847477,379.67084014465354,7.1246329418548235
3412,598.8657125632034,670.3686013304182,13.905382314289636
3413,582.3143623839767,651.9059217807174,18.060703006298407
3414,531.5100300295094,591.986371385845,14.76480804947877
3415,694.7235418812938,777.1492001682511,15.741066600989436
3416,749.6381895418683,837.1580962616836,20.397455654006148
3417,886.2124594600999,990.4323560648958,32.2434973091016
3418,822.3286550778396,918.105483651335,13.532150060945412
3419,1027.8872011878602,1151.345963139423,35.241740825720505
3420,873.3667888212199,977.2588242100682,36.57101142086182
3421,812.4907895296454,908.6263536758305,16.497484716337492
3422,911.3561562558465,1018.9170216450191,12.994425853446325
3423,634.4141593645622,709.5268476897594,16.142569421378326
3424,1078.8804213220492,1209.5945728141082,17.972958279817643
3425,714.4289467449221,797.595225746092,14.946865180146732
3426,707.4669467287081,790.0821590505727,27.527459152743134
3427,639.7978795009343,713.9424471119188,23.708015603623547
3428,741.147404295204,829.6150527714656,20.31438324960737
3429,592.8848454413192,662.4473634263475,22.992031267227162
3430,340.64304984640387,380.25021434206224,12.740053782800558
3431,559.6025464208922,626.4316620925619,14.586247679741481
3432,369.3005838623659,412.1300030781588,14.20632513904643
3433,366.9746867705275,409.2130426121695,7.507454726880112
3434,272.50147372838876,304.6000481217994,6.157094515262539
3435,340.79672715202963,381.0970734448938,6.1452507434975745
3436,275.5693700693958,308.5865354568223,5.300514426558221
3437,309.3468215834059,345.5203594330351,4.5586652434604185
3438,267.1185404600775,298.3441617417789,6.179254917361818
3439,351.2844965866487,392.77974777213893,8.313707589771953
3440,360.51553150841,402.03628170983734,7.7730577698761705
3441,268.80878213420675,300.2466635926653,5.731901276522983
3442,255.298104671742,285.3107554927922,6.317647159883206
3443,243.89161804576833,272.1625767275979,7.713366074469681
3444,303.66816737051903,340.14524142343646,6.789048839216699
3445,243.93241604783364,272.54170445435017,10.2814630292141
3446,236.02549672353197,263.6391762208492,5.22649483650603
3447,303.760735001771,339.98384382366436,11.477897120577067
3448,229.1769692545817,256.27199144276847,8.925569612267548
3449,274.60119395362557,306.7273015482465,7.198358655426437
3450,194.71624642388542,217.28540517481147,5.161364831086819
3451,293.97582254283606,329.0392098582775,6.270742769129939
3452,331.3241886086298,370.4121228061259,9.310505833993492
3453,286.2228260612664,320.0476827859458,5.4721882878931
3454,298.9365622341845,333.8238825398053,9.133843375746919
3455,214.72703043174053,239.64791056314849,3.8804405862668254
3456,237.73431474828448,265.75760880848566,5.057446164038495
3457,195.20196060474348,217.7581222043384,2.7651960189146005
3458,214.84424868510987,239.65678355760576,7.384492332740595
3459,259.08905847036215,289.5724194318752,6.86805537121402
3460,222.87559929494202,249.02836900176862,6.078896171934508
3461,187.4489847576262,208.84545492767325,3.945742740143311
3462,184.83691690093767,206.35848289551473,5.730094514617379
3463,196.05302370886957,219.11027552296278,4.8866644134222526
3464,264.1032469514629,295.07249842132114,4.812801404966334
3465,323.5837581347331,361.82603883462764,9.02113000566903
3466,308.3540362771865,344.82966711889077,7.422140503387554
3467,178.92369482574975,199.5900620745393,6.861371074081906
3468,353.0615018989046,395.0975803021534,6.787606080554221
3469,345.7548984338558,386.84194234127153,13.827430330865841
3470,234.92657588478357,262.1959760616405,8.712589818542037
3471,334.67433622866935,373.9088521607603,5.346793889956251
3472,440.8781246616893,492.1847141415702,11.838783602552184
3473,469.5039856035587,525.1328384842813,11.37129645458585
3474,350.11209220975127,392.2139358809421,11.790094703167162
3475,548.0530138105562,612.4792707295538,7.935776007963
3476,360.32212800987315,402.78398676628706,5.33986937237576
3477,554.9176604571339,619.5260727108999,14.05613080477036
3478,730.614075901621,816.3349683992949,21.80893820253061
3479,665.3438244551486,743.6474414663412,27.198707013485837
3480,661.6893013340352,739.9218336559499,11.800377272300423
3481,868.2737789216592,970.8139681323883,19.449495973339427
3482,905.5572001854003,1012.6067434068407,31.148873785518287
3483,976.3940815125882,1092.5696835121441,31.366358798896794
3484,930.4892258570952,1040.0007275508308,23.65789227881333
3485,889.8402744637543,993.032765327809,20.975137038586514
3486,812.8244716012414,907.0811827981064,22.809356576139308
3487,733.7884616252879,821.2861855588455,21.686351481173034
3488,756.7568233395032,845.2489676861926,15.908341907899791
3489,674.8077766872501,755.2528923614143,17.24974705661528
3490,516.36836175475,576.1404488661449,13.415111732279668
3491,495.0867627226614,554.0304880244282,10.725833444825048
3492,488.838330461175,546.3813008719371,8.76729328617733
3493,499.8200693817366,557.6008798741672,16.516814369620793
3494,549.780275257615,615.4246077661148,10.254401607282455
3495,420.7686209016086,469.9738048864523,9.272741086636378
3496,445.4866616276577,498.02400299896004,10.183162676348779
3497,423.2960708135544,473.9341542169404,10.89490520775076
3498,301.3266449877647,336.4965939013044,5.532073413762778
3499,333.5368371759391,372.99790256436336,8.642495434737155
3500,300.13393739913045,335.7663398846065,6.39791146055073
3501,337.9779971793937,378.32282062179297,3.1852374650713537
3502,290.18375764956136,324.234889253322,6.139112176685361
3503,204.90098721279463,228.2832080145627,7.352252271239297
3504,266.67495649762157,297.9878431008958,5.944649000097101
3505,312.5042820269452,350.05895314538446,6.482984737017124
3506,262.5172410305596,293.2702391672009,6.20207069095344
3507,271.01218337526103,302.9681340062337,3.4221835394213174
3508,270.8817184021014,302.9398886437394,5.674756974417239
3509,220.22028349898602,245.77468140588795,4.796089057572267
3510,274.93396501681264,307.27154031196915,4.974126885176862
3511,200.27949239658608,224.08485826469422,3.79415653755478
3512,225.36474566307632,250.8246217696794,12.766913275287944
3513,295.4157819845393,330.37150948018024,6.155611106300224
3514,273.8668322500119,306.4357553372006,9.597264194408005
3515,238.4404801753104,266.73933651709075,4.7660130091733555
3516,264.2491049835491,295.1345765604694,6.150852340229853
3517,226.40611436239212,252.87802145512853,10.455957959494935
3518,239.4412952478741,268.0747792359606,4.29826116308177
3519,278.3196672969326,311.6765156514647,10.455013494930677
3520,196.96372600988053,219.49950987399257,4.791219208194888
3521,237.86686015580372,266.07760243109686,12.722457075702483
3522,226.99675469051286,253.85821732106646,4.692881142571439
3523,170.21569129765348,189.3689916937731,6.790988962789483
3524,200.88765718565492,224.24315406883204,6.817704951293078
3525,297.1181353744429,332.43160756375215,9.245564332641079
3526,247.30537725623557,276.50284824571145,6.15850771700594
3527,195.76666708615105,218.73964860971492,4.491030327717588
3528,189.3910631231463,211.84013540375264,2.6334936658489765
3529,251.10626488254854,280.6391995602274,5.390673105995423
3530,321.76898407632785,359.4254408947988,13.576962448769255
3531,254.65545773830164,285.0101581291829,4.0290806497070495
3532,324.1580643332693,362.2880939674074,5.881012001719275
3533,311.48318851539955,348.3824893068904,7.917368777102374
3534,351.08076634492335,392.5318303676329,7.480942869934904
3535,266.8773015236137,298.9992288650973,5.772491053760534
3536,401.81182045404097,449.34452152590876,16.51759890243882
3537,371.44725519782287,415.32997719817706,11.52660040563643
3538,500.90537133034326,559.4831838545084,20.692481060558627
3539,412.13185508208005,460.6595780178553,9.374067545771464
3540,512.8636283622149,571.5059745727618,22.194370127073736
3541,617.0723542006017,689.7834328595322,13.761870234954463
3542,617.4361106918001,691.1826918464338,27.786441483991815
3543,688.9391808274859,769.7911730622442,12.835229188599351
3544,708.2786356544453,793.1432208825258,18.81068212466998
3545,645.6660884789804,721.0865318061858,17.90188634204856
3546,888.8554397763471,994.5403877045767,27.252037356051325
3547,869.1867832676253,972.7032681736716,19.121388512660182
3548,684.9540695691326,765.537785335841,18.69153273127474
3549,838.7912112670217,937.3444041520847,22.059607579785432
3550,623.6205822225729,698.4657770832451,11.17643364685748
3551,588.5942435851944,656.6658821746793,10.290522155539033
3552,793.8517577574465,888.3665253427382,25.63994747990047
3553,448.5870885974672,502.04840381190314,13.376966085728602
3554,669.4670175447568,751.2420158360544,16.3454293157849
3555,523.5573608043625,586.3407702518654,14.79249035927855
3556,492.94676918953877,550.804396968051,20.93959829571395
3557,508.91807947337054,569.4418337295363,20.505578426191107
3558,455.7264837395762,509.10309414170746,11.182147901155023
3559,345.1758204833508,386.0585267062703,4.081743290830926
3560,415.04442264473465,464.97135978319443,19.158380120512724
3561,335.62286258135043,374.91413751655693,9.89149572721454
3562,262.2283398808647,293.1506253264619,8.780318129572052
3563,305.4498369031078,341.6796841301457,7.946775244116424
3564,344.33066042782417,385.2090675305384,7.501755727188459
3565,352.1727609547157,394.0197925706992,10.817287700236129
3566,296.90004674267686,332.2187934344045,5.071656595642247
3567,206.74198286402222,231.2709925836703,4.700995353837466
3568,274.1778999897727,306.55691946898014,7.905900054445616
3569,287.91482438998077,321.5189618631966,4.7495109888550955
3570,274.15364819407614,306.4370329402278,4.116954272731132
3571,270.64757224630756,302.6785670229165,5.541873589026265
3572,276.28683983004026,308.87943549243056,4.420875101734723
3573,248.38361101576743,276.86631293575033,9.340138649640632
3574,221.05597760352615,246.74948835089012,4.8672978841390675
3575,170.37596007155352,189.7581981786106,6.20240184779707
3576,267.47150139814266,298.7557896674641,8.771474977496542
3577,234.91013949746693,262.36274054164625,9.143157931372965
3578,273.28098358741454,305.8437374606812,8.449215374871686
3579,192.32883973338008,215.3254609614507,6.648203045512189
3580,271.6652457743914,304.02609889084005,5.474851690616626
3581,326.3873703154114,365.2674512792193,3.440299303502292
3582,240.52000088054297,268.9610066951201,5.996966107278758
3583,239.10609798691155,267.47108462286315,3.181355471796059
3584,233.8928042637737,261.4950004078435,3.761759074213995
3585,307.7658281581685,344.3769044660742,4.125410246756268
3586,188.16903059730998,209.90791855008496,12.943398471764839
3587,221.7642765092083,247.99287153177065,4.176101557780358
3588,201.65081915442926,225.35648331583053,5.575915807584087
3589,213.07960166436345,238.45459629504677,2.299958589933246
3590,228.96919384636396,255.66209110096563,5.9729074757421845
3591,303.9553519487314,340.1394391087682,8.542765052976089
3592,320.8474484717091,359.0323288188875,6.728136882161304
3593,266.331079293146,298.08182315241874,4.181586804540155
3594,249.98993435838844,279.5869088326195,5.382147730381458
3595,372.17782823892645,416.2290251226025,5.061739411281953
3596,247.02062397415494,276.33294368734244,9.31277262958778
3597,276.1831003416781,308.49530932596053,10.925924792533493
3598,222.46946519734888,248.02526371015418,3.0073893331383608
3599,393.35310252838065,439.61282347357997,10.104752976024574
3600,414.6747901604309,463.8858906957412,6.361630078848495
3601,519.4831196213291,580.6744615825703,15.021855023073162
3602,322.618202864758,360.71151484138994,10.36445144854016
3603,561.9627351383424,628.3290594513069,6.923335664676473
3604,480.50632169628005,536.6969006595342,11.566823887904166
3605,573.4566057571421,640.6550856293761,13.542202447320715
3606,421.68769604148537,472.68885141741237,14.45117011384015
3607,746.7095018490156,835.7915289313253,18.303802588230873
3608,706.0078954018446,788.6654702791798,13.632298831649852
3609,647.5242129489086,723.7953609911348,12.584327760918981
3610,719.3668297730171,801.8051047755739,28.798632230060303
3611,635.9713012058824,711.8513641971343,9.250208749820208
3612,609.3599760260946,680.1518265695119,18.13928409805295
3613,645.3899046378799,721.8064431248426,5.953807772569695
3614,486.480476965569,543.2985564464228,9.098768750441234
3615,778.4586659234227,869.8430388483471,26.914759073952606
3616,790.4546351490063,883.5992379318216,20.548375260353197
3617,543.4773033136979,607.5560346146316,14.183846838600665
3618,604.8388356979738,676.7111307035739,10.310882618892741
3619,466.43535575059434,521.1693663869551,20.11305476158824
3620,521.9050866823486,582.9692568142306,6.05636700971845
3621,386.0012888230907,430.07460113647414,17.148581184246755
3622,355.7591945285976,397.497743597043,4.385144301677725
3623,453.5562480546361,508.2884593587627,10.593717416904372
3624,329.70461174601957,368.71573987625015,8.039324156753379
3625,432.8533723066111,484.1625266174054,9.742454288836052
3626,313.64816844625324,350.6094741069224,5.159771423597073
3627,246.3231714289991,276.0303204403214,4.209235334741262
3628,328.5889359785377,367.49172710026966,3.520988154872811
3629,291.46589493787553,325.206792530476,7.131592056853329
3630,294.02618253712376,328.77007097631764,5.241890874784428
3631,314.0824795545026,351.3926097713457,10.672694448442156
3632,226.62605780496597,252.98525927345227,8.743047134922447
3633,237.00159474411873,264.9832455190215,7.401114307220933
3634,239.43799066823985,267.66869108656016,3.8002222213957206
3635,197.97271934001685,221.211054415312,2.6495395854323505
3636,237.79894715307725,266.25880852368107,5.6001201373916025
3637,280.02117531473795,313.23049658571324,9.492827951664133
3638,252.5684704459963,281.80168074236263,10.419606618099309
3639,179.96942123786135,200.91611112583536,7.22120841709162
3640,183.87276207223198,204.92254327725382,3.5802950810171397
3641,305.2275104848225,341.8438212217098,7.925393735523639
3642,233.95815660569383,261.5478068829526,3.3823924379318653
3643,219.0973694966063,244.7085831554994,3.539656708962925
3644,222.8740672237203,248.98694526477402,4.734682140389921
3645,187.25417820394173,209.12549659880915,5.773787668097896
3646,284.96237041799606,319.32746941048526,7.573835456231104
3647,211.74028337270417,236.2334888734787,5.197674640001815
3648,257.7462194058081,288.52445966059184,9.897781451237512
3649,225.62941869507526,252.01555531892873,6.078148534739177
3650,283.1705724100063,316.46829808344705,5.262703045266803
3651,253.3916730934249,283.27485929958175,3.7185495512273383
3652,255.0400337456254,285.3827728704205,9.475281546438012
3653,258.34890443676437,289.1931735361909,5.18268487015158
3654,254.85599115559418,285.0043304153394,5.319025858088783
3655,255.92131744510326,286.1202982228248,6.839211753388053
3656,231.00313413126824,258.6230899669235,6.183811997588936
3657,304.2138657683299,339.8753816492845,5.018781342738398
3658,221.96284594145766,248.08672841890157,4.575553197253974
3659,253.88534540951483,283.78615567744436,6.82106311692623
3660,288.4587531679592,322.6960120475992,6.294107493707749
3661,338.40535905138336,379.3022902093847,15.517708484111134
3662,278.41875412177683,311.1720316936234,7.624067722173419
3663,338.0811770131508,378.89473294135036,6.68892596150152
3664,335.85572534074265,375.3447958627575,9.276884025245502
3665,274.758287158353,307.45034945614617,3.8476486374521723
3666,394.884437238238,441.47702421368507,12.991749239199454
3667,353.0610325420502,393.94228354918687,7.410010165622654
3668,353.07771542496806,393.8838730895585,12.92324694096618
3669,500.95796917538297,559.7689348915787,10.879206960550906
3670,556.677742878016,621.3967039931875,29.08870765904644
3671,616.4420448964676,689.9856798926885,19.366162790833823
3672,710.5690991733371,795.0988687853744,19.78777003377847
3673,440.3920217154874,492.0737104373032,10.45041332141499
3674,491.95122726459203,548.1334018503252,12.640950805875324
3675,916.2650564021462,1026.341777289973,19.108840621385557
3676,538.6219636779133,601.6356866473637,16.979780470581535
3677,722.8982177984429,806.6743670567164,27.074243899620697
3678,567.1598360908506,632.8602852488468,15.75471112529163
3679,588.371504663074,657.369239067111,13.550540491820309
3680,569.9251147958038,635.2828427391996,8.292533313738936
3681,600.6677416049082,671.6127555738622,23.432026762153665
3682,530.7797792687003,593.2718379807129,14.139310978255688
3683,470.89771846134477,526.206324646598,10.984310894887118
3684,378.03868747396416,421.957166940849,17.268418140291562
3685,427.114787885487,477.21314818596915,9.504591942045888
3686,309.43965664903493,345.31388901135966,11.702364182484184
3687,373.50699649373024,417.15882709397124,9.011814280666288
3688,485.8830354811431,544.4003349331111,17.119975890366405
3689,384.4801544336462,429.09729532551404,13.080133580938973
3690,302.3832932148923,337.3491858747059,15.648811787713347
3691,281.5129681227222,314.7454509671006,7.619475661915357
3692,193.542576475346,216.2650591638209,3.553824565658816
3693,189.8535317750051,211.96124372270134,6.673008816871564
3694,300.83063936681975,336.45906851428947,8.395750620738637
3695,221.4883487960508,248.01560529348524,4.925554515012854
3696,211.2750465019619,235.70949557015783,9.782457698335715
3697,219.02753030078154,244.48902571472405,5.685831022067741
3698,207.0494508261639,231.04634070091728,2.9122898655745684
3699,192.5325728571375,215.24548349449597,6.1204281707076555
3700,239.50033980073042,267.892930312069,8.68480467420794
3701,186.97715505445396,208.72302207125912,4.478623783823172
3702,214.35015158840727,239.05030308296062,4.557851449317122
3703,206.1456047210076,230.47188122148532,4.826963002717426
3704,264.42821994835236,295.59676831835003,4.87899796151466
3705,220.58418447032716,245.92756159591553,5.682320228332713
3706,227.46632998535756,253.9545359226619,8.543473863648256
3707,249.95408576251785,279.68043466458295,4.056709810184084
3708,225.72222303555347,252.5729097094208,7.800028131991605
3709,225.2966350311432,251.65079156823953,5.785274817067809
3710,245.72385828402625,274.7720375618313,6.966339987569988
3711,242.0886844369639,270.2342897416742,5.794641346576433
3712,227.98952854374903,254.94677899836364,6.328556587799707
3713,226.96265446482687,253.5510774322817,4.746764074589013
3714,202.68600401295618,226.23500714100408,5.002224692017668
3715,201.45026678301224,225.44534396771925,3.8016385675764544
3716,256.8078934259234,287.3218231733098,4.802082069467235
3717,251.80789955199575,281.3481186899616,4.555011081927498
3718,239.15200449251543,267.21832594309154,11.915000396883562
3719,230.15948397592604,257.8074125110069,3.859218249525785
3720,230.9647395454228,257.7490724218549,6.368326366603026
3721,256.53779408421036,286.64703101138974,6.973458453779282
3722,291.6728258567209,325.99807216554956,4.7761240721811715
3723,307.3041167221474,343.54665129530855,8.319867123388741
3724,249.7492610560529,278.73045941769414,5.868535621997837
3725,334.86135353271106,374.2865701325679,4.531568194579764
3726,298.94637181239693,334.2232052251371,6.862741619410562
3727,331.1790143506058,369.35387681877035,8.629085892453679
3728,360.1839620711718,403.2660196856237,6.895911533493364
3729,373.69085283675776,417.79105350951255,7.730783841444581
3730,340.17241128466975,379.87064982451494,14.999633923996058
3731,481.1049364050897,538.3388663208519,15.164552039372365
3732,602.8104093199739,672.3126642770818,20.073768386124865
3733,433.92503745051624,484.7665127965597,9.075236872898932
3734,541.7778298749779,604.9906972647043,22.814949899476655
3735,518.6115792828565,578.3303000571856,5.100384742820091
3736,493.4045605488677,550.4465846690108,22.698491700153596
3737,701.2195083760715,783.0115123410094,24.5544412513072
3738,563.0926329127266,628.3708852344415,6.866889356632953
3739,578.6591735789084,647.3187217019549,15.706530431634603
3740,470.830527117232,527.3491226137411,14.7702978757213
3741,555.0888472307796,618.3777435337463,21.498160553628303
3742,452.1828103284201,504.87437017416295,11.221269127433894
3743,658.6685041470332,736.6090202001052,12.400304554006544
3744,772.4856377008351,863.0719655496911,33.50733855893268
3745,479.9771819939559,537.8403366764242,13.37029190546077
3746,397.66744644371636,444.2281405947158,11.208449592736281
3747,530.921653862104,593.983694308462,12.324496596077644
3748,386.7070574395281,431.45683298213464,11.25970278789493
3749,518.556227589183,580.0949485817769,17.438031039792314
3750,380.42215623776156,425.1006780230937,4.798409072745312
3751,316.73785811222064,353.6237731535413,10.057013173097161
3752,312.6612898099599,349.7831798156722,7.2264430891010365
3753,366.9375508045868,410.52371348303393,8.943010519227865
3754,297.7969929132504,332.90000277383524,5.175789314879208
3755,260.76807867857434,291.1343528280272,3.8365228932977202
3756,267.79043038222557,298.8835145776014,10.26902294433739
3757,206.07596715456154,230.7526415519633,5.046175523456263
3758,256.97120589864033,287.26526382988817,6.788860486998954
3759,186.75372933031335,208.87084142368585,3.188944914192798
3760,234.88406957755134,262.61853150466834,5.390703780842337
3761,274.5700580179302,307.21961606267575,4.552846288994786
3762,245.61076875363253,274.48087311543844,9.184511876956854
3763,263.7433798492226,294.8506682445141,7.87862282509642
3764,238.56729625501072,267.0981912845576,10.968163584285536
3765,275.18383725763243,307.89066168409465,3.7491665057345998
3766,268.09542420564037,300.1577420479858,5.341488663217355
3767,249.47218060516755,278.7974316409904,4.1477910190069185
3768,274.4979964026826,307.5276833422095,7.4886428349817455
3769,261.78126942807114,292.546705084824,7.371432875982627
3770,212.91190946652318,237.75419017888996,9.162474308886274
3771,184.50220045729617,206.3573233778552,3.370409941865739
3772,257.65483120764105,287.9872945079561,4.550555261953785
3773,240.0620502289911,268.2153457921021,6.038438336813097
3774,274.43535369453883,306.9760242666922,9.182510226062364
3775,196.05987808221232,218.90611125398806,2.5134934021244044
3776,210.6844908210253,235.6594734097219,5.43170750694276
3777,247.84575430480754,277.28895766034987,5.337394823273859
3778,220.46083743349155,246.44769276626445,7.980569361342879
3779,167.16752627472943,186.3610800888775,4.489171487221439
3780,245.23524498863776,274.25978980029385,7.995643221988285
3781,169.93415436411325,189.93883622742203,5.849734325196755
3782,199.35396723563127,222.86597502955928,8.760249518875517
3783,271.8136715159932,303.6751975182033,5.786654964821797
3784,306.00659622489025,342.71393276942007,9.95296603191041
3785,207.44413850997404,231.61773622031282,4.02521317684718
3786,236.86136611069392,264.73655918159386,3.562670268176298
3787,256.1576758563467,285.82166678026834,6.195242330309731
3788,312.25399458048236,349.2599570227045,12.09066758979313
3789,254.1532542536712,284.77155500525083,10.901517780870206
3790,270.76522169977227,303.1441842554922,7.538095367720808
3791,379.35953552136624,425.1092888508415,9.526732595351284
3792,301.84814237201573,337.8077379645613,6.012046698451649
3793,381.789121180676,426.8397797420234,6.898824756334778
3794,289.8910022001103,324.0126654535295,5.076380309619299
3795,368.71682656514645,412.0856016313119,6.344018851980111
3796,314.69945777540664,351.48448383623645,4.2780954591266775
3797,375.1412004024182,419.7388668699441,12.068293082161551
3798,544.6377039772855,607.8403604108619,16.48182825703248
3799,505.5988873927696,565.2399483348258,7.613298999427722
3800,502.722965602698,562.5654310981344,12.645027444290474
3801,493.5330766331204,550.6032466240656,8.06174997615261
3802,566.4183524005397,633.6058168358322,11.581564648297434
3803,641.1868734197622,715.5157978290126,13.518850780819205
3804,696.0121059021326,779.2145474258461,13.501569693930486
3805,347.1659970886579,386.3438896910989,6.98336032392507
3806,508.4839339009676,567.4637003263372,20.45014643441512
3807,537.3904959960863,599.9526646699586,14.55194393774284
3808,573.1564458422405,641.9316087551665,10.596622712544503
3809,572.4013256041573,639.8141871007311,10.792665401883982
3810,525.3306234384705,587.5473170930732,14.035916458749563
3811,430.22760941993926,481.73109471137906,9.408197141451641
3812,366.1455259738357,409.6387077585691,9.699258349308693
3813,365.43270586215885,409.39686376496985,10.146603514372837
3814,432.81307660474596,483.87887990690695,8.51757708557477
3815,299.9615811633644,335.0488239163459,8.673113123668015
3816,321.0497255649319,358.8968142104173,3.9011858752509605
3817,322.3039334650614,361.2561764737246,8.784896535366704
3818,355.29441550435405,397.847757333389,10.984898621371862
3819,266.4923271323234,298.34322315341655,8.207536516029352
3820,301.43251408806435,337.66818147978626,6.106599832378702
3821,297.25724016872505,332.0820017361415,9.177264187399157
3822,248.2858470474371,277.28960474595215,3.6265084948355235
3823,248.68695988041577,277.5437388641245,3.805019708857415
3824,234.10605503892597,261.8923235820888,6.763705091389598
3825,231.65642328580975,258.70091989833844,7.947803377306808
3826,268.3899434899685,300.4295866206107,10.383973898026703
3827,238.2227789684302,266.78489129253984,8.062649812787681
3828,249.9804142312461,279.7198089140636,8.308500829319255
3829,190.29571026799186,212.99702545124708,5.726827481144546
3830,197.4864904306429,220.6950214329902,6.254848603401882
3831,304.07815642640486,340.2204347690384,4.505819010940962
3832,223.68921348428117,250.32077476433625,7.376479706417427
3833,208.35114293607464,232.39073127598917,2.6433595227681006
3834,286.0924286286229,320.0686088929853,9.700307914770923
3835,238.87097110359724,267.61802037409353,10.41852955234849
3836,251.3094959502506,280.83537997301005,2.8057663024409045
3837,226.3862446487681,253.08881483652578,3.80285472101064
3838,210.07218690522816,234.47248131340598,8.148393899695009
3839,227.61366614917094,254.59212130134523,4.820398467291652
3840,173.8791393103827,194.14404790103995,3.2036458854891654
3841,218.23133397929354,243.66056097853772,8.066788196761324
3842,242.16618359227863,270.4702574693369,8.68264093465308
3843,273.4272967033892,305.39422797987714,4.8261334780436815
3844,222.38181655239987,248.29649150606534,5.452835876821846
3845,148.1263624263824,165.22686544592148,6.02109250741848
3846,221.32549983910755,246.9856843290786,7.427970151105239
3847,337.9300101446411,378.3791334368741,9.173090599871507
3848,285.24969715837807,319.5031764818317,4.186310241209113
3849,205.30432028691237,229.8129494336338,6.4777839024545125
3850,268.04328673616635,299.5571897305114,8.0715005953607
3851,222.4772058412678,248.4521047534355,7.220270703529706
3852,203.50169549862926,227.43732993858646,3.3241670474002682
3853,252.7482442474725,282.05191412242544,9.974542324760284
3854,291.0810331086037,325.5439794291563,9.261474574257063
3855,211.45655575670574,235.63273767988147,8.11850650612947
3856,271.8617933804619,304.1356938616425,5.879052723055475
3857,318.175747507103,355.1442455639217,9.964985597973346
3858,325.62996006874715,363.9352827890014,5.546914527591073
3859,386.488712584718,432.8012859840879,10.72713888123038
3860,333.40850256461266,372.6439532816441,4.948422487297302
3861,476.1992641610272,532.0297316096227,6.431446844823872
3862,389.90082527239457,435.31724548472266,9.615538628804664
3863,585.0111276148136,654.3983424735401,18.07691031755036
3864,356.20739054825646,398.81219753971794,3.6747931666052662
3865,436.9720277233848,489.1343467693053,20.09691358318329
3866,606.1528784289417,676.9357682812449,22.84814793813212
3867,713.7866714236985,799.405202482171,16.769088366619595
3868,563.7386472764281,628.4907005380542,15.562796868571331
3869,580.4043490701292,649.2436750119734,14.219577596549142
3870,511.39664299812415,571.4735826684569,12.106262785568674
3871,447.0283311265711,499.3154610303599,4.94595660282046
3872,464.03342982720903,519.0276930771361,10.123669623268404
3873,394.55626210653077,440.1894535946983,8.576526770735304
3874,361.30207635904213,403.3601769055775,4.524453071552782
3875,452.97924124445916,506.20823441962733,8.594419114327772
3876,340.91089192176645,381.13817434283567,8.024496401976737
3877,407.6283783718811,455.19732202586016,17.57222838520314
3878,275.08393141898387,306.56964462762767,4.324054115666751
3879,345.33850324435195,386.1379032091802,7.2141616005758955
3880,290.75688980989753,324.44773725145865,5.842714490399314
3881,366.874262018913,410.6926508746811,11.222405473468966
3882,305.26289097979736,341.43224189738305,8.302988384084323
3883,317.5988668930178,354.7730272403958,16.780249136030424
3884,222.98943675026004,249.17395924277042,8.05549671847906
3885,258.718486226549,289.2725549775,5.2444126540940825
3886,202.2753854499001,225.79536026212998,6.965561960245096
3887,228.38948629639376,255.49122689665967,3.4298040952896156
3888,216.97511927397616,242.25937891317804,4.922791115104875
3889,208.2724770460153,232.6954642818836,5.933077960167932
3890,188.71907171374124,210.79656863932414,4.069354045593216
3891,185.67103695287227,207.47285037254704,4.298996241465535
3892,148.9249939263113,166.31445842271802,3.3558739760608036
3893,198.00527608327994,221.59315795332378,4.340724661194837
3894,279.7056329838184,312.99240843787175,5.2873232338698415
3895,185.37292962609348,207.3249234884843,6.085970972148582
3896,191.7677992926346,213.47199412586775,4.36652225839907
3897,280.5144321545366,313.7971895262779,7.21861091783581
3898,217.33836061447184,243.1371622216499,9.244469954938449
3899,237.44047297381573,265.46402113802077,3.5647922022129537
3900,243.41704616770477,271.22335138560794,9.060012551445855
3901,264.0866596663915,295.73535848327094,4.258230712529294
3902,169.43931729262965,188.8992287207307,6.966740632612065
3903,238.1713060491807,266.0121138413626,10.976012204451795
3904,174.2015441899129,194.4229273533322,1.945182840959996
3905,319.26440669923596,356.6429032032558,7.471707350448382
3906,174.80626895443626,194.78342988302248,3.6111529175237354
3907,186.27240000411584,208.04120923809333,3.1862248272987586
3908,193.15042355458746,215.58837165867615,4.12619023765967
3909,173.09017699070068,193.5084098244776,4.594239929899374
3910,276.46393731244814,309.1071756277923,4.911831058494436
3911,308.58362684776847,345.1973026470546,6.874456133600904
3912,217.7737911501064,243.4903847645483,2.9261593203456884
3913,190.13555413624474,213.05070659116367,3.5213171013116753
3914,157.24704822812555,175.53967300081823,4.683621823933712
3915,242.51110673528086,271.7422053186792,6.045449164121158
3916,243.01559900402606,271.5148069456259,6.483200541339788
3917,232.72471332650684,260.56858730409164,6.404042756237352
3918,270.9202387821192,302.9335864481814,9.234619089375856
3919,301.0212335758776,335.94611308117703,6.038571784432303
3920,317.41859711665813,354.7546010229764,8.868422508522821
3921,300.27821735318247,335.1704585720735,11.98509451605254
3922,284.926568716964,317.5236453578796,8.169506197375128
3923,400.7395300394873,448.0126816600107,16.70367788448985
3924,380.50214801353997,424.60730954204286,5.75891810509524
3925,445.22679665942445,498.29872020933476,15.95310241200562
3926,475.1874193769972,530.2639949939385,21.569654950939068
3927,343.0167722065834,382.99365361889454,8.210858252218458
3928,368.62922647291396,412.48604915949306,9.134836803251215
3929,432.5615224404385,482.78301941965225,8.309452245017843
3930,427.37934470607826,476.8800313487649,5.72376986362378
3931,585.2250355743736,654.1909684323467,10.409396219497973
3932,545.0283030835842,609.1799726666857,9.095586669055574
3933,621.2185073701822,695.1539515766833,15.603300270675636
3934,544.0208904559616,608.1127025036856,12.58582330864333
3935,524.4688809355582,586.6876368443011,12.239267631874917
3936,577.8362410689119,646.2604161585252,12.336460089154706
3937,479.5822793475876,535.8331817108353,11.019738441215088
3938,438.09073751618274,489.4700329134124,20.793214927376365
3939,494.0442238961409,553.2022958562096,9.36754824687961
3940,365.46941359703055,408.12593086240827,7.979374016829593
3941,337.83031550036293,378.1469332237228,6.548181807731385
3942,286.78863084762867,320.4123713032161,8.568593489166298
3943,376.95623418639576,421.52781673168886,9.910101652933069
3944,346.2146356868734,387.1013542735645,8.735572247348244
3945,287.71599382247956,321.63958900718154,12.579667268457541
3946,327.3574479151336,365.68744321308395,11.99485619929377
3947,176.1667323579594,197.38033399083037,2.914986200415118
3948,261.725975337001,292.8574920099454,8.637137934579822
3949,245.65473494751663,274.3908129578886,5.550179671790644
3950,209.1490103021036,234.520608076051,8.105579902324529
3951,336.37801098652005,377.1817503196023,15.270441653242205
3952,233.01179371877254,260.09160472007216,5.72423601777114
3953,216.95651711072145,241.9852689098479,5.593828251531359
3954,236.19001240898362,263.9546400303451,5.354234472489094
3955,152.8521644111587,170.16435667011316,4.924776631421791
3956,203.39130213693815,227.21684790521817,5.3327225740811715
3957,279.88451255147936,313.11139925827354,7.478367200208327
3958,210.8023882281005,235.68859597513273,9.191799787472872
3959,193.8035486821165,216.25604047535603,5.131479416187272
3960,277.65214904718016,310.6878113813924,6.644807357581423
3961,283.57714072473925,316.84740426402317,5.471100300108787
3962,250.4601373837272,279.6050265238633,3.899909702515922
3963,237.98063382351478,266.1955355731263,10.292860829969024
3964,234.08063022370283,261.9635163467943,5.366543647165363
3965,207.90453292401386,232.63148935709134,5.656030344424004
3966,193.24016839043975,215.61837913580814,8.727534945682338
3967,195.33239661321463,218.161780127105,3.1387415242272243
3968,207.1327570633642,231.52378564608912,3.204157459505026
3969,184.62367662526285,206.28248353316005,5.758791666503343
3970,174.63621762351926,194.93797443774963,5.115499972110177
3971,232.3417238206835,259.9282931578317,12.684943327117114
3972,236.78323332237852,264.6000895531556,10.166203394285905
3973,304.26352539823995,340.2338400676372,8.43464202245497
3974,213.09061446965373,237.64573190240944,3.311878688175087
3975,244.36566839667591,273.0781355571617,4.552678808596958
3976,243.0017586220874,271.9616781634068,3.6217835799180804
3977,224.30585242018364,250.66172456309602,4.258796561252676
3978,266.18397324758223,297.0343780354412,5.0545824880422945
3979,280.8220078001641,314.62593182901,5.248539033068425
3980,260.0325880904689,290.66785675586004,2.89098885543091
3981,244.30168168557879,272.5093566404915,4.918024399585727
3982,255.62400810760585,285.46777340173963,7.026835345171827
3983,227.13816190329496,252.99363682278639,3.5666897507229685
3984,254.13730413593288,283.87224377009596,5.695585392810664
3985,275.32472586644934,307.9226121828611,8.75620426481182
3986,276.2413655684616,308.28146334490344,4.998586779967956
3987,373.5588004269886,418.4272371700771,8.159636316294272
3988,426.3839577803955,476.9023889733192,12.449072560305346
3989,351.8324590650405,393.23771177214894,8.353756537567207
3990,445.7675040032902,498.4149096879062,10.30705268997796
3991,340.43932175271703,379.58342127278365,6.7177088291674005
3992,401.93141814161777,448.5347979238019,7.5785842473779015
3993,404.7925625294657,452.3864240908954,4.935491387843035
3994,507.30114849777624,566.4318206601454,8.322011936491263
3995,453.14817871748807,504.2550128972735,8.736214068374895
3996,547.5350386790359,611.9150278032075,16.80428823332834
3997,446.72296987133586,498.8289515146336,11.980376734285768
3998,403.9019280134277,451.6732129264585,18.335862426438695
3999,379.2831739399809,424.15916849832496,12.010628394524396
4000,447.6081547626027,500.4548215519134,11.440094621531223
4001,479.77454390367404,536.6505576132047,11.77717040342162
4002,414.0171304323017,462.74739364107023,5.8289202395031845
4003,517.3591468888521,577.8716639509316,9.190935210453393
4004,454.08515696458363,507.6247639318489,4.387766457697243
4005,327.6986005409229,366.14180198820634,3.516970046873709
4006,292.275009252873,326.9154651833177,7.3993303966923225
4007,332.8748651755848,371.8568087996303,6.745917008575491
4008,241.1559764124234,269.33651187236364,7.192483289697792
4009,310.9634538382196,348.35619221467795,11.127271869693734
4010,301.56662631364304,337.4407401581237,10.131088009503873
4011,277.68967777240084,310.0564522411441,6.05693508983201
4012,273.754513182265,306.8169362781843,4.83646948838798
4013,289.11922505793376,323.18026715437446,10.830125560298955
4014,248.53651529506917,277.7210118327642,4.534389789347542
4015,230.2068174376199,256.99069051720056,5.360446660631103
4016,274.01036864662046,306.41143292501175,5.243220931423719
4017,273.20945215539706,305.91859691242456,9.930736243773028
4018,228.07831195636444,254.64600896850496,7.938564530777434
4019,232.38721972790475,259.80030382350225,4.984564065836662
4020,235.64269891322783,263.2539334507183,8.535801604412939
4021,234.2127376187673,261.8970510446782,6.799537543729861
4022,182.7596088727179,204.1845937376057,8.168730335550258
4023,172.46319294243546,192.51412282576973,4.0905139475416465
4024,196.18574868635702,219.12913484187638,2.533391775597702
4025,204.63850520561803,228.52654772486898,2.9990128636304925
4026,204.74962030044478,228.92448586797093,1.5379137476072604
4027,243.41796077779637,271.8772378968992,6.116752412319865
4028,214.46389416428238,239.12178346156918,6.769990106397376
4029,227.6572640581308,254.74750065728918,5.814283774259777
4030,181.84377867470798,202.69541384678803,3.7279511747436613
4031,218.05342612917786,243.42363521448578,4.032692639250782
4032,252.7962422017067,282.548595097396,3.8636769340931663
4033,246.30643231979425,275.77198469214676,5.055385258412673
4034,199.0514376753914,222.43239935056832,5.1386403782324335
4035,223.1829021855177,249.43060542756226,10.225586364597682
4036,319.23188376707765,357.59826495987664,6.398881403984082
4037,224.88256106709093,251.52829328348997,3.4105844927816698
4038,217.75618769222902,243.27364168822294,5.584330332592257
4039,230.74034131330617,257.75032531137043,4.852004304485045
4040,238.82800279722073,267.60221779813116,8.701152506775088
4041,234.05633839603985,261.5751714021837,7.0718064757587245
4042,243.3522344414538,271.8879043650486,5.107429231253513
4043,186.43469530998607,207.84657319264184,4.198758935306692
4044,215.47683624394784,240.6867803930764,3.245866892532818
4045,243.1962572460831,271.13199879174783,6.0019494380391
4046,263.63826719802745,294.7816088087975,4.540903701366526
4047,261.3117981242938,292.11355358528175,9.486574260640275
4048,280.18678840121584,313.84715423190715,3.9526900895792347
4049,299.1204490572827,334.21500678398513,8.11057695909072
4050,361.0897433485328,404.0648509843123,5.014391991289327
4051,339.3391057078768,380.0239599006833,12.68109286402134
4052,376.4208764545798,420.91618528071376,5.253866921340521
4053,320.60451552580633,358.1264994228452,4.556963628131624
4054,410.7442903001205,459.00073453406054,15.551758643120655
4055,414.1478072262522,463.20701337184363,14.393081050111334
4056,514.4113061573776,576.4709627518464,14.974658035628332
4057,466.91868221502716,521.3377268134074,15.633461848922174
4058,443.43292698103465,494.8745623713796,22.14710632092263
4059,447.2711640304423,501.12850214647943,17.70721424616887
4060,454.9876087090193,508.6058626770753,9.928470057725477
4061,488.0795262513439,546.1521185088017,10.948394385584365
4062,375.1805876265,418.4991790071565,12.945699071653836
4063,376.55749269654444,420.9175921317996,6.926623437637016
4064,425.03507274114526,475.6988140573201,7.915118357114215
4065,417.99045625129395,466.11521445743085,12.804675590190518
4066,324.263113055609,362.97808836049387,4.419619852463217
4067,334.7701035420652,373.1267047645981,10.776223490967633
4068,337.95793076793075,376.7592742383178,9.513081909262352
4069,220.77807335291075,246.10936899210265,4.629633855818623
4070,302.3767790120831,338.1086862420146,3.1650574091860886
4071,273.0812701305723,305.5811909503005,5.50508779445853
4072,251.72326715562167,281.1776651435934,10.990411551052715
4073,333.31636503932515,373.1003059930555,6.587068167013336
4074,201.88360030239042,225.48899387143322,7.841507934718758
4075,216.39640703505214,241.81911149314405,4.24501477975497
4076,146.08293065100315,162.97946633793893,2.257927107867553
4077,234.7439977886647,262.45467298803413,4.927004663655357
4078,222.29552157112067,248.1836742829686,7.2909857209691165
4079,221.43809348971908,248.04856636375655,5.4999213366019735
4080,274.56485777733985,307.2522033268561,3.7242474963118712
4081,263.1392782038794,294.24955403459563,5.891957330362854
4082,215.8393790806183,241.30706431269002,4.732918078400047
4083,237.69356406729793,265.2170575966789,7.369408779268728
4084,269.43218584227805,301.1919742936947,8.87542199162378
4085,227.9239327865693,255.25307783045926,8.776415073832746
4086,205.92414724930092,230.04268510516627,4.595969217000505
4087,163.5217912215102,182.38212078904633,2.6424978437613547
4088,222.3613162536887,248.81210892323065,6.0685339502756515
4089,254.0961812272225,284.5110096710062,3.515244584284508
4090,315.7916627426795,352.9500511369732,10.653186793730404
4091,217.42000558446352,242.88162532209662,8.353123669994403
4092,199.19316675064667,222.36715314089435,4.030198814223159
4093,178.06057120861385,198.48329850968722,6.515631282491202
4094,255.93955658455332,286.1857776145641,6.0935054864903755
4095,173.36047843324468,193.32530521197893,5.089715337516342
