point_id,row,col,lat,lon
0,0,0,12.83,77.45
1,0,1,12.83,77.4552380952381
2,0,2,12.83,77.4604761904762
3,0,3,12.83,77.46571428571428
4,0,4,12.83,77.47095238095238
5,0,5,12.83,77.47619047619048
6,0,6,12.83,77.48142857142858
7,0,7,12.83,77.48666666666666
8,0,8,12.83,77.49190476190476
9,0,9,12.83,77.49714285714286
10,0,10,12.83,77.50238095238096
11,0,11,12.83,77.50761904761904
12,0,12,12.83,77.51285714285714
13,0,13,12.83,77.51809523809524
14,0,14,12.83,77.52333333333334
15,0,15,12.83,77.52857142857142
16,0,16,12.83,77.53380952380952
17,0,17,12.83,77.53904761904762
18,0,18,12.83,77.54428571428572
19,0,19,12.83,77.5495238095238
20,0,20,12.83,77.5547619047619
21,0,21,12.83,77.56
22,0,22,12.83,77.5652380952381
23,0,23,12.83,77.5704761904762
24,0,24,12.83,77.57571428571428
25,0,25,12.83,77.58095238095238
26,0,26,12.83,77.58619047619048
27,0,27,12.83,77.59142857142858
28,0,28,12.83,77.59666666666666
29,0,29,12.83,77.60190476190476
30,0,30,12.83,77.60714285714286
31,0,31,12.83,77.61238095238096
32,0,32,12.83,77.61761904761904
33,0,33,12.83,77.62285714285714
34,0,34,12.83,77.62809523809524
35,0,35,12.83,77.63333333333334
36,0,36,12.83,77.63857142857142
37,0,37,12.83,77.64380952380952
38,0,38,12.83,77.64904761904762
39,0,39,12.83,77.65428571428572
40,0,40,12.83,77.6595238095238
41,0,41,12.83,77.6647619047619
42,0,42,12.83,77.67
43,0,43,12.83,77.6752380952381
44,0,44,12.83,77.6804761904762
45,0,45,12.83,77.68571428571428
46,0,46,12.83,77.69095238095238
47,0,47,12.83,77.69619047619048
48,0,48,12.83,77.70142857142858
49,0,49,12.83,77.70666666666666
50,0,50,12.83,77.71190476190476
51,0,51,12.83,77.71714285714286
52,0,52,12.83,77.72238095238096
53,0,53,12.83,77.72761904761904
54,0,54,12.83,77.73285714285714
55,0,55,12.83,77.73809523809524
56,0,56,12.83,77.74333333333334
57,0,57,12.83,77.74857142857142
58,0,58,12.83,77.75380952380952
59,0,59,12.83,77.75904761904762
60,0,60,12.83,77.76428571428572
61,0,61,12.83,77.7695238095238
62,0,62,12.83,77.7747619047619
63,0,63,12.83,77.78
64,1,0,12.834920634920636,77.45
65,1,1,12.834920634920636,77.4552380952381
66,1,2,12.834920634920636,77.4604761904762
67,1,3,12.834920634920636,77.46571428571428
68,1,4,12.834920634920636,77.47095238095238
69,1,5,12.834920634920636,77.47619047619048
70,1,6,12.834920634920636,77.48142857142858
71,1,7,12.834920634920636,77.48666666666666
72,1,8,12.834920634920636,77.49190476190476
73,1,9,12.834920634920636,77.49714285714286
74,1,10,12.834920634920636,77.50238095238096
75,1,11,12.834920634920636,77.50761904761904
76,1,12,12.834920634920636,77.51285714285714
77,1,13,12.834920634920636,77.51809523809524
78,1,14,12.834920634920636,77.52333333333334
79,1,15,12.834920634920636,77.52857142857142
80,1,16,12.834920634920636,77.53380952380952
81,1,17,12.834920634920636,77.53904761904762
82,1,18,12.834920634920636,77.54428571428572
83,1,19,12.834920634920636,77.5495238095238
84,1,20,12.834920634920636,77.5547619047619
85,1,21,12.834920634920636,77.56
86,1,22,12.834920634920636,77.5652380952381
87,1,23,12.834920634920636,77.5704761904762
88,1,24,12.834920634920636,77.57571428571428
89,1,25,12.834920634920636,77.58095238095238
90,1,26,12.834920634920636,77.58619047619048
91,1,27,12.834920634920636,77.59142857142858
92,1,28,12.834920634920636,77.59666666666666
93,1,29,12.834920634920636,77.60190476190476
94,1,30,12.834920634920636,77.60714285714286
95,1,31,12.834920634920636,77.61238095238096
96,1,32,12.834920634920636,77.61761904761904
97,1,33,12.834920634920636,77.62285714285714
98,1,34,12.834920634920636,77.62809523809524
99,1,35,12.834920634920636,77.63333333333334
100,1,36,12.834920634920636,77.63857142857142
101,1,37,12.834920634920636,77.64380952380952
102,1,38,12.834920634920636,77.64904761904762
103,1,39,12.834920634920636,77.65428571428572
104,1,40,12.834920634920636,77.6595238095238
105,1,41,12.834920634920636,77.6647619047619
106,1,42,12.834920634920636,77.67
107,1,43,12.834920634920636,77.6752380952381
108,1,44,12.834920634920636,77.6804761904762
109,1,45,12.834920634920636,77.68571428571428
110,1,46,12.834920634920636,77.69095238095238
111,1,47,12.834920634920636,77.69619047619048
112,1,48,12.834920634920636,77.70142857142858
113,1,49,12.834920634920636,77.70666666666666
114,1,50,12.834920634920636,77.71190476190476
115,1,51,12.834920634920636,77.71714285714286
116,1,52,12.834920634920636,77.72238095238096
117,1,53,12.834920634920636,77.72761904761904
118,1,54,12.834920634920636,77.73285714285714
119,1,55,12.834920634920636,77.73809523809524
120,1,56,12.834920634920636,77.74333333333334
121,1,57,12.834920634920636,77.74857142857142
122,1,58,12.834920634920636,77.75380952380952
123,1,59,12.834920634920636,77.75904761904762
124,1,60,12.834920634920636,77.76428571428572
125,1,61,12.834920634920636,77.7695238095238
126,1,62,12.834920634920636,77.7747619047619
127,1,63,12.834920634920636,77.78
128,2,0,12.83984126984127,77.45
129,2,1,12.83984126984127,77.4552380952381
130,2,2,12.83984126984127,77.4604761904762
131,2,3,12.83984126984127,77.46571428571428
132,2,4,12.83984126984127,77.47095238095238
133,2,5,12.83984126984127,77.47619047619048
134,2,6,12.83984126984127,77.48142857142858
135,2,7,12.83984126984127,77.48666666666666
136,2,8,12.83984126984127,77.49190476190476
137,2,9,12.83984126984127,77.49714285714286
138,2,10,12.83984126984127,77.50238095238096
139,2,11,12.83984126984127,77.50761904761904
140,2,12,12.83984126984127,77.51285714285714
141,2,13,12.83984126984127,77.51809523809524
142,2,14,12.83984126984127,77.52333333333334
143,2,15,12.83984126984127,77.52857142857142
144,2,16,12.83984126984127,77.53380952380952
145,2,17,12.83984126984127,77.53904761904762
146,2,18,12.83984126984127,77.54428571428572
147,2,19,12.83984126984127,77.5495238095238
148,2,20,12.83984126984127,77.5547619047619
149,2,21,12.83984126984127,77.56
150,2,22,12.83984126984127,77.5652380952381
151,2,23,12.83984126984127,77.5704761904762
152,2,24,12.83984126984127,77.57571428571428
153,2,25,12.83984126984127,77.58095238095238
154,2,26,12.83984126984127,77.58619047619048
155,2,27,12.83984126984127,77.59142857142858
156,2,28,12.83984126984127,77.59666666666666
157,2,29,12.83984126984127,77.60190476190476
158,2,30,12.83984126984127,77.60714285714286
159,2,31,12.83984126984127,77.61238095238096
160,2,32,12.83984126984127,77.61761904761904
161,2,33,12.83984126984127,77.62285714285714
162,2,34,12.83984126984127,77.62809523809524
163,2,35,12.83984126984127,77.63333333333334
164,2,36,12.83984126984127,77.63857142857142
165,2,37,12.83984126984127,77.64380952380952
166,2,38,12.83984126984127,77.64904761904762
167,2,39,12.83984126984127,77.65428571428572
168,2,40,12.83984126984127,77.6595238095238
169,2,41,12.83984126984127,77.6647619047619
170,2,42,12.83984126984127,77.67
171,2,43,12.83984126984127,77.6752380952381
172,2,44,12.83984126984127,77.6804761904762
173,2,45,12.83984126984127,77.68571428571428
174,2,46,12.83984126984127,77.69095238095238
175,2,47,12.83984126984127,77.69619047619048
176,2,48,12.83984126984127,77.70142857142858
177,2,49,12.83984126984127,77.70666666666666
178,2,50,12.83984126984127,77.71190476190476
179,2,51,12.83984126984127,77.71714285714286
180,2,52,12.83984126984127,77.72238095238096
181,2,53,12.83984126984127,77.72761904761904
182,2,54,12.83984126984127,77.73285714285714
183,2,55,12.83984126984127,77.73809523809524
184,2,56,12.83984126984127,77.74333333333334
185,2,57,12.83984126984127,77.74857142857142
186,2,58,12.83984126984127,77.75380952380952
187,2,59,12.83984126984127,77.75904761904762
188,2,60,12.83984126984127,77.76428571428572
189,2,61,12.83984126984127,77.7695238095238
190,2,62,12.83984126984127,77.7747619047619
191,2,63,12.83984126984127,77.78
192,3,0,12.844761904761905,77.45
193,3,1,12.844761904761905,77.4552380952381
194,3,2,12.844761904761905,77.4604761904762
195,3,3,12.844761904761905,77.46571428571428
196,3,4,12.844761904761905,77.47095238095238
197,3,5,12.844761904761905,77.47619047619048
198,3,6,12.844761904761905,77.48142857142858
199,3,7,12.844761904761905,77.48666666666666
200,3,8,12.844761904761905,77.49190476190476
201,3,9,12.844761904761905,77.49714285714286
202,3,10,12.844761904761905,77.50238095238096
203,3,11,12.844761904761905,77.50761904761904
204,3,12,12.844761904761905,77.51285714285714
205,3,13,12.844761904761905,77.51809523809524
206,3,14,12.844761904761905,77.52333333333334
207,3,15,12.844761904761905,77.52857142857142
208,3,16,12.844761904761905,77.53380952380952
209,3,17,12.844761904761905,77.53904761904762
210,3,18,12.844761904761905,77.54428571428572
211,3,19,12.844761904761905,77.5495238095238
212,3,20,12.844761904761905,77.5547619047619
213,3,21,12.844761904761905,77.56
214,3,22,12.844761904761905,77.5652380952381
215,3,23,12.844761904761905,77.5704761904762
216,3,24,12.844761904761905,77.57571428571428
217,3,25,12.844761904761905,77.58095238095238
218,3,26,12.844761904761905,77.58619047619048
219,3,27,12.844761904761905,77.59142857142858
220,3,28,12.844761904761905,77.59666666666666
221,3,29,12.844761904761905,77.60190476190476
222,3,30,12.844761904761905,77.60714285714286
223,3,31,12.844761904761905,77.61238095238096
224,3,32,12.844761904761905,77.61761904761904
225,3,33,12.844761904761905,77.62285714285714
226,3,34,12.844761904761905,77.62809523809524
227,3,35,12.844761904761905,77.63333333333334
228,3,36,12.844761904761905,77.63857142857142
229,3,37,12.844761904761905,77.64380952380952
230,3,38,12.844761904761905,77.64904761904762
231,3,39,12.844761904761905,77.65428571428572
232,3,40,12.844761904761905,77.6595238095238
233,3,41,12.844761904761905,77.6647619047619
234,3,42,12.844761904761905,77.67
235,3,43,12.844761904761905,77.6752380952381
236,3,44,12.844761904761905,77.6804761904762
237,3,45,12.844761904761905,77.68571428571428
238,3,46,12.844761904761905,77.69095238095238
239,3,47,12.844761904761905,77.69619047619048
240,3,48,12.844761904761905,77.70142857142858
241,3,49,12.844761904761905,77.70666666666666
242,3,50,12.844761904761905,77.71190476190476
243,3,51,12.844761904761905,77.71714285714286
244,3,52,12.844761904761905,77.72238095238096
245,3,53,12.844761904761905,77.72761904761904
246,3,54,12.844761904761905,77.73285714285714
247,3,55,12.844761904761905,77.73809523809524
248,3,56,12.844761904761905,77.74333333333334
249,3,57,12.844761904761905,77.74857142857142
250,3,58,12.844761904761905,77.75380952380952
251,3,59,12.844761904761905,77.75904761904762
252,3,60,12.844761904761905,77.76428571428572
253,3,61,12.844761904761905,77.7695238095238
254,3,62,12.844761904761905,77.7747619047619
255,3,63,12.844761904761905,77.78
256,4,0,12.84968253968254,77.45
257,4,1,12.84968253968254,77.4552380952381
258,4,2,12.84968253968254,77.4604761904762
259,4,3,12.84968253968254,77.46571428571428
260,4,4,12.84968253968254,77.47095238095238
261,4,5,12.84968253968254,77.47619047619048
262,4,6,12.84968253968254,77.48142857142858
263,4,7,12.84968253968254,77.48666666666666
264,4,8,12.84968253968254,77.49190476190476
265,4,9,12.84968253968254,77.49714285714286
266,4,10,12.84968253968254,77.50238095238096
267,4,11,12.84968253968254,77.50761904761904
268,4,12,12.84968253968254,77.51285714285714
269,4,13,12.84968253968254,77.51809523809524
270,4,14,12.84968253968254,77.52333333333334
271,4,15,12.84968253968254,77.52857142857142
272,4,16,12.84968253968254,77.53380952380952
273,4,17,12.84968253968254,77.53904761904762
274,4,18,12.84968253968254,77.54428571428572
275,4,19,12.84968253968254,77.5495238095238
276,4,20,12.84968253968254,77.5547619047619
277,4,21,12.84968253968254,77.56
278,4,22,12.84968253968254,77.5652380952381
279,4,23,12.84968253968254,77.5704761904762
280,4,24,12.84968253968254,77.57571428571428
281,4,25,12.84968253968254,77.58095238095238
282,4,26,12.84968253968254,77.58619047619048
283,4,27,12.84968253968254,77.59142857142858
284,4,28,12.84968253968254,77.59666666666666
285,4,29,12.84968253968254,77.60190476190476
286,4,30,12.84968253968254,77.60714285714286
287,4,31,12.84968253968254,77.61238095238096
288,4,32,12.84968253968254,77.61761904761904
289,4,33,12.84968253968254,77.62285714285714
290,4,34,12.84968253968254,77.62809523809524
291,4,35,12.84968253968254,77.63333333333334
292,4,36,12.84968253968254,77.63857142857142
293,4,37,12.84968253968254,77.64380952380952
294,4,38,12.84968253968254,77.64904761904762
295,4,39,12.84968253968254,77.65428571428572
296,4,40,12.84968253968254,77.6595238095238
297,4,41,12.84968253968254,77.6647619047619
298,4,42,12.84968253968254,77.67
299,4,43,12.84968253968254,77.6752380952381
300,4,44,12.84968253968254,77.6804761904762
301,4,45,12.84968253968254,77.68571428571428
302,4,46,12.84968253968254,77.69095238095238
303,4,47,12.84968253968254,77.69619047619048
304,4,48,12.84968253968254,77.70142857142858
305,4,49,12.84968253968254,77.70666666666666
306,4,50,12.84968253968254,77.71190476190476
307,4,51,12.84968253968254,77.71714285714286
308,4,52,12.84968253968254,77.72238095238096
309,4,53,12.84968253968254,77.72761904761904
310,4,54,12.84968253968254,77.73285714285714
311,4,55,12.84968253968254,77.73809523809524
312,4,56,12.84968253968254,77.74333333333334
313,4,57,12.84968253968254,77.74857142857142
314,4,58,12.84968253968254,77.75380952380952
315,4,59,12.84968253968254,77.75904761904762
316,4,60,12.84968253968254,77.76428571428572
317,4,61,12.84968253968254,77.7695238095238
318,4,62,12.84968253968254,77.7747619047619
319,4,63,12.84968253968254,77.78
320,5,0,12.854603174603175,77.45
321,5,1,12.854603174603175,77.4552380952381
322,5,2,12.854603174603175,77.4604761904762
323,5,3,12.854603174603175,77.46571428571428
324,5,4,12.854603174603175,77.47095238095238
325,5,5,12.854603174603175,77.47619047619048
326,5,6,12.854603174603175,77.48142857142858
327,5,7,12.854603174603175,77.48666666666666
328,5,8,12.854603174603175,77.49190476190476
329,5,9,12.854603174603175,77.49714285714286
330,5,10,12.854603174603175,77.50238095238096
331,5,11,12.854603174603175,77.50761904761904
332,5,12,12.854603174603175,77.51285714285714
333,5,13,12.854603174603175,77.51809523809524
334,5,14,12.854603174603175,77.52333333333334
335,5,15,12.854603174603175,77.52857142857142
336,5,16,12.854603174603175,77.53380952380952
337,5,17,12.854603174603175,77.53904761904762
338,5,18,12.854603174603175,77.54428571428572
339,5,19,12.854603174603175,77.5495238095238
340,5,20,12.854603174603175,77.5547619047619
341,5,21,12.854603174603175,77.56
342,5,22,12.854603174603175,77.5652380952381
343,5,23,12.854603174603175,77.5704761904762
344,5,24,12.854603174603175,77.57571428571428
345,5,25,12.854603174603175,77.58095238095238
346,5,26,12.854603174603175,77.58619047619048
347,5,27,12.854603174603175,77.59142857142858
348,5,28,12.854603174603175,77.59666666666666
349,5,29,12.854603174603175,77.60190476190476
350,5,30,12.854603174603175,77.60714285714286
351,5,31,12.854603174603175,77.61238095238096
352,5,32,12.854603174603175,77.61761904761904
353,5,33,12.854603174603175,77.62285714285714
354,5,34,12.854603174603175,77.62809523809524
355,5,35,12.854603174603175,77.63333333333334
356,5,36,12.854603174603175,77.63857142857142
357,5,37,12.854603174603175,77.64380952380952
358,5,38,12.854603174603175,77.64904761904762
359,5,39,12.854603174603175,77.65428571428572
360,5,40,12.854603174603175,77.6595238095238
361,5,41,12.854603174603175,77.6647619047619
362,5,42,12.854603174603175,77.67
363,5,43,12.854603174603175,77.6752380952381
364,5,44,12.854603174603175,77.6804761904762
365,5,45,12.854603174603175,77.68571428571428
366,5,46,12.854603174603175,77.69095238095238
367,5,47,12.854603174603175,77.69619047619048
368,5,48,12.854603174603175,77.70142857142858
369,5,49,12.854603174603175,77.70666666666666
370,5,50,12.854603174603175,77.71190476190476
371,5,51,12.854603174603175,77.71714285714286
372,5,52,12.854603174603175,77.72238095238096
373,5,53,12.854603174603175,77.72761904761904
374,5,54,12.854603174603175,77.73285714285714
375,5,55,12.854603174603175,77.73809523809524
376,5,56,12.854603174603175,77.74333333333334
377,5,57,12.854603174603175,77.74857142857142
378,5,58,12.854603174603175,77.75380952380952
379,5,59,12.854603174603175,77.75904761904762
380,5,60,12.854603174603175,77.76428571428572
381,5,61,12.854603174603175,77.7695238095238
382,5,62,12.854603174603175,77.7747619047619
383,5,63,12.854603174603175,77.78
384,6,0,12.85952380952381,77.45
385,6,1,12.85952380952381,77.4552380952381
386,6,2,12.85952380952381,77.4604761904762
387,6,3,12.85952380952381,77.46571428571428
388,6,4,12.85952380952381,77.47095238095238
389,6,5,12.85952380952381,77.47619047619048
390,6,6,12.85952380952381,77.48142857142858
391,6,7,12.85952380952381,77.48666666666666
392,6,8,12.85952380952381,77.49190476190476
393,6,9,12.85952380952381,77.49714285714286
394,6,10,12.85952380952381,77.50238095238096
395,6,11,12.85952380952381,77.50761904761904
396,6,12,12.85952380952381,77.51285714285714
397,6,13,12.85952380952381,77.51809523809524
398,6,14,12.85952380952381,77.52333333333334
399,6,15,12.85952380952381,77.52857142857142
400,6,16,12.85952380952381,77.53380952380952
401,6,17,12.85952380952381,77.53904761904762
402,6,18,12.85952380952381,77.54428571428572
403,6,19,12.85952380952381,77.5495238095238
404,6,20,12.85952380952381,77.5547619047619
405,6,21,12.85952380952381,77.56
406,6,22,12.85952380952381,77.5652380952381
407,6,23,12.85952380952381,77.5704761904762
408,6,24,12.85952380952381,77.57571428571428
409,6,25,12.85952380952381,77.58095238095238
410,6,26,12.85952380952381,77.58619047619048
411,6,27,12.85952380952381,77.59142857142858
412,6,28,12.85952380952381,77.59666666666666
413,6,29,12.85952380952381,77.60190476190476
414,6,30,12.85952380952381,77.60714285714286
415,6,31,12.85952380952381,77.61238095238096
416,6,32,12.85952380952381,77.61761904761904
417,6,33,12.85952380952381,77.62285714285714
418,6,34,12.85952380952381,77.62809523809524
419,6,35,12.85952380952381,77.63333333333334
420,6,36,12.85952380952381,77.63857142857142
421,6,37,12.85952380952381,77.64380952380952
422,6,38,12.85952380952381,77.64904761904762
423,6,39,12.85952380952381,77.65428571428572
424,6,40,12.85952380952381,77.6595238095238
425,6,41,12.85952380952381,77.6647619047619
426,6,42,12.85952380952381,77.67
427,6,43,12.85952380952381,77.6752380952381
428,6,44,12.85952380952381,77.6804761904762
429,6,45,12.85952380952381,77.68571428571428
430,6,46,12.85952380952381,77.69095238095238
431,6,47,12.85952380952381,77.69619047619048
432,6,48,12.85952380952381,77.70142857142858
433,6,49,12.85952380952381,77.70666666666666
434,6,50,12.85952380952381,77.71190476190476
435,6,51,12.85952380952381,77.71714285714286
436,6,52,12.85952380952381,77.72238095238096
437,6,53,12.85952380952381,77.72761904761904
438,6,54,12.85952380952381,77.73285714285714
439,6,55,12.85952380952381,77.73809523809524
440,6,56,12.85952380952381,77.74333333333334
441,6,57,12.85952380952381,77.74857142857142
442,6,58,12.85952380952381,77.75380952380952
443,6,59,12.85952380952381,77.75904761904762
444,6,60,12.85952380952381,77.76428571428572
445,6,61,12.85952380952381,77.7695238095238
446,6,62,12.85952380952381,77.7747619047619
447,6,63,12.85952380952381,77.78
448,7,0,12.864444444444445,77.45
449,7,1,12.864444444444445,77.4552380952381
450,7,2,12.864444444444445,77.4604761904762
451,7,3,12.864444444444445,77.46571428571428
452,7,4,12.864444444444445,77.47095238095238
453,7,5,12.864444444444445,77.47619047619048
454,7,6,12.864444444444445,77.48142857142858
455,7,7,12.864444444444445,77.48666666666666
456,7,8,12.864444444444445,77.49190476190476
457,7,9,12.864444444444445,77.49714285714286
458,7,10,12.864444444444445,77.50238095238096
459,7,11,12.864444444444445,77.50761904761904
460,7,12,12.864444444444445,77.51285714285714
461,7,13,12.864444444444445,77.51809523809524
462,7,14,12.864444444444445,77.52333333333334
463,7,15,12.864444444444445,77.52857142857142
464,7,16,12.864444444444445,77.53380952380952
465,7,17,12.864444444444445,77.53904761904762
466,7,18,12.864444444444445,77.54428571428572
467,7,19,12.864444444444445,77.5495238095238
468,7,20,12.864444444444445,77.5547619047619
469,7,21,12.864444444444445,77.56
470,7,22,12.864444444444445,77.5652380952381
471,7,23,12.864444444444445,77.5704761904762
472,7,24,12.864444444444445,77.57571428571428
473,7,25,12.864444444444445,77.58095238095238
474,7,26,12.864444444444445,77.58619047619048
475,7,27,12.864444444444445,77.59142857142858
476,7,28,12.864444444444445,77.59666666666666
477,7,29,12.864444444444445,77.60190476190476
478,7,30,12.864444444444445,77.60714285714286
479,7,31,12.864444444444445,77.61238095238096
480,7,32,12.864444444444445,77.61761904761904
481,7,33,12.864444444444445,77.62285714285714
482,7,34,12.864444444444445,77.62809523809524
483,7,35,12.864444444444445,77.63333333333334
484,7,36,12.864444444444445,77.63857142857142
485,7,37,12.864444444444445,77.64380952380952
486,7,38,12.864444444444445,77.64904761904762
487,7,39,12.864444444444445,77.65428571428572
488,7,40,12.864444444444445,77.6595238095238
489,7,41,12.864444444444445,77.6647619047619
490,7,42,12.864444444444445,77.67
491,7,43,12.864444444444445,77.6752380952381
492,7,44,12.864444444444445,77.6804761904762
493,7,45,12.864444444444445,77.68571428571428
494,7,46,12.864444444444445,77.69095238095238
495,7,47,12.864444444444445,77.69619047619048
496,7,48,12.864444444444445,77.70142857142858
497,7,49,12.864444444444445,77.70666666666666
498,7,50,12.864444444444445,77.71190476190476
499,7,51,12.864444444444445,77.71714285714286
500,7,52,12.864444444444445,77.72238095238096
501,7,53,12.864444444444445,77.72761904761904
502,7,54,12.864444444444445,77.73285714285714
503,7,55,12.864444444444445,77.73809523809524
504,7,56,12.864444444444445,77.74333333333334
505,7,57,12.864444444444445,77.74857142857142
506,7,58,12.864444444444445,77.75380952380952
507,7,59,12.864444444444445,77.75904761904762
508,7,60,12.864444444444445,77.76428571428572
509,7,61,12.864444444444445,77.7695238095238
510,7,62,12.864444444444445,77.7747619047619
511,7,63,12.864444444444445,77.78
512,8,0,12.86936507936508,77.45
513,8,1,12.86936507936508,77.4552380952381
514,8,2,12.86936507936508,77.4604761904762
515,8,3,12.86936507936508,77.46571428571428
516,8,4,12.86936507936508,77.47095238095238
517,8,5,12.86936507936508,77.47619047619048
518,8,6,12.86936507936508,77.48142857142858
519,8,7,12.86936507936508,77.48666666666666
520,8,8,12.86936507936508,77.49190476190476
521,8,9,12.86936507936508,77.49714285714286
522,8,10,12.86936507936508,77.50238095238096
523,8,11,12.86936507936508,77.50761904761904
524,8,12,12.86936507936508,77.51285714285714
525,8,13,12.86936507936508,77.51809523809524
526,8,14,12.86936507936508,77.52333333333334
527,8,15,12.86936507936508,77.52857142857142
528,8,16,12.86936507936508,77.53380952380952
529,8,17,12.86936507936508,77.53904761904762
530,8,18,12.86936507936508,77.54428571428572
531,8,19,12.86936507936508,77.5495238095238
532,8,20,12.86936507936508,77.5547619047619
533,8,21,12.86936507936508,77.56
534,8,22,12.86936507936508,77.5652380952381
535,8,23,12.86936507936508,77.5704761904762
536,8,24,12.86936507936508,77.57571428571428
537,8,25,12.86936507936508,77.58095238095238
538,8,26,12.86936507936508,77.58619047619048
539,8,27,12.86936507936508,77.59142857142858
540,8,28,12.86936507936508,77.59666666666666
541,8,29,12.86936507936508,77.60190476190476
542,8,30,12.86936507936508,77.60714285714286
543,8,31,12.86936507936508,77.61238095238096
544,8,32,12.86936507936508,77.61761904761904
545,8,33,12.86936507936508,77.62285714285714
546,8,34,12.86936507936508,77.62809523809524
547,8,35,12.86936507936508,77.63333333333334
548,8,36,12.86936507936508,77.63857142857142
549,8,37,12.86936507936508,77.64380952380952
550,8,38,12.86936507936508,77.64904761904762
551,8,39,12.86936507936508,77.65428571428572
552,8,40,12.86936507936508,77.6595238095238
553,8,41,12.86936507936508,77.6647619047619
554,8,42,12.86936507936508,77.67
555,8,43,12.86936507936508,77.6752380952381
556,8,44,12.86936507936508,77.6804761904762
557,8,45,12.86936507936508,77.68571428571428
558,8,46,12.86936507936508,77.69095238095238
559,8,47,12.86936507936508,77.69619047619048
560,8,48,12.86936507936508,77.70142857142858
561,8,49,12.86936507936508,77.70666666666666
562,8,50,12.86936507936508,77.71190476190476
563,8,51,12.86936507936508,77.71714285714286
564,8,52,12.86936507936508,77.72238095238096
565,8,53,12.86936507936508,77.72761904761904
566,8,54,12.86936507936508,77.73285714285714
567,8,55,12.86936507936508,77.73809523809524
568,8,56,12.86936507936508,77.74333333333334
569,8,57,12.86936507936508,77.74857142857142
570,8,58,12.86936507936508,77.75380952380952
571,8,59,12.86936507936508,77.75904761904762
572,8,60,12.86936507936508,77.76428571428572
573,8,61,12.86936507936508,77.7695238095238
574,8,62,12.86936507936508,77.7747619047619
575,8,63,12.86936507936508,77.78
576,9,0,12.874285714285714,77.45
577,9,1,12.874285714285714,77.4552380952381
578,9,2,12.874285714285714,77.4604761904762
579,9,3,12.874285714285714,77.46571428571428
580,9,4,12.874285714285714,77.47095238095238
581,9,5,12.874285714285714,77.47619047619048
582,9,6,12.874285714285714,77.48142857142858
583,9,7,12.874285714285714,77.48666666666666
584,9,8,12.874285714285714,77.49190476190476
585,9,9,12.874285714285714,77.49714285714286
586,9,10,12.874285714285714,77.50238095238096
587,9,11,12.874285714285714,77.50761904761904
588,9,12,12.874285714285714,77.51285714285714
589,9,13,12.874285714285714,77.51809523809524
590,9,14,12.874285714285714,77.52333333333334
591,9,15,12.874285714285714,77.52857142857142
592,9,16,12.874285714285714,77.53380952380952
593,9,17,12.874285714285714,77.53904761904762
594,9,18,12.874285714285714,77.54428571428572
595,9,19,12.874285714285714,77.5495238095238
596,9,20,12.874285714285714,77.5547619047619
597,9,21,12.874285714285714,77.56
598,9,22,12.874285714285714,77.5652380952381
599,9,23,12.874285714285714,77.5704761904762
600,9,24,12.874285714285714,77.57571428571428
601,9,25,12.874285714285714,77.58095238095238
602,9,26,12.874285714285714,77.58619047619048
603,9,27,12.874285714285714,77.59142857142858
604,9,28,12.874285714285714,77.59666666666666
605,9,29,12.874285714285714,77.60190476190476
606,9,30,12.874285714285714,77.60714285714286
607,9,31,12.874285714285714,77.61238095238096
608,9,32,12.874285714285714,77.61761904761904
609,9,33,12.874285714285714,77.62285714285714
610,9,34,12.874285714285714,77.62809523809524
611,9,35,12.874285714285714,77.63333333333334
612,9,36,12.874285714285714,77.63857142857142
613,9,37,12.874285714285714,77.64380952380952
614,9,38,12.874285714285714,77.64904761904762
615,9,39,12.874285714285714,77.65428571428572
616,9,40,12.874285714285714,77.6595238095238
617,9,41,12.874285714285714,77.6647619047619
618,9,42,12.874285714285714,77.67
619,9,43,12.874285714285714,77.6752380952381
620,9,44,12.874285714285714,77.6804761904762
621,9,45,12.874285714285714,77.68571428571428
622,9,46,12.874285714285714,77.69095238095238
623,9,47,12.874285714285714,77.69619047619048
624,9,48,12.874285714285714,77.70142857142858
625,9,49,12.874285714285714,77.70666666666666
626,9,50,12.874285714285714,77.71190476190476
627,9,51,12.874285714285714,77.71714285714286
628,9,52,12.874285714285714,77.72238095238096
629,9,53,12.874285714285714,77.72761904761904
630,9,54,12.874285714285714,77.73285714285714
631,9,55,12.874285714285714,77.73809523809524
632,9,56,12.874285714285714,77.74333333333334
633,9,57,12.874285714285714,77.74857142857142
634,9,58,12.874285714285714,77.75380952380952
635,9,59,12.874285714285714,77.75904761904762
636,9,60,12.874285714285714,77.76428571428572
637,9,61,12.874285714285714,77.7695238095238
638,9,62,12.874285714285714,77.7747619047619
639,9,63,12.874285714285714,77.78
640,10,0,12.879206349206349,77.45
641,10,1,12.879206349206349,77.4552380952381
642,10,2,12.879206349206349,77.4604761904762
643,10,3,12.879206349206349,77.46571428571428
644,10,4,12.879206349206349,77.47095238095238
645,10,5,12.879206349206349,77.47619047619048
646,10,6,12.879206349206349,77.48142857142858
647,10,7,12.879206349206349,77.48666666666666
648,10,8,12.879206349206349,77.49190476190476
649,10,9,12.879206349206349,77.49714285714286
650,10,10,12.879206349206349,77.50238095238096
651,10,11,12.879206349206349,77.50761904761904
652,10,12,12.879206349206349,77.51285714285714
653,10,13,12.879206349206349,77.51809523809524
654,10,14,12.879206349206349,77.52333333333334
655,10,15,12.879206349206349,77.52857142857142
656,10,16,12.879206349206349,77.53380952380952
657,10,17,12.879206349206349,77.53904761904762
658,10,18,12.879206349206349,77.54428571428572
659,10,19,12.879206349206349,77.5495238095238
660,10,20,12.879206349206349,77.5547619047619
661,10,21,12.879206349206349,77.56
662,10,22,12.879206349206349,77.5652380952381
663,10,23,12.879206349206349,77.5704761904762
664,10,24,12.879206349206349,77.57571428571428
665,10,25,12.879206349206349,77.58095238095238
666,10,26,12.879206349206349,77.58619047619048
667,10,27,12.879206349206349,77.59142857142858
668,10,28,12.879206349206349,77.59666666666666
669,10,29,12.879206349206349,77.60190476190476
670,10,30,12.879206349206349,77.60714285714286
671,10,31,12.879206349206349,77.61238095238096
672,10,32,12.879206349206349,77.61761904761904
673,10,33,12.879206349206349,77.62285714285714
674,10,34,12.879206349206349,77.62809523809524
675,10,35,12.879206349206349,77.63333333333334
676,10,36,12.879206349206349,77.63857142857142
677,10,37,12.879206349206349,77.64380952380952
678,10,38,12.879206349206349,77.64904761904762
679,10,39,12.879206349206349,77.65428571428572
680,10,40,12.879206349206349,77.6595238095238
681,10,41,12.879206349206349,77.6647619047619
682,10,42,12.879206349206349,77.67
683,10,43,12.879206349206349,77.6752380952381
684,10,44,12.879206349206349,77.6804761904762
685,10,45,12.879206349206349,77.68571428571428
686,10,46,12.879206349206349,77.69095238095238
687,10,47,12.879206349206349,77.69619047619048
688,10,48,12.879206349206349,77.70142857142858
689,10,49,12.879206349206349,77.70666666666666
690,10,50,12.879206349206349,77.71190476190476
691,10,51,12.879206349206349,77.71714285714286
692,10,52,12.879206349206349,77.72238095238096
693,10,53,12.879206349206349,77.72761904761904
694,10,54,12.879206349206349,77.73285714285714
695,10,55,12.879206349206349,77.73809523809524
696,10,56,12.879206349206349,77.74333333333334
697,10,57,12.879206349206349,77.74857142857142
698,10,58,12.879206349206349,77.75380952380952
699,10,59,12.879206349206349,77.75904761904762
700,10,60,12.879206349206349,77.76428571428572
701,10,61,12.879206349206349,77.7695238095238
702,10,62,12.879206349206349,77.7747619047619
703,10,63,12.879206349206349,77.78
704,11,0,12.884126984126985,77.45
705,11,1,12.884126984126985,77.4552380952381
706,11,2,12.884126984126985,77.4604761904762
707,11,3,12.884126984126985,77.46571428571428
708,11,4,12.884126984126985,77.47095238095238
709,11,5,12.884126984126985,77.47619047619048
710,11,6,12.884126984126985,77.48142857142858
711,11,7,12.884126984126985,77.48666666666666
712,11,8,12.884126984126985,77.49190476190476
713,11,9,12.884126984126985,77.49714285714286
714,11,10,12.884126984126985,77.50238095238096
715,11,11,12.884126984126985,77.50761904761904
716,11,12,12.884126984126985,77.51285714285714
717,11,13,12.884126984126985,77.51809523809524
718,11,14,12.884126984126985,77.52333333333334
719,11,15,12.884126984126985,77.52857142857142
720,11,16,12.884126984126985,77.53380952380952
721,11,17,12.884126984126985,77.53904761904762
722,11,18,12.884126984126985,77.54428571428572
723,11,19,12.884126984126985,77.5495238095238
724,11,20,12.884126984126985,77.5547619047619
725,11,21,12.884126984126985,77.56
726,11,22,12.884126984126985,77.5652380952381
727,11,23,12.884126984126985,77.5704761904762
728,11,24,12.884126984126985,77.57571428571428
729,11,25,12.884126984126985,77.58095238095238
730,11,26,12.884126984126985,77.58619047619048
731,11,27,12.884126984126985,77.59142857142858
732,11,28,12.884126984126985,77.59666666666666
733,11,29,12.884126984126985,77.60190476190476
734,11,30,12.884126984126985,77.60714285714286
735,11,31,12.884126984126985,77.61238095238096
736,11,32,12.884126984126985,77.61761904761904
737,11,33,12.884126984126985,77.62285714285714
738,11,34,12.884126984126985,77.62809523809524
739,11,35,12.884126984126985,77.63333333333334
740,11,36,12.884126984126985,77.63857142857142
741,11,37,12.884126984126985,77.64380952380952
742,11,38,12.884126984126985,77.64904761904762
743,11,39,12.884126984126985,77.65428571428572
744,11,40,12.884126984126985,77.6595238095238
745,11,41,12.884126984126985,77.6647619047619
746,11,42,12.884126984126985,77.67
747,11,43,12.884126984126985,77.6752380952381
748,11,44,12.884126984126985,77.6804761904762
749,11,45,12.884126984126985,77.68571428571428
750,11,46,12.884126984126985,77.69095238095238
751,11,47,12.884126984126985,77.69619047619048
752,11,48,12.884126984126985,77.70142857142858
753,11,49,12.884126984126985,77.70666666666666
754,11,50,12.884126984126985,77.71190476190476
755,11,51,12.884126984126985,77.71714285714286
756,11,52,12.884126984126985,77.72238095238096
757,11,53,12.884126984126985,77.72761904761904
758,11,54,12.884126984126985,77.73285714285714
759,11,55,12.884126984126985,77.73809523809524
760,11,56,12.884126984126985,77.74333333333334
761,11,57,12.884126984126985,77.74857142857142
762,11,58,12.884126984126985,77.75380952380952
763,11,59,12.884126984126985,77.75904761904762
764,11,60,12.884126984126985,77.76428571428572
765,11,61,12.884126984126985,77.7695238095238
766,11,62,12.884126984126985,77.7747619047619
767,11,63,12.884126984126985,77.78
768,12,0,12.88904761904762,77.45
769,12,1,12.88904761904762,77.4552380952381
770,12,2,12.88904761904762,77.4604761904762
771,12,3,12.88904761904762,77.46571428571428
772,12,4,12.88904761904762,77.47095238095238
773,12,5,12.88904761904762,77.47619047619048
774,12,6,12.88904761904762,77.48142857142858
775,12,7,12.88904761904762,77.48666666666666
776,12,8,12.88904761904762,77.49190476190476
777,12,9,12.88904761904762,77.49714285714286
778,12,10,12.88904761904762,77.50238095238096
779,12,11,12.88904761904762,77.50761904761904
780,12,12,12.88904761904762,77.51285714285714
781,12,13,12.88904761904762,77.51809523809524
782,12,14,12.88904761904762,77.52333333333334
783,12,15,12.88904761904762,77.52857142857142
784,12,16,12.88904761904762,77.53380952380952
785,12,17,12.88904761904762,77.53904761904762
786,12,18,12.88904761904762,77.54428571428572
787,12,19,12.88904761904762,77.5495238095238
788,12,20,12.88904761904762,77.5547619047619
789,12,21,12.88904761904762,77.56
790,12,22,12.88904761904762,77.5652380952381
791,12,23,12.88904761904762,77.5704761904762
792,12,24,12.88904761904762,77.57571428571428
793,12,25,12.88904761904762,77.58095238095238
794,12,26,12.88904761904762,77.58619047619048
795,12,27,12.88904761904762,77.59142857142858
796,12,28,12.88904761904762,77.59666666666666
797,12,29,12.88904761904762,77.60190476190476
798,12,30,12.88904761904762,77.60714285714286
799,12,31,12.88904761904762,77.61238095238096
800,12,32,12.88904761904762,77.61761904761904
801,12,33,12.88904761904762,77.62285714285714
802,12,34,12.88904761904762,77.62809523809524
803,12,35,12.88904761904762,77.63333333333334
804,12,36,12.88904761904762,77.63857142857142
805,12,37,12.88904761904762,77.64380952380952
806,12,38,12.88904761904762,77.64904761904762
807,12,39,12.88904761904762,77.65428571428572
808,12,40,12.88904761904762,77.6595238095238
809,12,41,12.88904761904762,77.6647619047619
810,12,42,12.88904761904762,77.67
811,12,43,12.88904761904762,77.6752380952381
812,12,44,12.88904761904762,77.6804761904762
813,12,45,12.88904761904762,77.68571428571428
814,12,46,12.88904761904762,77.69095238095238
815,12,47,12.88904761904762,77.69619047619048
816,12,48,12.88904761904762,77.70142857142858
817,12,49,12.88904761904762,77.70666666666666
818,12,50,12.88904761904762,77.71190476190476
819,12,51,12.88904761904762,77.71714285714286
820,12,52,12.88904761904762,77.72238095238096
821,12,53,12.88904761904762,77.72761904761904
822,12,54,12.88904761904762,77.73285714285714
823,12,55,12.88904761904762,77.73809523809524
824,12,56,12.88904761904762,77.74333333333334
825,12,57,12.88904761904762,77.74857142857142
826,12,58,12.88904761904762,77.75380952380952
827,12,59,12.88904761904762,77.75904761904762
828,12,60,12.88904761904762,77.76428571428572
829,12,61,12.88904761904762,77.7695238095238
830,12,62,12.88904761904762,77.7747619047619
831,12,63,12.88904761904762,77.78
832,13,0,12.893968253968254,77.45
833,13,1,12.893968253968254,77.4552380952381
834,13,2,12.893968253968254,77.4604761904762
835,13,3,12.893968253968254,77.46571428571428
836,13,4,12.893968253968254,77.47095238095238
837,13,5,12.893968253968254,77.47619047619048
838,13,6,12.893968253968254,77.48142857142858
839,13,7,12.893968253968254,77.48666666666666
840,13,8,12.893968253968254,77.49190476190476
841,13,9,12.893968253968254,77.49714285714286
842,13,10,12.893968253968254,77.50238095238096
843,13,11,12.893968253968254,77.50761904761904
844,13,12,12.893968253968254,77.51285714285714
845,13,13,12.893968253968254,77.51809523809524
846,13,14,12.893968253968254,77.52333333333334
847,13,15,12.893968253968254,77.52857142857142
848,13,16,12.893968253968254,77.53380952380952
849,13,17,12.893968253968254,77.53904761904762
850,13,18,12.893968253968254,77.54428571428572
851,13,19,12.893968253968254,77.5495238095238
852,13,20,12.893968253968254,77.5547619047619
853,13,21,12.893968253968254,77.56
854,13,22,12.893968253968254,77.5652380952381
855,13,23,12.893968253968254,77.5704761904762
856,13,24,12.893968253968254,77.57571428571428
857,13,25,12.893968253968254,77.58095238095238
858,13,26,12.893968253968254,77.58619047619048
859,13,27,12.893968253968254,77.59142857142858
860,13,28,12.893968253968254,77.59666666666666
861,13,29,12.893968253968254,77.60190476190476
862,13,30,12.893968253968254,77.60714285714286
863,13,31,12.893968253968254,77.61238095238096
864,13,32,12.893968253968254,77.61761904761904
865,13,33,12.893968253968254,77.62285714285714
866,13,34,12.893968253968254,77.62809523809524
867,13,35,12.893968253968254,77.63333333333334
868,13,36,12.893968253968254,77.63857142857142
869,13,37,12.893968253968254,77.64380952380952
870,13,38,12.893968253968254,77.64904761904762
871,13,39,12.893968253968254,77.65428571428572
872,13,40,12.893968253968254,77.6595238095238
873,13,41,12.893968253968254,77.6647619047619
874,13,42,12.893968253968254,77.67
875,13,43,12.893968253968254,77.6752380952381
876,13,44,12.893968253968254,77.6804761904762
877,13,45,12.893968253968254,77.68571428571428
878,13,46,12.893968253968254,77.69095238095238
879,13,47,12.893968253968254,77.69619047619048
880,13,48,12.893968253968254,77.70142857142858
881,13,49,12.893968253968254,77.70666666666666
882,13,50,12.893968253968254,77.71190476190476
883,13,51,12.893968253968254,77.71714285714286
884,13,52,12.893968253968254,77.72238095238096
885,13,53,12.893968253968254,77.72761904761904
886,13,54,12.893968253968254,77.73285714285714
887,13,55,12.893968253968254,77.73809523809524
888,13,56,12.893968253968254,77.74333333333334
889,13,57,12.893968253968254,77.74857142857142
890,13,58,12.893968253968254,77.75380952380952
891,13,59,12.893968253968254,77.75904761904762
892,13,60,12.893968253968254,77.76428571428572
893,13,61,12.893968253968254,77.7695238095238
894,13,62,12.893968253968254,77.7747619047619
895,13,63,12.893968253968254,77.78
896,14,0,12.898888888888889,77.45
897,14,1,12.898888888888889,77.4552380952381
898,14,2,12.898888888888889,77.4604761904762
899,14,3,12.898888888888889,77.46571428571428
900,14,4,12.898888888888889,77.47095238095238
901,14,5,12.898888888888889,77.47619047619048
902,14,6,12.898888888888889,77.48142857142858
903,14,7,12.898888888888889,77.48666666666666
904,14,8,12.898888888888889,77.49190476190476
905,14,9,12.898888888888889,77.49714285714286
906,14,10,12.898888888888889,77.50238095238096
907,14,11,12.898888888888889,77.50761904761904
908,14,12,12.898888888888889,77.51285714285714
909,14,13,12.898888888888889,77.51809523809524
910,14,14,12.898888888888889,77.52333333333334
911,14,15,12.898888888888889,77.52857142857142
912,14,16,12.898888888888889,77.53380952380952
913,14,17,12.898888888888889,77.53904761904762
914,14,18,12.898888888888889,77.54428571428572
915,14,19,12.898888888888889,77.5495238095238
916,14,20,12.898888888888889,77.5547619047619
917,14,21,12.898888888888889,77.56
918,14,22,12.898888888888889,77.5652380952381
919,14,23,12.898888888888889,77.5704761904762
920,14,24,12.898888888888889,77.57571428571428
921,14,25,12.898888888888889,77.58095238095238
922,14,26,12.898888888888889,77.58619047619048
923,14,27,12.898888888888889,77.59142857142858
924,14,28,12.898888888888889,77.59666666666666
925,14,29,12.898888888888889,77.60190476190476
926,14,30,12.898888888888889,77.60714285714286
927,14,31,12.898888888888889,77.61238095238096
928,14,32,12.898888888888889,77.61761904761904
929,14,33,12.898888888888889,77.62285714285714
930,14,34,12.898888888888889,77.62809523809524
931,14,35,12.898888888888889,77.63333333333334
932,14,36,12.898888888888889,77.63857142857142
933,14,37,12.898888888888889,77.64380952380952
934,14,38,12.898888888888889,77.64904761904762
935,14,39,12.898888888888889,77.65428571428572
936,14,40,12.898888888888889,77.6595238095238
937,14,41,12.898888888888889,77.6647619047619
938,14,42,12.898888888888889,77.67
939,14,43,12.898888888888889,77.6752380952381
940,14,44,12.898888888888889,77.6804761904762
941,14,45,12.898888888888889,77.68571428571428
942,14,46,12.898888888888889,77.69095238095238
943,14,47,12.898888888888889,77.69619047619048
944,14,48,12.898888888888889,77.70142857142858
945,14,49,12.898888888888889,77.70666666666666
946,14,50,12.898888888888889,77.71190476190476
947,14,51,12.898888888888889,77.71714285714286
948,14,52,12.898888888888889,77.72238095238096
949,14,53,12.898888888888889,77.72761904761904
950,14,54,12.898888888888889,77.73285714285714
951,14,55,12.898888888888889,77.73809523809524
952,14,56,12.898888888888889,77.74333333333334
953,14,57,12.898888888888889,77.74857142857142
954,14,58,12.898888888888889,77.75380952380952
955,14,59,12.898888888888889,77.75904761904762
956,14,60,12.898888888888889,77.76428571428572
957,14,61,12.898888888888889,77.7695238095238
958,14,62,12.898888888888889,77.7747619047619
959,14,63,12.898888888888889,77.78
960,15,0,12.903809523809525,77.45
961,15,1,12.903809523809525,77.4552380952381
962,15,2,12.903809523809525,77.4604761904762
963,15,3,12.903809523809525,77.46571428571428
964,15,4,12.903809523809525,77.47095238095238
965,15,5,12.903809523809525,77.47619047619048
966,15,6,12.903809523809525,77.48142857142858
967,15,7,12.903809523809525,77.48666666666666
968,15,8,12.903809523809525,77.49190476190476
969,15,9,12.903809523809525,77.49714285714286
970,15,10,12.903809523809525,77.50238095238096
971,15,11,12.903809523809525,77.50761904761904
972,15,12,12.903809523809525,77.51285714285714
973,15,13,12.903809523809525,77.51809523809524
974,15,14,12.903809523809525,77.52333333333334
975,15,15,12.903809523809525,77.52857142857142
976,15,16,12.903809523809525,77.53380952380952
977,15,17,12.903809523809525,77.53904761904762
978,15,18,12.903809523809525,77.54428571428572
979,15,19,12.903809523809525,77.5495238095238
980,15,20,12.903809523809525,77.5547619047619
981,15,21,12.903809523809525,77.56
982,15,22,12.903809523809525,77.5652380952381
983,15,23,12.903809523809525,77.5704761904762
984,15,24,12.903809523809525,77.57571428571428
985,15,25,12.903809523809525,77.58095238095238
986,15,26,12.903809523809525,77.58619047619048
987,15,27,12.903809523809525,77.59142857142858
988,15,28,12.903809523809525,77.59666666666666
989,15,29,12.903809523809525,77.60190476190476
990,15,30,12.903809523809525,77.60714285714286
991,15,31,12.903809523809525,77.61238095238096
992,15,32,12.903809523809525,77.61761904761904
993,15,33,12.903809523809525,77.62285714285714
994,15,34,12.903809523809525,77.62809523809524
995,15,35,12.903809523809525,77.63333333333334
996,15,36,12.903809523809525,77.63857142857142
997,15,37,12.903809523809525,77.64380952380952
998,15,38,12.903809523809525,77.64904761904762
999,15,39,12.903809523809525,77.65428571428572
1000,15,40,12.903809523809525,77.6595238095238
1001,15,41,12.903809523809525,77.6647619047619
1002,15,42,12.903809523809525,77.67
1003,15,43,12.903809523809525,77.6752380952381
1004,15,44,12.903809523809525,77.6804761904762
1005,15,45,12.903809523809525,77.68571428571428
1006,15,46,12.903809523809525,77.69095238095238
1007,15,47,12.903809523809525,77.69619047619048
1008,15,48,12.903809523809525,77.70142857142858
1009,15,49,12.903809523809525,77.70666666666666
1010,15,50,12.903809523809525,77.71190476190476
1011,15,51,12.903809523809525,77.71714285714286
1012,15,52,12.903809523809525,77.72238095238096
1013,15,53,12.903809523809525,77.72761904761904
1014,15,54,12.903809523809525,77.73285714285714
1015,15,55,12.903809523809525,77.73809523809524
1016,15,56,12.903809523809525,77.74333333333334
1017,15,57,12.903809523809525,77.74857142857142
1018,15,58,12.903809523809525,77.75380952380952
1019,15,59,12.903809523809525,77.75904761904762
1020,15,60,12.903809523809525,77.76428571428572
1021,15,61,12.903809523809525,77.7695238095238
1022,15,62,12.903809523809525,77.7747619047619
1023,15,63,12.903809523809525,77.78
1024,16,0,12.908730158730158,77.45
1025,16,1,12.908730158730158,77.4552380952381
1026,16,2,12.908730158730158,77.4604761904762
1027,16,3,12.908730158730158,77.46571428571428
1028,16,4,12.908730158730158,77.47095238095238
1029,16,5,12.908730158730158,77.47619047619048
1030,16,6,12.908730158730158,77.48142857142858
1031,16,7,12.908730158730158,77.48666666666666
1032,16,8,12.908730158730158,77.49190476190476
1033,16,9,12.908730158730158,77.49714285714286
1034,16,10,12.908730158730158,77.50238095238096
1035,16,11,12.908730158730158,77.50761904761904
1036,16,12,12.908730158730158,77.51285714285714
1037,16,13,12.908730158730158,77.51809523809524
1038,16,14,12.908730158730158,77.52333333333334
1039,16,15,12.908730158730158,77.52857142857142
1040,16,16,12.908730158730158,77.53380952380952
1041,16,17,12.908730158730158,77.53904761904762
1042,16,18,12.908730158730158,77.54428571428572
1043,16,19,12.908730158730158,77.5495238095238
1044,16,20,12.908730158730158,77.5547619047619
1045,16,21,12.908730158730158,77.56
1046,16,22,12.908730158730158,77.5652380952381
1047,16,23,12.908730158730158,77.5704761904762
1048,16,24,12.908730158730158,77.57571428571428
1049,16,25,12.908730158730158,77.58095238095238
1050,16,26,12.908730158730158,77.58619047619048
1051,16,27,12.908730158730158,77.59142857142858
1052,16,28,12.908730158730158,77.59666666666666
1053,16,29,12.908730158730158,77.60190476190476
1054,16,30,12.908730158730158,77.60714285714286
1055,16,31,12.908730158730158,77.61238095238096
1056,16,32,12.908730158730158,77.61761904761904
1057,16,33,12.908730158730158,77.62285714285714
1058,16,34,12.908730158730158,77.62809523809524
1059,16,35,12.908730158730158,77.63333333333334
1060,16,36,12.908730158730158,77.63857142857142
1061,16,37,12.908730158730158,77.64380952380952
1062,16,38,12.908730158730158,77.64904761904762
1063,16,39,12.908730158730158,77.65428571428572
1064,16,40,12.908730158730158,77.6595238095238
1065,16,41,12.908730158730158,77.6647619047619
1066,16,42,12.908730158730158,77.67
1067,16,43,12.908730158730158,77.6752380952381
1068,16,44,12.908730158730158,77.6804761904762
1069,16,45,12.908730158730158,77.68571428571428
1070,16,46,12.908730158730158,77.69095238095238
1071,16,47,12.908730158730158,77.69619047619048
1072,16,48,12.908730158730158,77.70142857142858
1073,16,49,12.908730158730158,77.70666666666666
1074,16,50,12.908730158730158,77.71190476190476
1075,16,51,12.908730158730158,77.71714285714286
1076,16,52,12.908730158730158,77.72238095238096
1077,16,53,12.908730158730158,77.72761904761904
1078,16,54,12.908730158730158,77.73285714285714
1079,16,55,12.908730158730158,77.73809523809524
1080,16,56,12.908730158730158,77.74333333333334
1081,16,57,12.908730158730158,77.74857142857142
1082,16,58,12.908730158730158,77.75380952380952
1083,16,59,12.908730158730158,77.75904761904762
1084,16,60,12.908730158730158,77.76428571428572
1085,16,61,12.908730158730158,77.7695238095238
1086,16,62,12.908730158730158,77.7747619047619
1087,16,63,12.908730158730158,77.78
1088,17,0,12.913650793650794,77.45
1089,17,1,12.913650793650794,77.4552380952381
1090,17,2,12.913650793650794,77.4604761904762
1091,17,3,12.913650793650794,77.46571428571428
1092,17,4,12.913650793650794,77.47095238095238
1093,17,5,12.913650793650794,77.47619047619048
1094,17,6,12.913650793650794,77.48142857142858
1095,17,7,12.913650793650794,77.48666666666666
1096,17,8,12.913650793650794,77.49190476190476
1097,17,9,12.913650793650794,77.49714285714286
1098,17,10,12.913650793650794,77.50238095238096
1099,17,11,12.913650793650794,77.50761904761904
1100,17,12,12.913650793650794,77.51285714285714
1101,17,13,12.913650793650794,77.51809523809524
1102,17,14,12.913650793650794,77.52333333333334
1103,17,15,12.913650793650794,77.52857142857142
1104,17,16,12.913650793650794,77.53380952380952
1105,17,17,12.913650793650794,77.53904761904762
1106,17,18,12.913650793650794,77.54428571428572
1107,17,19,12.913650793650794,77.5495238095238
1108,17,20,12.913650793650794,77.5547619047619
1109,17,21,12.913650793650794,77.56
1110,17,22,12.913650793650794,77.5652380952381
1111,17,23,12.913650793650794,77.5704761904762
1112,17,24,12.913650793650794,77.57571428571428
1113,17,25,12.913650793650794,77.58095238095238
1114,17,26,12.913650793650794,77.58619047619048
1115,17,27,12.913650793650794,77.59142857142858
1116,17,28,12.913650793650794,77.59666666666666
1117,17,29,12.913650793650794,77.60190476190476
1118,17,30,12.913650793650794,77.60714285714286
1119,17,31,12.913650793650794,77.61238095238096
1120,17,32,12.913650793650794,77.61761904761904
1121,17,33,12.913650793650794,77.62285714285714
1122,17,34,12.913650793650794,77.62809523809524
1123,17,35,12.913650793650794,77.63333333333334
1124,17,36,12.913650793650794,77.63857142857142
1125,17,37,12.913650793650794,77.64380952380952
1126,17,38,12.913650793650794,77.64904761904762
1127,17,39,12.913650793650794,77.65428571428572
1128,17,40,12.913650793650794,77.6595238095238
1129,17,41,12.913650793650794,77.6647619047619
1130,17,42,12.913650793650794,77.67
1131,17,43,12.913650793650794,77.6752380952381
1132,17,44,12.913650793650794,77.6804761904762
1133,17,45,12.913650793650794,77.68571428571428
1134,17,46,12.913650793650794,77.69095238095238
1135,17,47,12.913650793650794,77.69619047619048
1136,17,48,12.913650793650794,77.70142857142858
1137,17,49,12.913650793650794,77.70666666666666
1138,17,50,12.913650793650794,77.71190476190476
1139,17,51,12.913650793650794,77.71714285714286
1140,17,52,12.913650793650794,77.72238095238096
1141,17,53,12.913650793650794,77.72761904761904
1142,17,54,12.913650793650794,77.73285714285714
1143,17,55,12.913650793650794,77.73809523809524
1144,17,56,12.913650793650794,77.74333333333334
1145,17,57,12.913650793650794,77.74857142857142
1146,17,58,12.913650793650794,77.75380952380952
1147,17,59,12.913650793650794,77.75904761904762
1148,17,60,12.913650793650794,77.76428571428572
1149,17,61,12.913650793650794,77.7695238095238
1150,17,62,12.913650793650794,77.7747619047619
1151,17,63,12.913650793650794,77.78
1152,18,0,12.918571428571429,77.45
1153,18,1,12.918571428571429,77.4552380952381
1154,18,2,12.918571428571429,77.4604761904762
1155,18,3,12.918571428571429,77.46571428571428
1156,18,4,12.918571428571429,77.47095238095238
1157,18,5,12.918571428571429,77.47619047619048
1158,18,6,12.918571428571429,77.48142857142858
1159,18,7,12.918571428571429,77.48666666666666
1160,18,8,12.918571428571429,77.49190476190476
1161,18,9,12.918571428571429,77.49714285714286
1162,18,10,12.918571428571429,77.50238095238096
1163,18,11,12.918571428571429,77.50761904761904
1164,18,12,12.918571428571429,77.51285714285714
1165,18,13,12.918571428571429,77.51809523809524
1166,18,14,12.918571428571429,77.52333333333334
1167,18,15,12.918571428571429,77.52857142857142
1168,18,16,12.918571428571429,77.53380952380952
1169,18,17,12.918571428571429,77.53904761904762
1170,18,18,12.918571428571429,77.54428571428572
1171,18,19,12.918571428571429,77.5495238095238
1172,18,20,12.918571428571429,77.5547619047619
1173,18,21,12.918571428571429,77.56
1174,18,22,12.918571428571429,77.5652380952381
1175,18,23,12.918571428571429,77.5704761904762
1176,18,24,12.918571428571429,77.57571428571428
1177,18,25,12.918571428571429,77.58095238095238
1178,18,26,12.918571428571429,77.58619047619048
1179,18,27,12.918571428571429,77.59142857142858
1180,18,28,12.918571428571429,77.59666666666666
1181,18,29,12.918571428571429,77.60190476190476
1182,18,30,12.918571428571429,77.60714285714286
1183,18,31,12.918571428571429,77.61238095238096
1184,18,32,12.918571428571429,77.61761904761904
1185,18,33,12.918571428571429,77.62285714285714
1186,18,34,12.918571428571429,77.62809523809524
1187,18,35,12.918571428571429,77.63333333333334
1188,18,36,12.918571428571429,77.63857142857142
1189,18,37,12.918571428571429,77.64380952380952
1190,18,38,12.918571428571429,77.64904761904762
1191,18,39,12.918571428571429,77.65428571428572
1192,18,40,12.918571428571429,77.6595238095238
1193,18,41,12.918571428571429,77.6647619047619
1194,18,42,12.918571428571429,77.67
1195,18,43,12.918571428571429,77.6752380952381
1196,18,44,12.918571428571429,77.6804761904762
1197,18,45,12.918571428571429,77.68571428571428
1198,18,46,12.918571428571429,77.69095238095238
1199,18,47,12.918571428571429,77.69619047619048
1200,18,48,12.918571428571429,77.70142857142858
1201,18,49,12.918571428571429,77.70666666666666
1202,18,50,12.918571428571429,77.71190476190476
1203,18,51,12.918571428571429,77.71714285714286
1204,18,52,12.918571428571429,77.72238095238096
1205,18,53,12.918571428571429,77.72761904761904
1206,18,54,12.918571428571429,77.73285714285714
1207,18,55,12.918571428571429,77.73809523809524
1208,18,56,12.918571428571429,77.74333333333334
1209,18,57,12.918571428571429,77.74857142857142
1210,18,58,12.918571428571429,77.75380952380952
1211,18,59,12.918571428571429,77.75904761904762
1212,18,60,12.918571428571429,77.76428571428572
1213,18,61,12.918571428571429,77.7695238095238
1214,18,62,12.918571428571429,77.7747619047619
1215,18,63,12.918571428571429,77.78
1216,19,0,12.923492063492064,77.45
1217,19,1,12.923492063492064,77.4552380952381
1218,19,2,12.923492063492064,77.4604761904762
1219,19,3,12.923492063492064,77.46571428571428
1220,19,4,12.923492063492064,77.47095238095238
1221,19,5,12.923492063492064,77.47619047619048
1222,19,6,12.923492063492064,77.48142857142858
1223,19,7,12.923492063492064,77.48666666666666
1224,19,8,12.923492063492064,77.49190476190476
1225,19,9,12.923492063492064,77.49714285714286
1226,19,10,12.923492063492064,77.50238095238096
1227,19,11,12.923492063492064,77.50761904761904
1228,19,12,12.923492063492064,77.51285714285714
1229,19,13,12.923492063492064,77.51809523809524
1230,19,14,12.923492063492064,77.52333333333334
1231,19,15,12.923492063492064,77.52857142857142
1232,19,16,12.923492063492064,77.53380952380952
1233,19,17,12.923492063492064,77.53904761904762
1234,19,18,12.923492063492064,77.54428571428572
1235,19,19,12.923492063492064,77.5495238095238
1236,19,20,12.923492063492064,77.5547619047619
1237,19,21,12.923492063492064,77.56
1238,19,22,12.923492063492064,77.5652380952381
1239,19,23,12.923492063492064,77.5704761904762
1240,19,24,12.923492063492064,77.57571428571428
1241,19,25,12.923492063492064,77.58095238095238
1242,19,26,12.923492063492064,77.58619047619048
1243,19,27,12.923492063492064,77.59142857142858
1244,19,28,12.923492063492064,77.59666666666666
1245,19,29,12.923492063492064,77.60190476190476
1246,19,30,12.923492063492064,77.60714285714286
1247,19,31,12.923492063492064,77.61238095238096
1248,19,32,12.923492063492064,77.61761904761904
1249,19,33,12.923492063492064,77.62285714285714
1250,19,34,12.923492063492064,77.62809523809524
1251,19,35,12.923492063492064,77.63333333333334
1252,19,36,12.923492063492064,77.63857142857142
1253,19,37,12.923492063492064,77.64380952380952
1254,19,38,12.923492063492064,77.64904761904762
1255,19,39,12.923492063492064,77.65428571428572
1256,19,40,12.923492063492064,77.6595238095238
1257,19,41,12.923492063492064,77.6647619047619
1258,19,42,12.923492063492064,77.67
1259,19,43,12.923492063492064,77.6752380952381
1260,19,44,12.923492063492064,77.6804761904762
1261,19,45,12.923492063492064,77.68571428571428
1262,19,46,12.923492063492064,77.69095238095238
1263,19,47,12.923492063492064,77.69619047619048
1264,19,48,12.923492063492064,77.70142857142858
1265,19,49,12.923492063492064,77.70666666666666
1266,19,50,12.923492063492064,77.71190476190476
1267,19,51,12.923492063492064,77.71714285714286
1268,19,52,12.923492063492064,77.72238095238096
1269,19,53,12.923492063492064,77.72761904761904
1270,19,54,12.923492063492064,77.73285714285714
1271,19,55,12.923492063492064,77.73809523809524
1272,19,56,12.923492063492064,77.74333333333334
1273,19,57,12.923492063492064,77.74857142857142
1274,19,58,12.923492063492064,77.75380952380952
1275,19,59,12.923492063492064,77.75904761904762
1276,19,60,12.923492063492064,77.76428571428572
1277,19,61,12.923492063492064,77.7695238095238
1278,19,62,12.923492063492064,77.7747619047619
1279,19,63,12.923492063492064,77.78
1280,20,0,12.928412698412698,77.45
1281,20,1,12.928412698412698,77.4552380952381
1282,20,2,12.928412698412698,77.4604761904762
1283,20,3,12.928412698412698,77.46571428571428
1284,20,4,12.928412698412698,77.47095238095238
1285,20,5,12.928412698412698,77.47619047619048
1286,20,6,12.928412698412698,77.48142857142858
1287,20,7,12.928412698412698,77.48666666666666
1288,20,8,12.928412698412698,77.49190476190476
1289,20,9,12.928412698412698,77.49714285714286
1290,20,10,12.928412698412698,77.50238095238096
1291,20,11,12.928412698412698,77.50761904761904
1292,20,12,12.928412698412698,77.51285714285714
1293,20,13,12.928412698412698,77.51809523809524
1294,20,14,12.928412698412698,77.52333333333334
1295,20,15,12.928412698412698,77.52857142857142
1296,20,16,12.928412698412698,77.53380952380952
1297,20,17,12.928412698412698,77.53904761904762
1298,20,18,12.928412698412698,77.54428571428572
1299,20,19,12.928412698412698,77.5495238095238
1300,20,20,12.928412698412698,77.5547619047619
1301,20,21,12.928412698412698,77.56
1302,20,22,12.928412698412698,77.5652380952381
1303,20,23,12.928412698412698,77.5704761904762
1304,20,24,12.928412698412698,77.57571428571428
1305,20,25,12.928412698412698,77.58095238095238
1306,20,26,12.928412698412698,77.58619047619048
1307,20,27,12.928412698412698,77.59142857142858
1308,20,28,12.928412698412698,77.59666666666666
1309,20,29,12.928412698412698,77.60190476190476
1310,20,30,12.928412698412698,77.60714285714286
1311,20,31,12.928412698412698,77.61238095238096
1312,20,32,12.928412698412698,77.61761904761904
1313,20,33,12.928412698412698,77.62285714285714
1314,20,34,12.928412698412698,77.62809523809524
1315,20,35,12.928412698412698,77.63333333333334
1316,20,36,12.928412698412698,77.63857142857142
1317,20,37,12.928412698412698,77.64380952380952
1318,20,38,12.928412698412698,77.64904761904762
1319,20,39,12.928412698412698,77.65428571428572
1320,20,40,12.928412698412698,77.6595238095238
1321,20,41,12.928412698412698,77.6647619047619
1322,20,42,12.928412698412698,77.67
1323,20,43,12.928412698412698,77.6752380952381
1324,20,44,12.928412698412698,77.6804761904762
1325,20,45,12.928412698412698,77.68571428571428
1326,20,46,12.928412698412698,77.69095238095238
1327,20,47,12.928412698412698,77.69619047619048
1328,20,48,12.928412698412698,77.70142857142858
1329,20,49,12.928412698412698,77.70666666666666
1330,20,50,12.928412698412698,77.71190476190476
1331,20,51,12.928412698412698,77.71714285714286
1332,20,52,12.928412698412698,77.72238095238096
1333,20,53,12.928412698412698,77.72761904761904
1334,20,54,12.928412698412698,77.73285714285714
1335,20,55,12.928412698412698,77.73809523809524
1336,20,56,12.928412698412698,77.74333333333334
1337,20,57,12.928412698412698,77.74857142857142
1338,20,58,12.928412698412698,77.75380952380952
1339,20,59,12.928412698412698,77.75904761904762
1340,20,60,12.928412698412698,77.76428571428572
1341,20,61,12.928412698412698,77.7695238095238
1342,20,62,12.928412698412698,77.7747619047619
1343,20,63,12.928412698412698,77.78
1344,21,0,12.933333333333334,77.45
1345,21,1,12.933333333333334,77.4552380952381
1346,21,2,12.933333333333334,77.4604761904762
1347,21,3,12.933333333333334,77.46571428571428
1348,21,4,12.933333333333334,77.47095238095238
1349,21,5,12.933333333333334,77.47619047619048
1350,21,6,12.933333333333334,77.48142857142858
1351,21,7,12.933333333333334,77.48666666666666
1352,21,8,12.933333333333334,77.49190476190476
1353,21,9,12.933333333333334,77.49714285714286
1354,21,10,12.933333333333334,77.50238095238096
1355,21,11,12.933333333333334,77.50761904761904
1356,21,12,12.933333333333334,77.51285714285714
1357,21,13,12.933333333333334,77.51809523809524
1358,21,14,12.933333333333334,77.52333333333334
1359,21,15,12.933333333333334,77.52857142857142
1360,21,16,12.933333333333334,77.53380952380952
1361,21,17,12.933333333333334,77.53904761904762
1362,21,18,12.933333333333334,77.54428571428572
1363,21,19,12.933333333333334,77.5495238095238
1364,21,20,12.933333333333334,77.5547619047619
1365,21,21,12.933333333333334,77.56
1366,21,22,12.933333333333334,77.5652380952381
1367,21,23,12.933333333333334,77.5704761904762
1368,21,24,12.933333333333334,77.57571428571428
1369,21,25,12.933333333333334,77.58095238095238
1370,21,26,12.933333333333334,77.58619047619048
1371,21,27,12.933333333333334,77.59142857142858
1372,21,28,12.933333333333334,77.59666666666666
1373,21,29,12.933333333333334,77.60190476190476
1374,21,30,12.933333333333334,77.60714285714286
1375,21,31,12.933333333333334,77.61238095238096
1376,21,32,12.933333333333334,77.61761904761904
1377,21,33,12.933333333333334,77.62285714285714
1378,21,34,12.933333333333334,77.62809523809524
1379,21,35,12.933333333333334,77.63333333333334
1380,21,36,12.933333333333334,77.63857142857142
1381,21,37,12.933333333333334,77.64380952380952
1382,21,38,12.933333333333334,77.64904761904762
1383,21,39,12.933333333333334,77.65428571428572
1384,21,40,12.933333333333334,77.6595238095238
1385,21,41,12.933333333333334,77.6647619047619
1386,21,42,12.933333333333334,77.67
1387,21,43,12.933333333333334,77.6752380952381
1388,21,44,12.933333333333334,77.6804761904762
1389,21,45,12.933333333333334,77.68571428571428
1390,21,46,12.933333333333334,77.69095238095238
1391,21,47,12.933333333333334,77.69619047619048
1392,21,48,12.933333333333334,77.70142857142858
1393,21,49,12.933333333333334,77.70666666666666
1394,21,50,12.933333333333334,77.71190476190476
1395,21,51,12.933333333333334,77.71714285714286
1396,21,52,12.933333333333334,77.72238095238096
1397,21,53,12.933333333333334,77.72761904761904
1398,21,54,12.933333333333334,77.73285714285714
1399,21,55,12.933333333333334,77.73809523809524
1400,21,56,12.933333333333334,77.74333333333334
1401,21,57,12.933333333333334,77.74857142857142
1402,21,58,12.933333333333334,77.75380952380952
1403,21,59,12.933333333333334,77.75904761904762
1404,21,60,12.933333333333334,77.76428571428572
1405,21,61,12.933333333333334,77.7695238095238
1406,21,62,12.933333333333334,77.7747619047619
1407,21,63,12.933333333333334,77.78
1408,22,0,12.938253968253969,77.45
1409,22,1,12.938253968253969,77.4552380952381
1410,22,2,12.938253968253969,77.4604761904762
1411,22,3,12.938253968253969,77.46571428571428
1412,22,4,12.938253968253969,77.47095238095238
1413,22,5,12.938253968253969,77.47619047619048
1414,22,6,12.938253968253969,77.48142857142858
1415,22,7,12.938253968253969,77.48666666666666
1416,22,8,12.938253968253969,77.49190476190476
1417,22,9,12.938253968253969,77.49714285714286
1418,22,10,12.938253968253969,77.50238095238096
1419,22,11,12.938253968253969,77.50761904761904
1420,22,12,12.938253968253969,77.51285714285714
1421,22,13,12.938253968253969,77.51809523809524
1422,22,14,12.938253968253969,77.52333333333334
1423,22,15,12.938253968253969,77.52857142857142
1424,22,16,12.938253968253969,77.53380952380952
1425,22,17,12.938253968253969,77.53904761904762
1426,22,18,12.938253968253969,77.54428571428572
1427,22,19,12.938253968253969,77.5495238095238
1428,22,20,12.938253968253969,77.5547619047619
1429,22,21,12.938253968253969,77.56
1430,22,22,12.938253968253969,77.5652380952381
1431,22,23,12.938253968253969,77.5704761904762
1432,22,24,12.938253968253969,77.57571428571428
1433,22,25,12.938253968253969,77.58095238095238
1434,22,26,12.938253968253969,77.58619047619048
1435,22,27,12.938253968253969,77.59142857142858
1436,22,28,12.938253968253969,77.59666666666666
1437,22,29,12.938253968253969,77.60190476190476
1438,22,30,12.938253968253969,77.60714285714286
1439,22,31,12.938253968253969,77.61238095238096
1440,22,32,12.938253968253969,77.61761904761904
1441,22,33,12.938253968253969,77.62285714285714
1442,22,34,12.938253968253969,77.62809523809524
1443,22,35,12.938253968253969,77.63333333333334
1444,22,36,12.938253968253969,77.63857142857142
1445,22,37,12.938253968253969,77.64380952380952
1446,22,38,12.938253968253969,77.64904761904762
1447,22,39,12.938253968253969,77.65428571428572
1448,22,40,12.938253968253969,77.6595238095238
1449,22,41,12.938253968253969,77.6647619047619
1450,22,42,12.938253968253969,77.67
1451,22,43,12.938253968253969,77.6752380952381
1452,22,44,12.938253968253969,77.6804761904762
1453,22,45,12.938253968253969,77.68571428571428
1454,22,46,12.938253968253969,77.69095238095238
1455,22,47,12.938253968253969,77.69619047619048
1456,22,48,12.938253968253969,77.70142857142858
1457,22,49,12.938253968253969,77.70666666666666
1458,22,50,12.938253968253969,77.71190476190476
1459,22,51,12.938253968253969,77.71714285714286
1460,22,52,12.938253968253969,77.72238095238096
1461,22,53,12.938253968253969,77.72761904761904
1462,22,54,12.938253968253969,77.73285714285714
1463,22,55,12.938253968253969,77.73809523809524
1464,22,56,12.938253968253969,77.74333333333334
1465,22,57,12.938253968253969,77.74857142857142
1466,22,58,12.938253968253969,77.75380952380952
1467,22,59,12.938253968253969,77.75904761904762
1468,22,60,12.938253968253969,77.76428571428572
1469,22,61,12.938253968253969,77.7695238095238
1470,22,62,12.938253968253969,77.7747619047619
1471,22,63,12.938253968253969,77.78
1472,23,0,12.943174603174603,77.45
1473,23,1,12.943174603174603,77.4552380952381
1474,23,2,12.943174603174603,77.4604761904762
1475,23,3,12.943174603174603,77.46571428571428
1476,23,4,12.943174603174603,77.47095238095238
1477,23,5,12.943174603174603,77.47619047619048
1478,23,6,12.943174603174603,77.48142857142858
1479,23,7,12.943174603174603,77.48666666666666
1480,23,8,12.943174603174603,77.49190476190476
1481,23,9,12.943174603174603,77.49714285714286
1482,23,10,12.943174603174603,77.50238095238096
1483,23,11,12.943174603174603,77.50761904761904
1484,23,12,12.943174603174603,77.51285714285714
1485,23,13,12.943174603174603,77.51809523809524
1486,23,14,12.943174603174603,77.52333333333334
1487,23,15,12.943174603174603,77.52857142857142
1488,23,16,12.943174603174603,77.53380952380952
1489,23,17,12.943174603174603,77.53904761904762
1490,23,18,12.943174603174603,77.54428571428572
1491,23,19,12.943174603174603,77.5495238095238
1492,23,20,12.943174603174603,77.5547619047619
1493,23,21,12.943174603174603,77.56
1494,23,22,12.943174603174603,77.5652380952381
1495,23,23,12.943174603174603,77.5704761904762
1496,23,24,12.943174603174603,77.57571428571428
1497,23,25,12.943174603174603,77.58095238095238
1498,23,26,12.943174603174603,77.58619047619048
1499,23,27,12.943174603174603,77.59142857142858
1500,23,28,12.943174603174603,77.59666666666666
1501,23,29,12.943174603174603,77.60190476190476
1502,23,30,12.943174603174603,77.60714285714286
1503,23,31,12.943174603174603,77.61238095238096
1504,23,32,12.943174603174603,77.61761904761904
1505,23,33,12.943174603174603,77.62285714285714
1506,23,34,12.943174603174603,77.62809523809524
1507,23,35,12.943174603174603,77.63333333333334
1508,23,36,12.943174603174603,77.63857142857142
1509,23,37,12.943174603174603,77.64380952380952
1510,23,38,12.943174603174603,77.64904761904762
1511,23,39,12.943174603174603,77.65428571428572
1512,23,40,12.943174603174603,77.6595238095238
1513,23,41,12.943174603174603,77.6647619047619
1514,23,42,12.943174603174603,77.67
1515,23,43,12.943174603174603,77.6752380952381
1516,23,44,12.943174603174603,77.6804761904762
1517,23,45,12.943174603174603,77.68571428571428
1518,23,46,12.943174603174603,77.69095238095238
1519,23,47,12.943174603174603,77.69619047619048
1520,23,48,12.943174603174603,77.70142857142858
1521,23,49,12.943174603174603,77.70666666666666
1522,23,50,12.943174603174603,77.71190476190476
1523,23,51,12.943174603174603,77.71714285714286
1524,23,52,12.943174603174603,77.72238095238096
1525,23,53,12.943174603174603,77.72761904761904
1526,23,54,12.943174603174603,77.73285714285714
1527,23,55,12.943174603174603,77.73809523809524
1528,23,56,12.943174603174603,77.74333333333334
1529,23,57,12.943174603174603,77.74857142857142
1530,23,58,12.943174603174603,77.75380952380952
1531,23,59,12.943174603174603,77.75904761904762
1532,23,60,12.943174603174603,77.76428571428572
1533,23,61,12.943174603174603,77.7695238095238
1534,23,62,12.943174603174603,77.7747619047619
1535,23,63,12.943174603174603,77.78
1536,24,0,12.948095238095238,77.45
1537,24,1,12.948095238095238,77.4552380952381
1538,24,2,12.948095238095238,77.4604761904762
1539,24,3,12.948095238095238,77.46571428571428
1540,24,4,12.948095238095238,77.47095238095238
1541,24,5,12.948095238095238,77.47619047619048
1542,24,6,12.948095238095238,77.48142857142858
1543,24,7,12.948095238095238,77.48666666666666
1544,24,8,12.948095238095238,77.49190476190476
1545,24,9,12.948095238095238,77.49714285714286
1546,24,10,12.948095238095238,77.50238095238096
1547,24,11,12.948095238095238,77.50761904761904
1548,24,12,12.948095238095238,77.51285714285714
1549,24,13,12.948095238095238,77.51809523809524
1550,24,14,12.948095238095238,77.52333333333334
1551,24,15,12.948095238095238,77.52857142857142
1552,24,16,12.948095238095238,77.53380952380952
1553,24,17,12.948095238095238,77.53904761904762
1554,24,18,12.948095238095238,77.54428571428572
1555,24,19,12.948095238095238,77.5495238095238
1556,24,20,12.948095238095238,77.5547619047619
1557,24,21,12.948095238095238,77.56
1558,24,22,12.948095238095238,77.5652380952381
1559,24,23,12.948095238095238,77.5704761904762
1560,24,24,12.948095238095238,77.57571428571428
1561,24,25,12.948095238095238,77.58095238095238
1562,24,26,12.948095238095238,77.58619047619048
1563,24,27,12.948095238095238,77.59142857142858
1564,24,28,12.948095238095238,77.59666666666666
1565,24,29,12.948095238095238,77.60190476190476
1566,24,30,12.948095238095238,77.60714285714286
1567,24,31,12.948095238095238,77.61238095238096
1568,24,32,12.948095238095238,77.61761904761904
1569,24,33,12.948095238095238,77.62285714285714
1570,24,34,12.948095238095238,77.62809523809524
1571,24,35,12.948095238095238,77.63333333333334
1572,24,36,12.948095238095238,77.63857142857142
1573,24,37,12.948095238095238,77.64380952380952
1574,24,38,12.948095238095238,77.64904761904762
1575,24,39,12.948095238095238,77.65428571428572
1576,24,40,12.948095238095238,77.6595238095238
1577,24,41,12.948095238095238,77.6647619047619
1578,24,42,12.948095238095238,77.67
1579,24,43,12.948095238095238,77.6752380952381
1580,24,44,12.948095238095238,77.6804761904762
1581,24,45,12.948095238095238,77.68571428571428
1582,24,46,12.948095238095238,77.69095238095238
1583,24,47,12.948095238095238,77.69619047619048
1584,24,48,12.948095238095238,77.70142857142858
1585,24,49,12.948095238095238,77.70666666666666
1586,24,50,12.948095238095238,77.71190476190476
1587,24,51,12.948095238095238,77.71714285714286
1588,24,52,12.948095238095238,77.72238095238096
1589,24,53,12.948095238095238,77.72761904761904
1590,24,54,12.948095238095238,77.73285714285714
1591,24,55,12.948095238095238,77.73809523809524
1592,24,56,12.948095238095238,77.74333333333334
1593,24,57,12.948095238095238,77.74857142857142
1594,24,58,12.948095238095238,77.75380952380952
1595,24,59,12.948095238095238,77.75904761904762
1596,24,60,12.948095238095238,77.76428571428572
1597,24,61,12.948095238095238,77.7695238095238
1598,24,62,12.948095238095238,77.7747619047619
1599,24,63,12.948095238095238,77.78
1600,25,0,12.953015873015874,77.45
1601,25,1,12.953015873015874,77.4552380952381
1602,25,2,12.953015873015874,77.4604761904762
1603,25,3,12.953015873015874,77.46571428571428
1604,25,4,12.953015873015874,77.47095238095238
1605,25,5,12.953015873015874,77.47619047619048
1606,25,6,12.953015873015874,77.48142857142858
1607,25,7,12.953015873015874,77.48666666666666
1608,25,8,12.953015873015874,77.49190476190476
1609,25,9,12.953015873015874,77.49714285714286
1610,25,10,12.953015873015874,77.50238095238096
1611,25,11,12.953015873015874,77.50761904761904
1612,25,12,12.953015873015874,77.51285714285714
1613,25,13,12.953015873015874,77.51809523809524
1614,25,14,12.953015873015874,77.52333333333334
1615,25,15,12.953015873015874,77.52857142857142
1616,25,16,12.953015873015874,77.53380952380952
1617,25,17,12.953015873015874,77.53904761904762
1618,25,18,12.953015873015874,77.54428571428572
1619,25,19,12.953015873015874,77.5495238095238
1620,25,20,12.953015873015874,77.5547619047619
1621,25,21,12.953015873015874,77.56
1622,25,22,12.953015873015874,77.5652380952381
1623,25,23,12.953015873015874,77.5704761904762
1624,25,24,12.953015873015874,77.57571428571428
1625,25,25,12.953015873015874,77.58095238095238
1626,25,26,12.953015873015874,77.58619047619048
1627,25,27,12.953015873015874,77.59142857142858
1628,25,28,12.953015873015874,77.59666666666666
1629,25,29,12.953015873015874,77.60190476190476
1630,25,30,12.953015873015874,77.60714285714286
1631,25,31,12.953015873015874,77.61238095238096
1632,25,32,12.953015873015874,77.61761904761904
1633,25,33,12.953015873015874,77.62285714285714
1634,25,34,12.953015873015874,77.62809523809524
1635,25,35,12.953015873015874,77.63333333333334
1636,25,36,12.953015873015874,77.63857142857142
1637,25,37,12.953015873015874,77.64380952380952
1638,25,38,12.953015873015874,77.64904761904762
1639,25,39,12.953015873015874,77.65428571428572
1640,25,40,12.953015873015874,77.6595238095238
1641,25,41,12.953015873015874,77.6647619047619
1642,25,42,12.953015873015874,77.67
1643,25,43,12.953015873015874,77.6752380952381
1644,25,44,12.953015873015874,77.6804761904762
1645,25,45,12.953015873015874,77.68571428571428
1646,25,46,12.953015873015874,77.69095238095238
1647,25,47,12.953015873015874,77.69619047619048
1648,25,48,12.953015873015874,77.70142857142858
1649,25,49,12.953015873015874,77.70666666666666
1650,25,50,12.953015873015874,77.71190476190476
1651,25,51,12.953015873015874,77.71714285714286
1652,25,52,12.953015873015874,77.72238095238096
1653,25,53,12.953015873015874,77.72761904761904
1654,25,54,12.953015873015874,77.73285714285714
1655,25,55,12.953015873015874,77.73809523809524
1656,25,56,12.953015873015874,77.74333333333334
1657,25,57,12.953015873015874,77.74857142857142
1658,25,58,12.953015873015874,77.75380952380952
1659,25,59,12.953015873015874,77.75904761904762
1660,25,60,12.953015873015874,77.76428571428572
1661,25,61,12.953015873015874,77.7695238095238
1662,25,62,12.953015873015874,77.7747619047619
1663,25,63,12.953015873015874,77.78
1664,26,0,12.957936507936509,77.45
1665,26,1,12.957936507936509,77.4552380952381
1666,26,2,12.957936507936509,77.4604761904762
1667,26,3,12.957936507936509,77.46571428571428
1668,26,4,12.957936507936509,77.47095238095238
1669,26,5,12.957936507936509,77.47619047619048
1670,26,6,12.957936507936509,77.48142857142858
1671,26,7,12.957936507936509,77.48666666666666
1672,26,8,12.957936507936509,77.49190476190476
1673,26,9,12.957936507936509,77.49714285714286
1674,26,10,12.957936507936509,77.50238095238096
1675,26,11,12.957936507936509,77.50761904761904
1676,26,12,12.957936507936509,77.51285714285714
1677,26,13,12.957936507936509,77.51809523809524
1678,26,14,12.957936507936509,77.52333333333334
1679,26,15,12.957936507936509,77.52857142857142
1680,26,16,12.957936507936509,77.53380952380952
1681,26,17,12.957936507936509,77.53904761904762
1682,26,18,12.957936507936509,77.54428571428572
1683,26,19,12.957936507936509,77.5495238095238
1684,26,20,12.957936507936509,77.5547619047619
1685,26,21,12.957936507936509,77.56
1686,26,22,12.957936507936509,77.5652380952381
1687,26,23,12.957936507936509,77.5704761904762
1688,26,24,12.957936507936509,77.57571428571428
1689,26,25,12.957936507936509,77.58095238095238
1690,26,26,12.957936507936509,77.58619047619048
1691,26,27,12.957936507936509,77.59142857142858
1692,26,28,12.957936507936509,77.59666666666666
1693,26,29,12.957936507936509,77.60190476190476
1694,26,30,12.957936507936509,77.60714285714286
1695,26,31,12.957936507936509,77.61238095238096
1696,26,32,12.957936507936509,77.61761904761904
1697,26,33,12.957936507936509,77.62285714285714
1698,26,34,12.957936507936509,77.62809523809524
1699,26,35,12.957936507936509,77.63333333333334
1700,26,36,12.957936507936509,77.63857142857142
1701,26,37,12.957936507936509,77.64380952380952
1702,26,38,12.957936507936509,77.64904761904762
1703,26,39,12.957936507936509,77.65428571428572
1704,26,40,12.957936507936509,77.6595238095238
1705,26,41,12.957936507936509,77.6647619047619
1706,26,42,12.957936507936509,77.67
1707,26,43,12.957936507936509,77.6752380952381
1708,26,44,12.957936507936509,77.6804761904762
1709,26,45,12.957936507936509,77.68571428571428
1710,26,46,12.957936507936509,77.69095238095238
1711,26,47,12.957936507936509,77.69619047619048
1712,26,48,12.957936507936509,77.70142857142858
1713,26,49,12.957936507936509,77.70666666666666
1714,26,50,12.957936507936509,77.71190476190476
1715,26,51,12.957936507936509,77.71714285714286
1716,26,52,12.957936507936509,77.72238095238096
1717,26,53,12.957936507936509,77.72761904761904
1718,26,54,12.957936507936509,77.73285714285714
1719,26,55,12.957936507936509,77.73809523809524
1720,26,56,12.957936507936509,77.74333333333334
1721,26,57,12.957936507936509,77.74857142857142
1722,26,58,12.957936507936509,77.75380952380952
1723,26,59,12.957936507936509,77.75904761904762
1724,26,60,12.957936507936509,77.76428571428572
1725,26,61,12.957936507936509,77.7695238095238
1726,26,62,12.957936507936509,77.7747619047619
1727,26,63,12.957936507936509,77.78
1728,27,0,12.962857142857143,77.45
1729,27,1,12.962857142857143,77.4552380952381
1730,27,2,12.962857142857143,77.4604761904762
1731,27,3,12.962857142857143,77.46571428571428
1732,27,4,12.962857142857143,77.47095238095238
1733,27,5,12.962857142857143,77.47619047619048
1734,27,6,12.962857142857143,77.48142857142858
1735,27,7,12.962857142857143,77.48666666666666
1736,27,8,12.962857142857143,77.49190476190476
1737,27,9,12.962857142857143,77.49714285714286
1738,27,10,12.962857142857143,77.50238095238096
1739,27,11,12.962857142857143,77.50761904761904
1740,27,12,12.962857142857143,77.51285714285714
1741,27,13,12.962857142857143,77.51809523809524
1742,27,14,12.962857142857143,77.52333333333334
1743,27,15,12.962857142857143,77.52857142857142
1744,27,16,12.962857142857143,77.53380952380952
1745,27,17,12.962857142857143,77.53904761904762
1746,27,18,12.962857142857143,77.54428571428572
1747,27,19,12.962857142857143,77.5495238095238
1748,27,20,12.962857142857143,77.5547619047619
1749,27,21,12.962857142857143,77.56
1750,27,22,12.962857142857143,77.5652380952381
1751,27,23,12.962857142857143,77.5704761904762
1752,27,24,12.962857142857143,77.57571428571428
1753,27,25,12.962857142857143,77.58095238095238
1754,27,26,12.962857142857143,77.58619047619048
1755,27,27,12.962857142857143,77.59142857142858
1756,27,28,12.962857142857143,77.59666666666666
1757,27,29,12.962857142857143,77.60190476190476
1758,27,30,12.962857142857143,77.60714285714286
1759,27,31,12.962857142857143,77.61238095238096
1760,27,32,12.962857142857143,77.61761904761904
1761,27,33,12.962857142857143,77.62285714285714
1762,27,34,12.962857142857143,77.62809523809524
1763,27,35,12.962857142857143,77.63333333333334
1764,27,36,12.962857142857143,77.63857142857142
1765,27,37,12.962857142857143,77.64380952380952
1766,27,38,12.962857142857143,77.64904761904762
1767,27,39,12.962857142857143,77.65428571428572
1768,27,40,12.962857142857143,77.6595238095238
1769,27,41,12.962857142857143,77.6647619047619
1770,27,42,12.962857142857143,77.67
1771,27,43,12.962857142857143,77.6752380952381
1772,27,44,12.962857142857143,77.6804761904762
1773,27,45,12.962857142857143,77.68571428571428
1774,27,46,12.962857142857143,77.69095238095238
1775,27,47,12.962857142857143,77.69619047619048
1776,27,48,12.962857142857143,77.70142857142858
1777,27,49,12.962857142857143,77.70666666666666
1778,27,50,12.962857142857143,77.71190476190476
1779,27,51,12.962857142857143,77.71714285714286
1780,27,52,12.962857142857143,77.72238095238096
1781,27,53,12.962857142857143,77.72761904761904
1782,27,54,12.962857142857143,77.73285714285714
1783,27,55,12.962857142857143,77.73809523809524
1784,27,56,12.962857142857143,77.74333333333334
1785,27,57,12.962857142857143,77.74857142857142
1786,27,58,12.962857142857143,77.75380952380952
1787,27,59,12.962857142857143,77.75904761904762
1788,27,60,12.962857142857143,77.76428571428572
1789,27,61,12.962857142857143,77.7695238095238
1790,27,62,12.962857142857143,77.7747619047619
1791,27,63,12.962857142857143,77.78
1792,28,0,12.967777777777778,77.45
1793,28,1,12.967777777777778,77.4552380952381
1794,28,2,12.967777777777778,77.4604761904762
1795,28,3,12.967777777777778,77.46571428571428
1796,28,4,12.967777777777778,77.47095238095238
1797,28,5,12.967777777777778,77.47619047619048
1798,28,6,12.967777777777778,77.48142857142858
1799,28,7,12.967777777777778,77.48666666666666
1800,28,8,12.967777777777778,77.49190476190476
1801,28,9,12.967777777777778,77.49714285714286
1802,28,10,12.967777777777778,77.50238095238096
1803,28,11,12.967777777777778,77.50761904761904
1804,28,12,12.967777777777778,77.51285714285714
1805,28,13,12.967777777777778,77.51809523809524
1806,28,14,12.967777777777778,77.52333333333334
1807,28,15,12.967777777777778,77.52857142857142
1808,28,16,12.967777777777778,77.53380952380952
1809,28,17,12.967777777777778,77.53904761904762
1810,28,18,12.967777777777778,77.54428571428572
1811,28,19,12.967777777777778,77.5495238095238
1812,28,20,12.967777777777778,77.5547619047619
1813,28,21,12.967777777777778,77.56
1814,28,22,12.967777777777778,77.5652380952381
1815,28,23,12.967777777777778,77.5704761904762
1816,28,24,12.967777777777778,77.57571428571428
1817,28,25,12.967777777777778,77.58095238095238
1818,28,26,12.967777777777778,77.58619047619048
1819,28,27,12.967777777777778,77.59142857142858
1820,28,28,12.967777777777778,77.59666666666666
1821,28,29,12.967777777777778,77.60190476190476
1822,28,30,12.967777777777778,77.60714285714286
1823,28,31,12.967777777777778,77.61238095238096
1824,28,32,12.967777777777778,77.61761904761904
1825,28,33,12.967777777777778,77.62285714285714
1826,28,34,12.967777777777778,77.62809523809524
1827,28,35,12.967777777777778,77.63333333333334
1828,28,36,12.967777777777778,77.63857142857142
1829,28,37,12.967777777777778,77.64380952380952
1830,28,38,12.967777777777778,77.64904761904762
1831,28,39,12.967777777777778,77.65428571428572
1832,28,40,12.967777777777778,77.6595238095238
1833,28,41,12.967777777777778,77.6647619047619
1834,28,42,12.967777777777778,77.67
1835,28,43,12.967777777777778,77.6752380952381
1836,28,44,12.967777777777778,77.6804761904762
1837,28,45,12.967777777777778,77.68571428571428
1838,28,46,12.967777777777778,77.69095238095238
1839,28,47,12.967777777777778,77.69619047619048
1840,28,48,12.967777777777778,77.70142857142858
1841,28,49,12.967777777777778,77.70666666666666
1842,28,50,12.967777777777778,77.71190476190476
1843,28,51,12.967777777777778,77.71714285714286
1844,28,52,12.967777777777778,77.72238095238096
1845,28,53,12.967777777777778,77.72761904761904
1846,28,54,12.967777777777778,77.73285714285714
1847,28,55,12.967777777777778,77.73809523809524
1848,28,56,12.967777777777778,77.74333333333334
1849,28,57,12.967777777777778,77.74857142857142
1850,28,58,12.967777777777778,77.75380952380952
1851,28,59,12.967777777777778,77.75904761904762
1852,28,60,12.967777777777778,77.76428571428572
1853,28,61,12.967777777777778,77.7695238095238
1854,28,62,12.967777777777778,77.7747619047619
1855,28,63,12.967777777777778,77.78
1856,29,0,12.972698412698414,77.45
1857,29,1,12.972698412698414,77.4552380952381
1858,29,2,12.972698412698414,77.4604761904762
1859,29,3,12.972698412698414,77.46571428571428
1860,29,4,12.972698412698414,77.47095238095238
1861,29,5,12.972698412698414,77.47619047619048
1862,29,6,12.972698412698414,77.48142857142858
1863,29,7,12.972698412698414,77.48666666666666
1864,29,8,12.972698412698414,77.49190476190476
1865,29,9,12.972698412698414,77.49714285714286
1866,29,10,12.972698412698414,77.50238095238096
1867,29,11,12.972698412698414,77.50761904761904
1868,29,12,12.972698412698414,77.51285714285714
1869,29,13,12.972698412698414,77.51809523809524
1870,29,14,12.972698412698414,77.52333333333334
1871,29,15,12.972698412698414,77.52857142857142
1872,29,16,12.972698412698414,77.53380952380952
1873,29,17,12.972698412698414,77.53904761904762
1874,29,18,12.972698412698414,77.54428571428572
1875,29,19,12.972698412698414,77.5495238095238
1876,29,20,12.972698412698414,77.5547619047619
1877,29,21,12.972698412698414,77.56
1878,29,22,12.972698412698414,77.5652380952381
1879,29,23,12.972698412698414,77.5704761904762
1880,29,24,12.972698412698414,77.57571428571428
1881,29,25,12.972698412698414,77.58095238095238
1882,29,26,12.972698412698414,77.58619047619048
1883,29,27,12.972698412698414,77.59142857142858
1884,29,28,12.972698412698414,77.59666666666666
1885,29,29,12.972698412698414,77.60190476190476
1886,29,30,12.972698412698414,77.60714285714286
1887,29,31,12.972698412698414,77.61238095238096
1888,29,32,12.972698412698414,77.61761904761904
1889,29,33,12.972698412698414,77.62285714285714
1890,29,34,12.972698412698414,77.62809523809524
1891,29,35,12.972698412698414,77.63333333333334
1892,29,36,12.972698412698414,77.63857142857142
1893,29,37,12.972698412698414,77.64380952380952
1894,29,38,12.972698412698414,77.64904761904762
1895,29,39,12.972698412698414,77.65428571428572
1896,29,40,12.972698412698414,77.6595238095238
1897,29,41,12.972698412698414,77.6647619047619
1898,29,42,12.972698412698414,77.67
1899,29,43,12.972698412698414,77.6752380952381
1900,29,44,12.972698412698414,77.6804761904762
1901,29,45,12.972698412698414,77.68571428571428
1902,29,46,12.972698412698414,77.69095238095238
1903,29,47,12.972698412698414,77.69619047619048
1904,29,48,12.972698412698414,77.70142857142858
1905,29,49,12.972698412698414,77.70666666666666
1906,29,50,12.972698412698414,77.71190476190476
1907,29,51,12.972698412698414,77.71714285714286
1908,29,52,12.972698412698414,77.72238095238096
1909,29,53,12.972698412698414,77.72761904761904
1910,29,54,12.972698412698414,77.73285714285714
1911,29,55,12.972698412698414,77.73809523809524
1912,29,56,12.972698412698414,77.74333333333334
1913,29,57,12.972698412698414,77.74857142857142
1914,29,58,12.972698412698414,77.75380952380952
1915,29,59,12.972698412698414,77.75904761904762
1916,29,60,12.972698412698414,77.76428571428572
1917,29,61,12.972698412698414,77.7695238095238
1918,29,62,12.972698412698414,77.7747619047619
1919,29,63,12.972698412698414,77.78
1920,30,0,12.977619047619047,77.45
1921,30,1,12.977619047619047,77.4552380952381
1922,30,2,12.977619047619047,77.4604761904762
1923,30,3,12.977619047619047,77.46571428571428
1924,30,4,12.977619047619047,77.47095238095238
1925,30,5,12.977619047619047,77.47619047619048
1926,30,6,12.977619047619047,77.48142857142858
1927,30,7,12.977619047619047,77.48666666666666
1928,30,8,12.977619047619047,77.49190476190476
1929,30,9,12.977619047619047,77.49714285714286
1930,30,10,12.977619047619047,77.50238095238096
1931,30,11,12.977619047619047,77.50761904761904
1932,30,12,12.977619047619047,77.51285714285714
1933,30,13,12.977619047619047,77.51809523809524
1934,30,14,12.977619047619047,77.52333333333334
1935,30,15,12.977619047619047,77.52857142857142
1936,30,16,12.977619047619047,77.53380952380952
1937,30,17,12.977619047619047,77.53904761904762
1938,30,18,12.977619047619047,77.54428571428572
1939,30,19,12.977619047619047,77.5495238095238
1940,30,20,12.977619047619047,77.5547619047619
1941,30,21,12.977619047619047,77.56
1942,30,22,12.977619047619047,77.5652380952381
1943,30,23,12.977619047619047,77.5704761904762
1944,30,24,12.977619047619047,77.57571428571428
1945,30,25,12.977619047619047,77.58095238095238
1946,30,26,12.977619047619047,77.58619047619048
1947,30,27,12.977619047619047,77.59142857142858
1948,30,28,12.977619047619047,77.59666666666666
1949,30,29,12.977619047619047,77.60190476190476
1950,30,30,12.977619047619047,77.60714285714286
1951,30,31,12.977619047619047,77.61238095238096
1952,30,32,12.977619047619047,77.61761904761904
1953,30,33,12.977619047619047,77.62285714285714
1954,30,34,12.977619047619047,77.62809523809524
1955,30,35,12.977619047619047,77.63333333333334
1956,30,36,12.977619047619047,77.63857142857142
1957,30,37,12.977619047619047,77.64380952380952
1958,30,38,12.977619047619047,77.64904761904762
1959,30,39,12.977619047619047,77.65428571428572
1960,30,40,12.977619047619047,77.6595238095238
1961,30,41,12.977619047619047,77.6647619047619
1962,30,42,12.977619047619047,77.67
1963,30,43,12.977619047619047,77.6752380952381
1964,30,44,12.977619047619047,77.6804761904762
1965,30,45,12.977619047619047,77.68571428571428
1966,30,46,12.977619047619047,77.69095238095238
1967,30,47,12.977619047619047,77.69619047619048
1968,30,48,12.977619047619047,77.70142857142858
1969,30,49,12.977619047619047,77.70666666666666
1970,30,50,12.977619047619047,77.71190476190476
1971,30,51,12.977619047619047,77.71714285714286
1972,30,52,12.977619047619047,77.72238095238096
1973,30,53,12.977619047619047,77.72761904761904
1974,30,54,12.977619047619047,77.73285714285714
1975,30,55,12.977619047619047,77.73809523809524
1976,30,56,12.977619047619047,77.74333333333334
1977,30,57,12.977619047619047,77.74857142857142
1978,30,58,12.977619047619047,77.75380952380952
1979,30,59,12.977619047619047,77.75904761904762
1980,30,60,12.977619047619047,77.76428571428572
1981,30,61,12.977619047619047,77.7695238095238
1982,30,62,12.977619047619047,77.7747619047619
1983,30,63,12.977619047619047,77.78
1984,31,0,12.982539682539683,77.45
1985,31,1,12.982539682539683,77.4552380952381
1986,31,2,12.982539682539683,77.4604761904762
1987,31,3,12.982539682539683,77.46571428571428
1988,31,4,12.982539682539683,77.47095238095238
1989,31,5,12.982539682539683,77.47619047619048
1990,31,6,12.982539682539683,77.48142857142858
1991,31,7,12.982539682539683,77.48666666666666
1992,31,8,12.982539682539683,77.49190476190476
1993,31,9,12.982539682539683,77.49714285714286
1994,31,10,12.982539682539683,77.50238095238096
1995,31,11,12.982539682539683,77.50761904761904
1996,31,12,12.982539682539683,77.51285714285714
1997,31,13,12.982539682539683,77.51809523809524
1998,31,14,12.982539682539683,77.52333333333334
1999,31,15,12.982539682539683,77.52857142857142
2000,31,16,12.982539682539683,77.53380952380952
2001,31,17,12.982539682539683,77.53904761904762
2002,31,18,12.982539682539683,77.54428571428572
2003,31,19,12.982539682539683,77.5495238095238
2004,31,20,12.982539682539683,77.5547619047619
2005,31,21,12.982539682539683,77.56
2006,31,22,12.982539682539683,77.5652380952381
2007,31,23,12.982539682539683,77.5704761904762
2008,31,24,12.982539682539683,77.57571428571428
2009,31,25,12.982539682539683,77.58095238095238
2010,31,26,12.982539682539683,77.58619047619048
2011,31,27,12.982539682539683,77.59142857142858
2012,31,28,12.982539682539683,77.59666666666666
2013,31,29,12.982539682539683,77.60190476190476
2014,31,30,12.982539682539683,77.60714285714286
2015,31,31,12.982539682539683,77.61238095238096
2016,31,32,12.982539682539683,77.61761904761904
2017,31,33,12.982539682539683,77.62285714285714
2018,31,34,12.982539682539683,77.62809523809524
2019,31,35,12.982539682539683,77.63333333333334
2020,31,36,12.982539682539683,77.63857142857142
2021,31,37,12.982539682539683,77.64380952380952
2022,31,38,12.982539682539683,77.64904761904762
2023,31,39,12.982539682539683,77.65428571428572
2024,31,40,12.982539682539683,77.6595238095238
2025,31,41,12.982539682539683,77.6647619047619
2026,31,42,12.982539682539683,77.67
2027,31,43,12.982539682539683,77.6752380952381
2028,31,44,12.982539682539683,77.6804761904762
2029,31,45,12.982539682539683,77.68571428571428
2030,31,46,12.982539682539683,77.69095238095238
2031,31,47,12.982539682539683,77.69619047619048
2032,31,48,12.982539682539683,77.70142857142858
2033,31,49,12.982539682539683,77.70666666666666
2034,31,50,12.982539682539683,77.71190476190476
2035,31,51,12.982539682539683,77.71714285714286
2036,31,52,12.982539682539683,77.72238095238096
2037,31,53,12.982539682539683,77.72761904761904
2038,31,54,12.982539682539683,77.73285714285714
2039,31,55,12.982539682539683,77.73809523809524
2040,31,56,12.982539682539683,77.74333333333334
2041,31,57,12.982539682539683,77.74857142857142
2042,31,58,12.982539682539683,77.75380952380952
2043,31,59,12.982539682539683,77.75904761904762
2044,31,60,12.982539682539683,77.76428571428572
2045,31,61,12.982539682539683,77.7695238095238
2046,31,62,12.982539682539683,77.7747619047619
2047,31,63,12.982539682539683,77.78
2048,32,0,12.987460317460318,77.45
2049,32,1,12.987460317460318,77.4552380952381
2050,32,2,12.987460317460318,77.4604761904762
2051,32,3,12.987460317460318,77.46571428571428
2052,32,4,12.987460317460318,77.47095238095238
2053,32,5,12.987460317460318,77.47619047619048
2054,32,6,12.987460317460318,77.48142857142858
2055,32,7,12.987460317460318,77.48666666666666
2056,32,8,12.987460317460318,77.49190476190476
2057,32,9,12.987460317460318,77.49714285714286
2058,32,10,12.987460317460318,77.50238095238096
2059,32,11,12.987460317460318,77.50761904761904
2060,32,12,12.987460317460318,77.51285714285714
2061,32,13,12.987460317460318,77.51809523809524
2062,32,14,12.987460317460318,77.52333333333334
2063,32,15,12.987460317460318,77.52857142857142
2064,32,16,12.987460317460318,77.53380952380952
2065,32,17,12.987460317460318,77.53904761904762
2066,32,18,12.987460317460318,77.54428571428572
2067,32,19,12.987460317460318,77.5495238095238
2068,32,20,12.987460317460318,77.5547619047619
2069,32,21,12.987460317460318,77.56
2070,32,22,12.987460317460318,77.5652380952381
2071,32,23,12.987460317460318,77.5704761904762
2072,32,24,12.987460317460318,77.57571428571428
2073,32,25,12.987460317460318,77.58095238095238
2074,32,26,12.987460317460318,77.58619047619048
2075,32,27,12.987460317460318,77.59142857142858
2076,32,28,12.987460317460318,77.59666666666666
2077,32,29,12.987460317460318,77.60190476190476
2078,32,30,12.987460317460318,77.60714285714286
2079,32,31,12.987460317460318,77.61238095238096
2080,32,32,12.987460317460318,77.61761904761904
2081,32,33,12.987460317460318,77.62285714285714
2082,32,34,12.987460317460318,77.62809523809524
2083,32,35,12.987460317460318,77.63333333333334
2084,32,36,12.987460317460318,77.63857142857142
2085,32,37,12.987460317460318,77.64380952380952
2086,32,38,12.987460317460318,77.64904761904762
2087,32,39,12.987460317460318,77.65428571428572
2088,32,40,12.987460317460318,77.6595238095238
2089,32,41,12.987460317460318,77.6647619047619
2090,32,42,12.987460317460318,77.67
2091,32,43,12.987460317460318,77.6752380952381
2092,32,44,12.987460317460318,77.6804761904762
2093,32,45,12.987460317460318,77.68571428571428
2094,32,46,12.987460317460318,77.69095238095238
2095,32,47,12.987460317460318,77.69619047619048
2096,32,48,12.987460317460318,77.70142857142858
2097,32,49,12.987460317460318,77.70666666666666
2098,32,50,12.987460317460318,77.71190476190476
2099,32,51,12.987460317460318,77.71714285714286
2100,32,52,12.987460317460318,77.72238095238096
2101,32,53,12.987460317460318,77.72761904761904
2102,32,54,12.987460317460318,77.73285714285714
2103,32,55,12.987460317460318,77.73809523809524
2104,32,56,12.987460317460318,77.74333333333334
2105,32,57,12.987460317460318,77.74857142857142
2106,32,58,12.987460317460318,77.75380952380952
2107,32,59,12.987460317460318,77.75904761904762
2108,32,60,12.987460317460318,77.76428571428572
2109,32,61,12.987460317460318,77.7695238095238
2110,32,62,12.987460317460318,77.7747619047619
2111,32,63,12.987460317460318,77.78
2112,33,0,12.992380952380953,77.45
2113,33,1,12.992380952380953,77.4552380952381
2114,33,2,12.992380952380953,77.4604761904762
2115,33,3,12.992380952380953,77.46571428571428
2116,33,4,12.992380952380953,77.47095238095238
2117,33,5,12.992380952380953,77.47619047619048
2118,33,6,12.992380952380953,77.48142857142858
2119,33,7,12.992380952380953,77.48666666666666
2120,33,8,12.992380952380953,77.49190476190476
2121,33,9,12.992380952380953,77.49714285714286
2122,33,10,12.992380952380953,77.50238095238096
2123,33,11,12.992380952380953,77.50761904761904
2124,33,12,12.992380952380953,77.51285714285714
2125,33,13,12.992380952380953,77.51809523809524
2126,33,14,12.992380952380953,77.52333333333334
2127,33,15,12.992380952380953,77.52857142857142
2128,33,16,12.992380952380953,77.53380952380952
2129,33,17,12.992380952380953,77.53904761904762
2130,33,18,12.992380952380953,77.54428571428572
2131,33,19,12.992380952380953,77.5495238095238
2132,33,20,12.992380952380953,77.5547619047619
2133,33,21,12.992380952380953,77.56
2134,33,22,12.992380952380953,77.5652380952381
2135,33,23,12.992380952380953,77.5704761904762
2136,33,24,12.992380952380953,77.57571428571428
2137,33,25,12.992380952380953,77.58095238095238
2138,33,26,12.992380952380953,77.58619047619048
2139,33,27,12.992380952380953,77.59142857142858
2140,33,28,12.992380952380953,77.59666666666666
2141,33,29,12.992380952380953,77.60190476190476
2142,33,30,12.992380952380953,77.60714285714286
2143,33,31,12.992380952380953,77.61238095238096
2144,33,32,12.992380952380953,77.61761904761904
2145,33,33,12.992380952380953,77.62285714285714
2146,33,34,12.992380952380953,77.62809523809524
2147,33,35,12.992380952380953,77.63333333333334
2148,33,36,12.992380952380953,77.63857142857142
2149,33,37,12.992380952380953,77.64380952380952
2150,33,38,12.992380952380953,77.64904761904762
2151,33,39,12.992380952380953,77.65428571428572
2152,33,40,12.992380952380953,77.6595238095238
2153,33,41,12.992380952380953,77.6647619047619
2154,33,42,12.992380952380953,77.67
2155,33,43,12.992380952380953,77.6752380952381
2156,33,44,12.992380952380953,77.6804761904762
2157,33,45,12.992380952380953,77.68571428571428
2158,33,46,12.992380952380953,77.69095238095238
2159,33,47,12.992380952380953,77.69619047619048
2160,33,48,12.992380952380953,77.70142857142858
2161,33,49,12.992380952380953,77.70666666666666
2162,33,50,12.992380952380953,77.71190476190476
2163,33,51,12.992380952380953,77.71714285714286
2164,33,52,12.992380952380953,77.72238095238096
2165,33,53,12.992380952380953,77.72761904761904
2166,33,54,12.992380952380953,77.73285714285714
2167,33,55,12.992380952380953,77.73809523809524
2168,33,56,12.992380952380953,77.74333333333334
2169,33,57,12.992380952380953,77.74857142857142
2170,33,58,12.992380952380953,77.75380952380952
2171,33,59,12.992380952380953,77.75904761904762
2172,33,60,12.992380952380953,77.76428571428572
2173,33,61,12.992380952380953,77.7695238095238
2174,33,62,12.992380952380953,77.7747619047619
2175,33,63,12.992380952380953,77.78
2176,34,0,12.997301587301587,77.45
2177,34,1,12.997301587301587,77.4552380952381
2178,34,2,12.997301587301587,77.4604761904762
2179,34,3,12.997301587301587,77.46571428571428
2180,34,4,12.997301587301587,77.47095238095238
2181,34,5,12.997301587301587,77.47619047619048
2182,34,6,12.997301587301587,77.48142857142858
2183,34,7,12.997301587301587,77.48666666666666
2184,34,8,12.997301587301587,77.49190476190476
2185,34,9,12.997301587301587,77.49714285714286
2186,34,10,12.997301587301587,77.50238095238096
2187,34,11,12.997301587301587,77.50761904761904
2188,34,12,12.997301587301587,77.51285714285714
2189,34,13,12.997301587301587,77.51809523809524
2190,34,14,12.997301587301587,77.52333333333334
2191,34,15,12.997301587301587,77.52857142857142
2192,34,16,12.997301587301587,77.53380952380952
2193,34,17,12.997301587301587,77.53904761904762
2194,34,18,12.997301587301587,77.54428571428572
2195,34,19,12.997301587301587,77.5495238095238
2196,34,20,12.997301587301587,77.5547619047619
2197,34,21,12.997301587301587,77.56
2198,34,22,12.997301587301587,77.5652380952381
2199,34,23,12.997301587301587,77.5704761904762
2200,34,24,12.997301587301587,77.57571428571428
2201,34,25,12.997301587301587,77.58095238095238
2202,34,26,12.997301587301587,77.58619047619048
2203,34,27,12.997301587301587,77.59142857142858
2204,34,28,12.997301587301587,77.59666666666666
2205,34,29,12.997301587301587,77.60190476190476
2206,34,30,12.997301587301587,77.60714285714286
2207,34,31,12.997301587301587,77.61238095238096
2208,34,32,12.997301587301587,77.61761904761904
2209,34,33,12.997301587301587,77.62285714285714
2210,34,34,12.997301587301587,77.62809523809524
2211,34,35,12.997301587301587,77.63333333333334
2212,34,36,12.997301587301587,77.63857142857142
2213,34,37,12.997301587301587,77.64380952380952
2214,34,38,12.997301587301587,77.64904761904762
2215,34,39,12.997301587301587,77.65428571428572
2216,34,40,12.997301587301587,77.6595238095238
2217,34,41,12.997301587301587,77.6647619047619
2218,34,42,12.997301587301587,77.67
2219,34,43,12.997301587301587,77.6752380952381
2220,34,44,12.997301587301587,77.6804761904762
2221,34,45,12.997301587301587,77.68571428571428
2222,34,46,12.997301587301587,77.69095238095238
2223,34,47,12.997301587301587,77.69619047619048
2224,34,48,12.997301587301587,77.70142857142858
2225,34,49,12.997301587301587,77.70666666666666
2226,34,50,12.997301587301587,77.71190476190476
2227,34,51,12.997301587301587,77.71714285714286
2228,34,52,12.997301587301587,77.72238095238096
2229,34,53,12.997301587301587,77.72761904761904
2230,34,54,12.997301587301587,77.73285714285714
2231,34,55,12.997301587301587,77.73809523809524
2232,34,56,12.997301587301587,77.74333333333334
2233,34,57,12.997301587301587,77.74857142857142
2234,34,58,12.997301587301587,77.75380952380952
2235,34,59,12.997301587301587,77.75904761904762
2236,34,60,12.997301587301587,77.76428571428572
2237,34,61,12.997301587301587,77.7695238095238
2238,34,62,12.997301587301587,77.7747619047619
2239,34,63,12.997301587301587,77.78
2240,35,0,13.002222222222223,77.45
2241,35,1,13.002222222222223,77.4552380952381
2242,35,2,13.002222222222223,77.4604761904762
2243,35,3,13.002222222222223,77.46571428571428
2244,35,4,13.002222222222223,77.47095238095238
2245,35,5,13.002222222222223,77.47619047619048
2246,35,6,13.002222222222223,77.48142857142858
2247,35,7,13.002222222222223,77.48666666666666
2248,35,8,13.002222222222223,77.49190476190476
2249,35,9,13.002222222222223,77.49714285714286
2250,35,10,13.002222222222223,77.50238095238096
2251,35,11,13.002222222222223,77.50761904761904
2252,35,12,13.002222222222223,77.51285714285714
2253,35,13,13.002222222222223,77.51809523809524
2254,35,14,13.002222222222223,77.52333333333334
2255,35,15,13.002222222222223,77.52857142857142
2256,35,16,13.002222222222223,77.53380952380952
2257,35,17,13.002222222222223,77.53904761904762
2258,35,18,13.002222222222223,77.54428571428572
2259,35,19,13.002222222222223,77.5495238095238
2260,35,20,13.002222222222223,77.5547619047619
2261,35,21,13.002222222222223,77.56
2262,35,22,13.002222222222223,77.5652380952381
2263,35,23,13.002222222222223,77.5704761904762
2264,35,24,13.002222222222223,77.57571428571428
2265,35,25,13.002222222222223,77.58095238095238
2266,35,26,13.002222222222223,77.58619047619048
2267,35,27,13.002222222222223,77.59142857142858
2268,35,28,13.002222222222223,77.59666666666666
2269,35,29,13.002222222222223,77.60190476190476
2270,35,30,13.002222222222223,77.60714285714286
2271,35,31,13.002222222222223,77.61238095238096
2272,35,32,13.002222222222223,77.61761904761904
2273,35,33,13.002222222222223,77.62285714285714
2274,35,34,13.002222222222223,77.62809523809524
2275,35,35,13.002222222222223,77.63333333333334
2276,35,36,13.002222222222223,77.63857142857142
2277,35,37,13.002222222222223,77.64380952380952
2278,35,38,13.002222222222223,77.64904761904762
2279,35,39,13.002222222222223,77.65428571428572
2280,35,40,13.002222222222223,77.6595238095238
2281,35,41,13.002222222222223,77.6647619047619
2282,35,42,13.002222222222223,77.67
2283,35,43,13.002222222222223,77.6752380952381
2284,35,44,13.002222222222223,77.6804761904762
2285,35,45,13.002222222222223,77.68571428571428
2286,35,46,13.002222222222223,77.69095238095238
2287,35,47,13.002222222222223,77.69619047619048
2288,35,48,13.002222222222223,77.70142857142858
2289,35,49,13.002222222222223,77.70666666666666
2290,35,50,13.002222222222223,77.71190476190476
2291,35,51,13.002222222222223,77.71714285714286
2292,35,52,13.002222222222223,77.72238095238096
2293,35,53,13.002222222222223,77.72761904761904
2294,35,54,13.002222222222223,77.73285714285714
2295,35,55,13.002222222222223,77.73809523809524
2296,35,56,13.002222222222223,77.74333333333334
2297,35,57,13.002222222222223,77.74857142857142
2298,35,58,13.002222222222223,77.75380952380952
2299,35,59,13.002222222222223,77.75904761904762
2300,35,60,13.002222222222223,77.76428571428572
2301,35,61,13.002222222222223,77.7695238095238
2302,35,62,13.002222222222223,77.7747619047619
2303,35,63,13.002222222222223,77.78
2304,36,0,13.007142857142858,77.45
2305,36,1,13.007142857142858,77.4552380952381
2306,36,2,13.007142857142858,77.4604761904762
2307,36,3,13.007142857142858,77.46571428571428
2308,36,4,13.007142857142858,77.47095238095238
2309,36,5,13.007142857142858,77.47619047619048
2310,36,6,13.007142857142858,77.48142857142858
2311,36,7,13.007142857142858,77.48666666666666
2312,36,8,13.007142857142858,77.49190476190476
2313,36,9,13.007142857142858,77.49714285714286
2314,36,10,13.007142857142858,77.50238095238096
2315,36,11,13.007142857142858,77.50761904761904
2316,36,12,13.007142857142858,77.51285714285714
2317,36,13,13.007142857142858,77.51809523809524
2318,36,14,13.007142857142858,77.52333333333334
2319,36,15,13.007142857142858,77.52857142857142
2320,36,16,13.007142857142858,77.53380952380952
2321,36,17,13.007142857142858,77.53904761904762
2322,36,18,13.007142857142858,77.54428571428572
2323,36,19,13.007142857142858,77.5495238095238
2324,36,20,13.007142857142858,77.5547619047619
2325,36,21,13.007142857142858,77.56
2326,36,22,13.007142857142858,77.5652380952381
2327,36,23,13.007142857142858,77.5704761904762
2328,36,24,13.007142857142858,77.57571428571428
2329,36,25,13.007142857142858,77.58095238095238
2330,36,26,13.007142857142858,77.58619047619048
2331,36,27,13.007142857142858,77.59142857142858
2332,36,28,13.007142857142858,77.59666666666666
2333,36,29,13.007142857142858,77.60190476190476
2334,36,30,13.007142857142858,77.60714285714286
2335,36,31,13.007142857142858,77.61238095238096
2336,36,32,13.007142857142858,77.61761904761904
2337,36,33,13.007142857142858,77.62285714285714
2338,36,34,13.007142857142858,77.62809523809524
2339,36,35,13.007142857142858,77.63333333333334
2340,36,36,13.007142857142858,77.63857142857142
2341,36,37,13.007142857142858,77.64380952380952
2342,36,38,13.007142857142858,77.64904761904762
2343,36,39,13.007142857142858,77.65428571428572
2344,36,40,13.007142857142858,77.6595238095238
2345,36,41,13.007142857142858,77.6647619047619
2346,36,42,13.007142857142858,77.67
2347,36,43,13.007142857142858,77.6752380952381
2348,36,44,13.007142857142858,77.6804761904762
2349,36,45,13.007142857142858,77.68571428571428
2350,36,46,13.007142857142858,77.69095238095238
2351,36,47,13.007142857142858,77.69619047619048
2352,36,48,13.007142857142858,77.70142857142858
2353,36,49,13.007142857142858,77.70666666666666
2354,36,50,13.007142857142858,77.71190476190476
2355,36,51,13.007142857142858,77.71714285714286
2356,36,52,13.007142857142858,77.72238095238096
2357,36,53,13.007142857142858,77.72761904761904
2358,36,54,13.007142857142858,77.73285714285714
2359,36,55,13.007142857142858,77.73809523809524
2360,36,56,13.007142857142858,77.74333333333334
2361,36,57,13.007142857142858,77.74857142857142
2362,36,58,13.007142857142858,77.75380952380952
2363,36,59,13.007142857142858,77.75904761904762
2364,36,60,13.007142857142858,77.76428571428572
2365,36,61,13.007142857142858,77.7695238095238
2366,36,62,13.007142857142858,77.7747619047619
2367,36,63,13.007142857142858,77.78
2368,37,0,13.012063492063492,77.45
2369,37,1,13.012063492063492,77.4552380952381
2370,37,2,13.012063492063492,77.4604761904762
2371,37,3,13.012063492063492,77.46571428571428
2372,37,4,13.012063492063492,77.47095238095238
2373,37,5,13.012063492063492,77.47619047619048
2374,37,6,13.012063492063492,77.48142857142858
2375,37,7,13.012063492063492,77.48666666666666
2376,37,8,13.012063492063492,77.49190476190476
2377,37,9,13.012063492063492,77.49714285714286
2378,37,10,13.012063492063492,77.50238095238096
2379,37,11,13.012063492063492,77.50761904761904
2380,37,12,13.012063492063492,77.51285714285714
2381,37,13,13.012063492063492,77.51809523809524
2382,37,14,13.012063492063492,77.52333333333334
2383,37,15,13.012063492063492,77.52857142857142
2384,37,16,13.012063492063492,77.53380952380952
2385,37,17,13.012063492063492,77.53904761904762
2386,37,18,13.012063492063492,77.54428571428572
2387,37,19,13.012063492063492,77.5495238095238
2388,37,20,13.012063492063492,77.5547619047619
2389,37,21,13.012063492063492,77.56
2390,37,22,13.012063492063492,77.5652380952381
2391,37,23,13.012063492063492,77.5704761904762
2392,37,24,13.012063492063492,77.57571428571428
2393,37,25,13.012063492063492,77.58095238095238
2394,37,26,13.012063492063492,77.58619047619048
2395,37,27,13.012063492063492,77.59142857142858
2396,37,28,13.012063492063492,77.59666666666666
2397,37,29,13.012063492063492,77.60190476190476
2398,37,30,13.012063492063492,77.60714285714286
2399,37,31,13.012063492063492,77.61238095238096
2400,37,32,13.012063492063492,77.61761904761904
2401,37,33,13.012063492063492,77.62285714285714
2402,37,34,13.012063492063492,77.62809523809524
2403,37,35,13.012063492063492,77.63333333333334
2404,37,36,13.012063492063492,77.63857142857142
2405,37,37,13.012063492063492,77.64380952380952
2406,37,38,13.012063492063492,77.64904761904762
2407,37,39,13.012063492063492,77.65428571428572
2408,37,40,13.012063492063492,77.6595238095238
2409,37,41,13.012063492063492,77.6647619047619
2410,37,42,13.012063492063492,77.67
2411,37,43,13.012063492063492,77.6752380952381
2412,37,44,13.012063492063492,77.6804761904762
2413,37,45,13.012063492063492,77.68571428571428
2414,37,46,13.012063492063492,77.69095238095238
2415,37,47,13.012063492063492,77.69619047619048
2416,37,48,13.012063492063492,77.70142857142858
2417,37,49,13.012063492063492,77.70666666666666
2418,37,50,13.012063492063492,77.71190476190476
2419,37,51,13.012063492063492,77.71714285714286
2420,37,52,13.012063492063492,77.72238095238096
2421,37,53,13.012063492063492,77.72761904761904
2422,37,54,13.012063492063492,77.73285714285714
2423,37,55,13.012063492063492,77.73809523809524
2424,37,56,13.012063492063492,77.74333333333334
2425,37,57,13.012063492063492,77.74857142857142
2426,37,58,13.012063492063492,77.75380952380952
2427,37,59,13.012063492063492,77.75904761904762
2428,37,60,13.012063492063492,77.76428571428572
2429,37,61,13.012063492063492,77.7695238095238
2430,37,62,13.012063492063492,77.7747619047619
2431,37,63,13.012063492063492,77.78
2432,38,0,13.016984126984127,77.45
2433,38,1,13.016984126984127,77.4552380952381
2434,38,2,13.016984126984127,77.4604761904762
2435,38,3,13.016984126984127,77.46571428571428
2436,38,4,13.016984126984127,77.47095238095238
2437,38,5,13.016984126984127,77.47619047619048
2438,38,6,13.016984126984127,77.48142857142858
2439,38,7,13.016984126984127,77.48666666666666
2440,38,8,13.016984126984127,77.49190476190476
2441,38,9,13.016984126984127,77.49714285714286
2442,38,10,13.016984126984127,77.50238095238096
2443,38,11,13.016984126984127,77.50761904761904
2444,38,12,13.016984126984127,77.51285714285714
2445,38,13,13.016984126984127,77.51809523809524
2446,38,14,13.016984126984127,77.52333333333334
2447,38,15,13.016984126984127,77.52857142857142
2448,38,16,13.016984126984127,77.53380952380952
2449,38,17,13.016984126984127,77.53904761904762
2450,38,18,13.016984126984127,77.54428571428572
2451,38,19,13.016984126984127,77.5495238095238
2452,38,20,13.016984126984127,77.5547619047619
2453,38,21,13.016984126984127,77.56
2454,38,22,13.016984126984127,77.5652380952381
2455,38,23,13.016984126984127,77.5704761904762
2456,38,24,13.016984126984127,77.57571428571428
2457,38,25,13.016984126984127,77.58095238095238
2458,38,26,13.016984126984127,77.58619047619048
2459,38,27,13.016984126984127,77.59142857142858
2460,38,28,13.016984126984127,77.59666666666666
2461,38,29,13.016984126984127,77.60190476190476
2462,38,30,13.016984126984127,77.60714285714286
2463,38,31,13.016984126984127,77.61238095238096
2464,38,32,13.016984126984127,77.61761904761904
2465,38,33,13.016984126984127,77.62285714285714
2466,38,34,13.016984126984127,77.62809523809524
2467,38,35,13.016984126984127,77.63333333333334
2468,38,36,13.016984126984127,77.63857142857142
2469,38,37,13.016984126984127,77.64380952380952
2470,38,38,13.016984126984127,77.64904761904762
2471,38,39,13.016984126984127,77.65428571428572
2472,38,40,13.016984126984127,77.6595238095238
2473,38,41,13.016984126984127,77.6647619047619
2474,38,42,13.016984126984127,77.67
2475,38,43,13.016984126984127,77.6752380952381
2476,38,44,13.016984126984127,77.6804761904762
2477,38,45,13.016984126984127,77.68571428571428
2478,38,46,13.016984126984127,77.69095238095238
2479,38,47,13.016984126984127,77.69619047619048
2480,38,48,13.016984126984127,77.70142857142858
2481,38,49,13.016984126984127,77.70666666666666
2482,38,50,13.016984126984127,77.71190476190476
2483,38,51,13.016984126984127,77.71714285714286
2484,38,52,13.016984126984127,77.72238095238096
2485,38,53,13.016984126984127,77.72761904761904
2486,38,54,13.016984126984127,77.73285714285714
2487,38,55,13.016984126984127,77.73809523809524
2488,38,56,13.016984126984127,77.74333333333334
2489,38,57,13.016984126984127,77.74857142857142
2490,38,58,13.016984126984127,77.75380952380952
2491,38,59,13.016984126984127,77.75904761904762
2492,38,60,13.016984126984127,77.76428571428572
2493,38,61,13.016984126984127,77.7695238095238
2494,38,62,13.016984126984127,77.7747619047619
2495,38,63,13.016984126984127,77.78
2496,39,0,13.021904761904763,77.45
2497,39,1,13.021904761904763,77.4552380952381
2498,39,2,13.021904761904763,77.4604761904762
2499,39,3,13.021904761904763,77.46571428571428
2500,39,4,13.021904761904763,77.47095238095238
2501,39,5,13.021904761904763,77.47619047619048
2502,39,6,13.021904761904763,77.48142857142858
2503,39,7,13.021904761904763,77.48666666666666
2504,39,8,13.021904761904763,77.49190476190476
2505,39,9,13.021904761904763,77.49714285714286
2506,39,10,13.021904761904763,77.50238095238096
2507,39,11,13.021904761904763,77.50761904761904
2508,39,12,13.021904761904763,77.51285714285714
2509,39,13,13.021904761904763,77.51809523809524
2510,39,14,13.021904761904763,77.52333333333334
2511,39,15,13.021904761904763,77.52857142857142
2512,39,16,13.021904761904763,77.53380952380952
2513,39,17,13.021904761904763,77.53904761904762
2514,39,18,13.021904761904763,77.54428571428572
2515,39,19,13.021904761904763,77.5495238095238
2516,39,20,13.021904761904763,77.5547619047619
2517,39,21,13.021904761904763,77.56
2518,39,22,13.021904761904763,77.5652380952381
2519,39,23,13.021904761904763,77.5704761904762
2520,39,24,13.021904761904763,77.57571428571428
2521,39,25,13.021904761904763,77.58095238095238
2522,39,26,13.021904761904763,77.58619047619048
2523,39,27,13.021904761904763,77.59142857142858
2524,39,28,13.021904761904763,77.59666666666666
2525,39,29,13.021904761904763,77.60190476190476
2526,39,30,13.021904761904763,77.60714285714286
2527,39,31,13.021904761904763,77.61238095238096
2528,39,32,13.021904761904763,77.61761904761904
2529,39,33,13.021904761904763,77.62285714285714
2530,39,34,13.021904761904763,77.62809523809524
2531,39,35,13.021904761904763,77.63333333333334
2532,39,36,13.021904761904763,77.63857142857142
2533,39,37,13.021904761904763,77.64380952380952
2534,39,38,13.021904761904763,77.64904761904762
2535,39,39,13.021904761904763,77.65428571428572
2536,39,40,13.021904761904763,77.6595238095238
2537,39,41,13.021904761904763,77.6647619047619
2538,39,42,13.021904761904763,77.67
2539,39,43,13.021904761904763,77.6752380952381
2540,39,44,13.021904761904763,77.6804761904762
2541,39,45,13.021904761904763,77.68571428571428
2542,39,46,13.021904761904763,77.69095238095238
2543,39,47,13.021904761904763,77.69619047619048
2544,39,48,13.021904761904763,77.70142857142858
2545,39,49,13.021904761904763,77.70666666666666
2546,39,50,13.021904761904763,77.71190476190476
2547,39,51,13.021904761904763,77.71714285714286
2548,39,52,13.021904761904763,77.72238095238096
2549,39,53,13.021904761904763,77.72761904761904
2550,39,54,13.021904761904763,77.73285714285714
2551,39,55,13.021904761904763,77.73809523809524
2552,39,56,13.021904761904763,77.74333333333334
2553,39,57,13.021904761904763,77.74857142857142
2554,39,58,13.021904761904763,77.75380952380952
2555,39,59,13.021904761904763,77.75904761904762
2556,39,60,13.021904761904763,77.76428571428572
2557,39,61,13.021904761904763,77.7695238095238
2558,39,62,13.021904761904763,77.7747619047619
2559,39,63,13.021904761904763,77.78
2560,40,0,13.026825396825398,77.45
2561,40,1,13.026825396825398,77.4552380952381
2562,40,2,13.026825396825398,77.4604761904762
2563,40,3,13.026825396825398,77.46571428571428
2564,40,4,13.026825396825398,77.47095238095238
2565,40,5,13.026825396825398,77.47619047619048
2566,40,6,13.026825396825398,77.48142857142858
2567,40,7,13.026825396825398,77.48666666666666
2568,40,8,13.026825396825398,77.49190476190476
2569,40,9,13.026825396825398,77.49714285714286
2570,40,10,13.026825396825398,77.50238095238096
2571,40,11,13.026825396825398,77.50761904761904
2572,40,12,13.026825396825398,77.51285714285714
2573,40,13,13.026825396825398,77.51809523809524
2574,40,14,13.026825396825398,77.52333333333334
2575,40,15,13.026825396825398,77.52857142857142
2576,40,16,13.026825396825398,77.53380952380952
2577,40,17,13.026825396825398,77.53904761904762
2578,40,18,13.026825396825398,77.54428571428572
2579,40,19,13.026825396825398,77.5495238095238
2580,40,20,13.026825396825398,77.5547619047619
2581,40,21,13.026825396825398,77.56
2582,40,22,13.026825396825398,77.5652380952381
2583,40,23,13.026825396825398,77.5704761904762
2584,40,24,13.026825396825398,77.57571428571428
2585,40,25,13.026825396825398,77.58095238095238
2586,40,26,13.026825396825398,77.58619047619048
2587,40,27,13.026825396825398,77.59142857142858
2588,40,28,13.026825396825398,77.59666666666666
2589,40,29,13.026825396825398,77.60190476190476
2590,40,30,13.026825396825398,77.60714285714286
2591,40,31,13.026825396825398,77.61238095238096
2592,40,32,13.026825396825398,77.61761904761904
2593,40,33,13.026825396825398,77.62285714285714
2594,40,34,13.026825396825398,77.62809523809524
2595,40,35,13.026825396825398,77.63333333333334
2596,40,36,13.026825396825398,77.63857142857142
2597,40,37,13.026825396825398,77.64380952380952
2598,40,38,13.026825396825398,77.64904761904762
2599,40,39,13.026825396825398,77.65428571428572
2600,40,40,13.026825396825398,77.6595238095238
2601,40,41,13.026825396825398,77.6647619047619
2602,40,42,13.026825396825398,77.67
2603,40,43,13.026825396825398,77.6752380952381
2604,40,44,13.026825396825398,77.6804761904762
2605,40,45,13.026825396825398,77.68571428571428
2606,40,46,13.026825396825398,77.69095238095238
2607,40,47,13.026825396825398,77.69619047619048
2608,40,48,13.026825396825398,77.70142857142858
2609,40,49,13.026825396825398,77.70666666666666
2610,40,50,13.026825396825398,77.71190476190476
2611,40,51,13.026825396825398,77.71714285714286
2612,40,52,13.026825396825398,77.72238095238096
2613,40,53,13.026825396825398,77.72761904761904
2614,40,54,13.026825396825398,77.73285714285714
2615,40,55,13.026825396825398,77.73809523809524
2616,40,56,13.026825396825398,77.74333333333334
2617,40,57,13.026825396825398,77.74857142857142
2618,40,58,13.026825396825398,77.75380952380952
2619,40,59,13.026825396825398,77.75904761904762
2620,40,60,13.026825396825398,77.76428571428572
2621,40,61,13.026825396825398,77.7695238095238
2622,40,62,13.026825396825398,77.7747619047619
2623,40,63,13.026825396825398,77.78
2624,41,0,13.031746031746032,77.45
2625,41,1,13.031746031746032,77.4552380952381
2626,41,2,13.031746031746032,77.4604761904762
2627,41,3,13.031746031746032,77.46571428571428
2628,41,4,13.031746031746032,77.47095238095238
2629,41,5,13.031746031746032,77.47619047619048
2630,41,6,13.031746031746032,77.48142857142858
2631,41,7,13.031746031746032,77.48666666666666
2632,41,8,13.031746031746032,77.49190476190476
2633,41,9,13.031746031746032,77.49714285714286
2634,41,10,13.031746031746032,77.50238095238096
2635,41,11,13.031746031746032,77.50761904761904
2636,41,12,13.031746031746032,77.51285714285714
2637,41,13,13.031746031746032,77.51809523809524
2638,41,14,13.031746031746032,77.52333333333334
2639,41,15,13.031746031746032,77.52857142857142
2640,41,16,13.031746031746032,77.53380952380952
2641,41,17,13.031746031746032,77.53904761904762
2642,41,18,13.031746031746032,77.54428571428572
2643,41,19,13.031746031746032,77.5495238095238
2644,41,20,13.031746031746032,77.5547619047619
2645,41,21,13.031746031746032,77.56
2646,41,22,13.031746031746032,77.5652380952381
2647,41,23,13.031746031746032,77.5704761904762
2648,41,24,13.031746031746032,77.57571428571428
2649,41,25,13.031746031746032,77.58095238095238
2650,41,26,13.031746031746032,77.58619047619048
2651,41,27,13.031746031746032,77.59142857142858
2652,41,28,13.031746031746032,77.59666666666666
2653,41,29,13.031746031746032,77.60190476190476
2654,41,30,13.031746031746032,77.60714285714286
2655,41,31,13.031746031746032,77.61238095238096
2656,41,32,13.031746031746032,77.61761904761904
2657,41,33,13.031746031746032,77.62285714285714
2658,41,34,13.031746031746032,77.62809523809524
2659,41,35,13.031746031746032,77.63333333333334
2660,41,36,13.031746031746032,77.63857142857142
2661,41,37,13.031746031746032,77.64380952380952
2662,41,38,13.031746031746032,77.64904761904762
2663,41,39,13.031746031746032,77.65428571428572
2664,41,40,13.031746031746032,77.6595238095238
2665,41,41,13.031746031746032,77.6647619047619
2666,41,42,13.031746031746032,77.67
2667,41,43,13.031746031746032,77.6752380952381
2668,41,44,13.031746031746032,77.6804761904762
2669,41,45,13.031746031746032,77.68571428571428
2670,41,46,13.031746031746032,77.69095238095238
2671,41,47,13.031746031746032,77.69619047619048
2672,41,48,13.031746031746032,77.70142857142858
2673,41,49,13.031746031746032,77.70666666666666
2674,41,50,13.031746031746032,77.71190476190476
2675,41,51,13.031746031746032,77.71714285714286
2676,41,52,13.031746031746032,77.72238095238096
2677,41,53,13.031746031746032,77.72761904761904
2678,41,54,13.031746031746032,77.73285714285714
2679,41,55,13.031746031746032,77.73809523809524
2680,41,56,13.031746031746032,77.74333333333334
2681,41,57,13.031746031746032,77.74857142857142
2682,41,58,13.031746031746032,77.75380952380952
2683,41,59,13.031746031746032,77.75904761904762
2684,41,60,13.031746031746032,77.76428571428572
2685,41,61,13.031746031746032,77.7695238095238
2686,41,62,13.031746031746032,77.7747619047619
2687,41,63,13.031746031746032,77.78
2688,42,0,13.036666666666667,77.45
2689,42,1,13.036666666666667,77.4552380952381
2690,42,2,13.036666666666667,77.4604761904762
2691,42,3,13.036666666666667,77.46571428571428
2692,42,4,13.036666666666667,77.47095238095238
2693,42,5,13.036666666666667,77.47619047619048
2694,42,6,13.036666666666667,77.48142857142858
2695,42,7,13.036666666666667,77.48666666666666
2696,42,8,13.036666666666667,77.49190476190476
2697,42,9,13.036666666666667,77.49714285714286
2698,42,10,13.036666666666667,77.50238095238096
2699,42,11,13.036666666666667,77.50761904761904
2700,42,12,13.036666666666667,77.51285714285714
2701,42,13,13.036666666666667,77.51809523809524
2702,42,14,13.036666666666667,77.52333333333334
2703,42,15,13.036666666666667,77.52857142857142
2704,42,16,13.036666666666667,77.53380952380952
2705,42,17,13.036666666666667,77.53904761904762
2706,42,18,13.036666666666667,77.54428571428572
2707,42,19,13.036666666666667,77.5495238095238
2708,42,20,13.036666666666667,77.5547619047619
2709,42,21,13.036666666666667,77.56
2710,42,22,13.036666666666667,77.5652380952381
2711,42,23,13.036666666666667,77.5704761904762
2712,42,24,13.036666666666667,77.57571428571428
2713,42,25,13.036666666666667,77.58095238095238
2714,42,26,13.036666666666667,77.58619047619048
2715,42,27,13.036666666666667,77.59142857142858
2716,42,28,13.036666666666667,77.59666666666666
2717,42,29,13.036666666666667,77.60190476190476
2718,42,30,13.036666666666667,77.60714285714286
2719,42,31,13.036666666666667,77.61238095238096
2720,42,32,13.036666666666667,77.61761904761904
2721,42,33,13.036666666666667,77.62285714285714
2722,42,34,13.036666666666667,77.62809523809524
2723,42,35,13.036666666666667,77.63333333333334
2724,42,36,13.036666666666667,77.63857142857142
2725,42,37,13.036666666666667,77.64380952380952
2726,42,38,13.036666666666667,77.64904761904762
2727,42,39,13.036666666666667,77.65428571428572
2728,42,40,13.036666666666667,77.6595238095238
2729,42,41,13.036666666666667,77.6647619047619
2730,42,42,13.036666666666667,77.67
2731,42,43,13.036666666666667,77.6752380952381
2732,42,44,13.036666666666667,77.6804761904762
2733,42,45,13.036666666666667,77.68571428571428
2734,42,46,13.036666666666667,77.69095238095238
2735,42,47,13.036666666666667,77.69619047619048
2736,42,48,13.036666666666667,77.70142857142858
2737,42,49,13.036666666666667,77.70666666666666
2738,42,50,13.036666666666667,77.71190476190476
2739,42,51,13.036666666666667,77.71714285714286
2740,42,52,13.036666666666667,77.72238095238096
2741,42,53,13.036666666666667,77.72761904761904
2742,42,54,13.036666666666667,77.73285714285714
2743,42,55,13.036666666666667,77.73809523809524
2744,42,56,13.036666666666667,77.74333333333334
2745,42,57,13.036666666666667,77.74857142857142
2746,42,58,13.036666666666667,77.75380952380952
2747,42,59,13.036666666666667,77.75904761904762
2748,42,60,13.036666666666667,77.76428571428572
2749,42,61,13.036666666666667,77.7695238095238
2750,42,62,13.036666666666667,77.7747619047619
2751,42,63,13.036666666666667,77.78
2752,43,0,13.041587301587303,77.45
2753,43,1,13.041587301587303,77.4552380952381
2754,43,2,13.041587301587303,77.4604761904762
2755,43,3,13.041587301587303,77.46571428571428
2756,43,4,13.041587301587303,77.47095238095238
2757,43,5,13.041587301587303,77.47619047619048
2758,43,6,13.041587301587303,77.48142857142858
2759,43,7,13.041587301587303,77.48666666666666
2760,43,8,13.041587301587303,77.49190476190476
2761,43,9,13.041587301587303,77.49714285714286
2762,43,10,13.041587301587303,77.50238095238096
2763,43,11,13.041587301587303,77.50761904761904
2764,43,12,13.041587301587303,77.51285714285714
2765,43,13,13.041587301587303,77.51809523809524
2766,43,14,13.041587301587303,77.52333333333334
2767,43,15,13.041587301587303,77.52857142857142
2768,43,16,13.041587301587303,77.53380952380952
2769,43,17,13.041587301587303,77.53904761904762
2770,43,18,13.041587301587303,77.54428571428572
2771,43,19,13.041587301587303,77.5495238095238
2772,43,20,13.041587301587303,77.5547619047619
2773,43,21,13.041587301587303,77.56
2774,43,22,13.041587301587303,77.5652380952381
2775,43,23,13.041587301587303,77.5704761904762
2776,43,24,13.041587301587303,77.57571428571428
2777,43,25,13.041587301587303,77.58095238095238
2778,43,26,13.041587301587303,77.58619047619048
2779,43,27,13.041587301587303,77.59142857142858
2780,43,28,13.041587301587303,77.59666666666666
2781,43,29,13.041587301587303,77.60190476190476
2782,43,30,13.041587301587303,77.60714285714286
2783,43,31,13.041587301587303,77.61238095238096
2784,43,32,13.041587301587303,77.61761904761904
2785,43,33,13.041587301587303,77.62285714285714
2786,43,34,13.041587301587303,77.62809523809524
2787,43,35,13.041587301587303,77.63333333333334
2788,43,36,13.041587301587303,77.63857142857142
2789,43,37,13.041587301587303,77.64380952380952
2790,43,38,13.041587301587303,77.64904761904762
2791,43,39,13.041587301587303,77.65428571428572
2792,43,40,13.041587301587303,77.6595238095238
2793,43,41,13.041587301587303,77.6647619047619
2794,43,42,13.041587301587303,77.67
2795,43,43,13.041587301587303,77.6752380952381
2796,43,44,13.041587301587303,77.6804761904762
2797,43,45,13.041587301587303,77.68571428571428
2798,43,46,13.041587301587303,77.69095238095238
2799,43,47,13.041587301587303,77.69619047619048
2800,43,48,13.041587301587303,77.70142857142858
2801,43,49,13.041587301587303,77.70666666666666
2802,43,50,13.041587301587303,77.71190476190476
2803,43,51,13.041587301587303,77.71714285714286
2804,43,52,13.041587301587303,77.72238095238096
2805,43,53,13.041587301587303,77.72761904761904
2806,43,54,13.041587301587303,77.73285714285714
2807,43,55,13.041587301587303,77.73809523809524
2808,43,56,13.041587301587303,77.74333333333334
2809,43,57,13.041587301587303,77.74857142857142
2810,43,58,13.041587301587303,77.75380952380952
2811,43,59,13.041587301587303,77.75904761904762
2812,43,60,13.041587301587303,77.76428571428572
2813,43,61,13.041587301587303,77.7695238095238
2814,43,62,13.041587301587303,77.7747619047619
2815,43,63,13.041587301587303,77.78
2816,44,0,13.046507936507936,77.45
2817,44,1,13.046507936507936,77.4552380952381
2818,44,2,13.046507936507936,77.4604761904762
2819,44,3,13.046507936507936,77.46571428571428
2820,44,4,13.046507936507936,77.47095238095238
2821,44,5,13.046507936507936,77.47619047619048
2822,44,6,13.046507936507936,77.48142857142858
2823,44,7,13.046507936507936,77.48666666666666
2824,44,8,13.046507936507936,77.49190476190476
2825,44,9,13.046507936507936,77.49714285714286
2826,44,10,13.046507936507936,77.50238095238096
2827,44,11,13.046507936507936,77.50761904761904
2828,44,12,13.046507936507936,77.51285714285714
2829,44,13,13.046507936507936,77.51809523809524
2830,44,14,13.046507936507936,77.52333333333334
2831,44,15,13.046507936507936,77.52857142857142
2832,44,16,13.046507936507936,77.53380952380952
2833,44,17,13.046507936507936,77.53904761904762
2834,44,18,13.046507936507936,77.54428571428572
2835,44,19,13.046507936507936,77.5495238095238
2836,44,20,13.046507936507936,77.5547619047619
2837,44,21,13.046507936507936,77.56
2838,44,22,13.046507936507936,77.5652380952381
2839,44,23,13.046507936507936,77.5704761904762
2840,44,24,13.046507936507936,77.57571428571428
2841,44,25,13.046507936507936,77.58095238095238
2842,44,26,13.046507936507936,77.58619047619048
2843,44,27,13.046507936507936,77.59142857142858
2844,44,28,13.046507936507936,77.59666666666666
2845,44,29,13.046507936507936,77.60190476190476
2846,44,30,13.046507936507936,77.60714285714286
2847,44,31,13.046507936507936,77.61238095238096
2848,44,32,13.046507936507936,77.61761904761904
2849,44,33,13.046507936507936,77.62285714285714
2850,44,34,13.046507936507936,77.62809523809524
2851,44,35,13.046507936507936,77.63333333333334
2852,44,36,13.046507936507936,77.63857142857142
2853,44,37,13.046507936507936,77.64380952380952
2854,44,38,13.046507936507936,77.64904761904762
2855,44,39,13.046507936507936,77.65428571428572
2856,44,40,13.046507936507936,77.6595238095238
2857,44,41,13.046507936507936,77.6647619047619
2858,44,42,13.046507936507936,77.67
2859,44,43,13.046507936507936,77.6752380952381
2860,44,44,13.046507936507936,77.6804761904762
2861,44,45,13.046507936507936,77.68571428571428
2862,44,46,13.046507936507936,77.69095238095238
2863,44,47,13.046507936507936,77.69619047619048
2864,44,48,13.046507936507936,77.70142857142858
2865,44,49,13.046507936507936,77.70666666666666
2866,44,50,13.046507936507936,77.71190476190476
2867,44,51,13.046507936507936,77.71714285714286
2868,44,52,13.046507936507936,77.72238095238096
2869,44,53,13.046507936507936,77.72761904761904
2870,44,54,13.046507936507936,77.73285714285714
2871,44,55,13.046507936507936,77.73809523809524
2872,44,56,13.046507936507936,77.74333333333334
2873,44,57,13.046507936507936,77.74857142857142
2874,44,58,13.046507936507936,77.75380952380952
2875,44,59,13.046507936507936,77.75904761904762
2876,44,60,13.046507936507936,77.76428571428572
2877,44,61,13.046507936507936,77.7695238095238
2878,44,62,13.046507936507936,77.7747619047619
2879,44,63,13.046507936507936,77.78
2880,45,0,13.051428571428572,77.45
2881,45,1,13.051428571428572,77.4552380952381
2882,45,2,13.051428571428572,77.4604761904762
2883,45,3,13.051428571428572,77.46571428571428
2884,45,4,13.051428571428572,77.47095238095238
2885,45,5,13.051428571428572,77.47619047619048
2886,45,6,13.051428571428572,77.48142857142858
2887,45,7,13.051428571428572,77.48666666666666
2888,45,8,13.051428571428572,77.49190476190476
2889,45,9,13.051428571428572,77.49714285714286
2890,45,10,13.051428571428572,77.50238095238096
2891,45,11,13.051428571428572,77.50761904761904
2892,45,12,13.051428571428572,77.51285714285714
2893,45,13,13.051428571428572,77.51809523809524
2894,45,14,13.051428571428572,77.52333333333334
2895,45,15,13.051428571428572,77.52857142857142
2896,45,16,13.051428571428572,77.53380952380952
2897,45,17,13.051428571428572,77.53904761904762
2898,45,18,13.051428571428572,77.54428571428572
2899,45,19,13.051428571428572,77.5495238095238
2900,45,20,13.051428571428572,77.5547619047619
2901,45,21,13.051428571428572,77.56
2902,45,22,13.051428571428572,77.5652380952381
2903,45,23,13.051428571428572,77.5704761904762
2904,45,24,13.051428571428572,77.57571428571428
2905,45,25,13.051428571428572,77.58095238095238
2906,45,26,13.051428571428572,77.58619047619048
2907,45,27,13.051428571428572,77.59142857142858
2908,45,28,13.051428571428572,77.59666666666666
2909,45,29,13.051428571428572,77.60190476190476
2910,45,30,13.051428571428572,77.60714285714286
2911,45,31,13.051428571428572,77.61238095238096
2912,45,32,13.051428571428572,77.61761904761904
2913,45,33,13.051428571428572,77.62285714285714
2914,45,34,13.051428571428572,77.62809523809524
2915,45,35,13.051428571428572,77.63333333333334
2916,45,36,13.051428571428572,77.63857142857142
2917,45,37,13.051428571428572,77.64380952380952
2918,45,38,13.051428571428572,77.64904761904762
2919,45,39,13.051428571428572,77.65428571428572
2920,45,40,13.051428571428572,77.6595238095238
2921,45,41,13.051428571428572,77.6647619047619
2922,45,42,13.051428571428572,77.67
2923,45,43,13.051428571428572,77.6752380952381
2924,45,44,13.051428571428572,77.6804761904762
2925,45,45,13.051428571428572,77.68571428571428
2926,45,46,13.051428571428572,77.69095238095238
2927,45,47,13.051428571428572,77.69619047619048
2928,45,48,13.051428571428572,77.70142857142858
2929,45,49,13.051428571428572,77.70666666666666
2930,45,50,13.051428571428572,77.71190476190476
2931,45,51,13.051428571428572,77.71714285714286
2932,45,52,13.051428571428572,77.72238095238096
2933,45,53,13.051428571428572,77.72761904761904
2934,45,54,13.051428571428572,77.73285714285714
2935,45,55,13.051428571428572,77.73809523809524
2936,45,56,13.051428571428572,77.74333333333334
2937,45,57,13.051428571428572,77.74857142857142
2938,45,58,13.051428571428572,77.75380952380952
2939,45,59,13.051428571428572,77.75904761904762
2940,45,60,13.051428571428572,77.76428571428572
2941,45,61,13.051428571428572,77.7695238095238
2942,45,62,13.051428571428572,77.7747619047619
2943,45,63,13.051428571428572,77.78
2944,46,0,13.056349206349207,77.45
2945,46,1,13.056349206349207,77.4552380952381
2946,46,2,13.056349206349207,77.4604761904762
2947,46,3,13.056349206349207,77.46571428571428
2948,46,4,13.056349206349207,77.47095238095238
2949,46,5,13.056349206349207,77.47619047619048
2950,46,6,13.056349206349207,77.48142857142858
2951,46,7,13.056349206349207,77.48666666666666
2952,46,8,13.056349206349207,77.49190476190476
2953,46,9,13.056349206349207,77.49714285714286
2954,46,10,13.056349206349207,77.50238095238096
2955,46,11,13.056349206349207,77.50761904761904
2956,46,12,13.056349206349207,77.51285714285714
2957,46,13,13.056349206349207,77.51809523809524
2958,46,14,13.056349206349207,77.52333333333334
2959,46,15,13.056349206349207,77.52857142857142
2960,46,16,13.056349206349207,77.53380952380952
2961,46,17,13.056349206349207,77.53904761904762
2962,46,18,13.056349206349207,77.54428571428572
2963,46,19,13.056349206349207,77.5495238095238
2964,46,20,13.056349206349207,77.5547619047619
2965,46,21,13.056349206349207,77.56
2966,46,22,13.056349206349207,77.5652380952381
2967,46,23,13.056349206349207,77.5704761904762
2968,46,24,13.056349206349207,77.57571428571428
2969,46,25,13.056349206349207,77.58095238095238
2970,46,26,13.056349206349207,77.58619047619048
2971,46,27,13.056349206349207,77.59142857142858
2972,46,28,13.056349206349207,77.59666666666666
2973,46,29,13.056349206349207,77.60190476190476
2974,46,30,13.056349206349207,77.60714285714286
2975,46,31,13.056349206349207,77.61238095238096
2976,46,32,13.056349206349207,77.61761904761904
2977,46,33,13.056349206349207,77.62285714285714
2978,46,34,13.056349206349207,77.62809523809524
2979,46,35,13.056349206349207,77.63333333333334
2980,46,36,13.056349206349207,77.63857142857142
2981,46,37,13.056349206349207,77.64380952380952
2982,46,38,13.056349206349207,77.64904761904762
2983,46,39,13.056349206349207,77.65428571428572
2984,46,40,13.056349206349207,77.6595238095238
2985,46,41,13.056349206349207,77.6647619047619
2986,46,42,13.056349206349207,77.67
2987,46,43,13.056349206349207,77.6752380952381
2988,46,44,13.056349206349207,77.6804761904762
2989,46,45,13.056349206349207,77.68571428571428
2990,46,46,13.056349206349207,77.69095238095238
2991,46,47,13.056349206349207,77.69619047619048
2992,46,48,13.056349206349207,77.70142857142858
2993,46,49,13.056349206349207,77.70666666666666
2994,46,50,13.056349206349207,77.71190476190476
2995,46,51,13.056349206349207,77.71714285714286
2996,46,52,13.056349206349207,77.72238095238096
2997,46,53,13.056349206349207,77.72761904761904
2998,46,54,13.056349206349207,77.73285714285714
2999,46,55,13.056349206349207,77.73809523809524
3000,46,56,13.056349206349207,77.74333333333334
3001,46,57,13.056349206349207,77.74857142857142
3002,46,58,13.056349206349207,77.75380952380952
3003,46,59,13.056349206349207,77.75904761904762
3004,46,60,13.056349206349207,77.76428571428572
3005,46,61,13.056349206349207,77.7695238095238
3006,46,62,13.056349206349207,77.7747619047619
3007,46,63,13.056349206349207,77.78
3008,47,0,13.061269841269842,77.45
3009,47,1,13.061269841269842,77.4552380952381
3010,47,2,13.061269841269842,77.4604761904762
3011,47,3,13.061269841269842,77.46571428571428
3012,47,4,13.061269841269842,77.47095238095238
3013,47,5,13.061269841269842,77.47619047619048
3014,47,6,13.061269841269842,77.48142857142858
3015,47,7,13.061269841269842,77.48666666666666
3016,47,8,13.061269841269842,77.49190476190476
3017,47,9,13.061269841269842,77.49714285714286
3018,47,10,13.061269841269842,77.50238095238096
3019,47,11,13.061269841269842,77.50761904761904
3020,47,12,13.061269841269842,77.51285714285714
3021,47,13,13.061269841269842,77.51809523809524
3022,47,14,13.061269841269842,77.52333333333334
3023,47,15,13.061269841269842,77.52857142857142
3024,47,16,13.061269841269842,77.53380952380952
3025,47,17,13.061269841269842,77.53904761904762
3026,47,18,13.061269841269842,77.54428571428572
3027,47,19,13.061269841269842,77.5495238095238
3028,47,20,13.061269841269842,77.5547619047619
3029,47,21,13.061269841269842,77.56
3030,47,22,13.061269841269842,77.5652380952381
3031,47,23,13.061269841269842,77.5704761904762
3032,47,24,13.061269841269842,77.57571428571428
3033,47,25,13.061269841269842,77.58095238095238
3034,47,26,13.061269841269842,77.58619047619048
3035,47,27,13.061269841269842,77.59142857142858
3036,47,28,13.061269841269842,77.59666666666666
3037,47,29,13.061269841269842,77.60190476190476
3038,47,30,13.061269841269842,77.60714285714286
3039,47,31,13.061269841269842,77.61238095238096
3040,47,32,13.061269841269842,77.61761904761904
3041,47,33,13.061269841269842,77.62285714285714
3042,47,34,13.061269841269842,77.62809523809524
3043,47,35,13.061269841269842,77.63333333333334
3044,47,36,13.061269841269842,77.63857142857142
3045,47,37,13.061269841269842,77.64380952380952
3046,47,38,13.061269841269842,77.64904761904762
3047,47,39,13.061269841269842,77.65428571428572
3048,47,40,13.061269841269842,77.6595238095238
3049,47,41,13.061269841269842,77.6647619047619
3050,47,42,13.061269841269842,77.67
3051,47,43,13.061269841269842,77.6752380952381
3052,47,44,13.061269841269842,77.6804761904762
3053,47,45,13.061269841269842,77.68571428571428
3054,47,46,13.061269841269842,77.69095238095238
3055,47,47,13.061269841269842,77.69619047619048
3056,47,48,13.061269841269842,77.70142857142858
3057,47,49,13.061269841269842,77.70666666666666
3058,47,50,13.061269841269842,77.71190476190476
3059,47,51,13.061269841269842,77.71714285714286
3060,47,52,13.061269841269842,77.72238095238096
3061,47,53,13.061269841269842,77.72761904761904
3062,47,54,13.061269841269842,77.73285714285714
3063,47,55,13.061269841269842,77.73809523809524
3064,47,56,13.061269841269842,77.74333333333334
3065,47,57,13.061269841269842,77.74857142857142
3066,47,58,13.061269841269842,77.75380952380952
3067,47,59,13.061269841269842,77.75904761904762
3068,47,60,13.061269841269842,77.76428571428572
3069,47,61,13.061269841269842,77.7695238095238
3070,47,62,13.061269841269842,77.7747619047619
3071,47,63,13.061269841269842,77.78
3072,48,0,13.066190476190476,77.45
3073,48,1,13.066190476190476,77.4552380952381
3074,48,2,13.066190476190476,77.4604761904762
3075,48,3,13.066190476190476,77.46571428571428
3076,48,4,13.066190476190476,77.47095238095238
3077,48,5,13.066190476190476,77.47619047619048
3078,48,6,13.066190476190476,77.48142857142858
3079,48,7,13.066190476190476,77.48666666666666
3080,48,8,13.066190476190476,77.49190476190476
3081,48,9,13.066190476190476,77.49714285714286
3082,48,10,13.066190476190476,77.50238095238096
3083,48,11,13.066190476190476,77.50761904761904
3084,48,12,13.066190476190476,77.51285714285714
3085,48,13,13.066190476190476,77.51809523809524
3086,48,14,13.066190476190476,77.52333333333334
3087,48,15,13.066190476190476,77.52857142857142
3088,48,16,13.066190476190476,77.53380952380952
3089,48,17,13.066190476190476,77.53904761904762
3090,48,18,13.066190476190476,77.54428571428572
3091,48,19,13.066190476190476,77.5495238095238
3092,48,20,13.066190476190476,77.5547619047619
3093,48,21,13.066190476190476,77.56
3094,48,22,13.066190476190476,77.5652380952381
3095,48,23,13.066190476190476,77.5704761904762
3096,48,24,13.066190476190476,77.57571428571428
3097,48,25,13.066190476190476,77.58095238095238
3098,48,26,13.066190476190476,77.58619047619048
3099,48,27,13.066190476190476,77.59142857142858
3100,48,28,13.066190476190476,77.59666666666666
3101,48,29,13.066190476190476,77.60190476190476
3102,48,30,13.066190476190476,77.60714285714286
3103,48,31,13.066190476190476,77.61238095238096
3104,48,32,13.066190476190476,77.61761904761904
3105,48,33,13.066190476190476,77.62285714285714
3106,48,34,13.066190476190476,77.62809523809524
3107,48,35,13.066190476190476,77.63333333333334
3108,48,36,13.066190476190476,77.63857142857142
3109,48,37,13.066190476190476,77.64380952380952
3110,48,38,13.066190476190476,77.64904761904762
3111,48,39,13.066190476190476,77.65428571428572
3112,48,40,13.066190476190476,77.6595238095238
3113,48,41,13.066190476190476,77.6647619047619
3114,48,42,13.066190476190476,77.67
3115,48,43,13.066190476190476,77.6752380952381
3116,48,44,13.066190476190476,77.6804761904762
3117,48,45,13.066190476190476,77.68571428571428
3118,48,46,13.066190476190476,77.69095238095238
3119,48,47,13.066190476190476,77.69619047619048
3120,48,48,13.066190476190476,77.70142857142858
3121,48,49,13.066190476190476,77.70666666666666
3122,48,50,13.066190476190476,77.71190476190476
3123,48,51,13.066190476190476,77.71714285714286
3124,48,52,13.066190476190476,77.72238095238096
3125,48,53,13.066190476190476,77.72761904761904
3126,48,54,13.066190476190476,77.73285714285714
3127,48,55,13.066190476190476,77.73809523809524
3128,48,56,13.066190476190476,77.74333333333334
3129,48,57,13.066190476190476,77.74857142857142
3130,48,58,13.066190476190476,77.75380952380952
3131,48,59,13.066190476190476,77.75904761904762
3132,48,60,13.066190476190476,77.76428571428572
3133,48,61,13.066190476190476,77.7695238095238
3134,48,62,13.066190476190476,77.7747619047619
3135,48,63,13.066190476190476,77.78
3136,49,0,13.071111111111112,77.45
3137,49,1,13.071111111111112,77.4552380952381
3138,49,2,13.071111111111112,77.4604761904762
3139,49,3,13.071111111111112,77.46571428571428
3140,49,4,13.071111111111112,77.47095238095238
3141,49,5,13.071111111111112,77.47619047619048
3142,49,6,13.071111111111112,77.48142857142858
3143,49,7,13.071111111111112,77.48666666666666
3144,49,8,13.071111111111112,77.49190476190476
3145,49,9,13.071111111111112,77.49714285714286
3146,49,10,13.071111111111112,77.50238095238096
3147,49,11,13.071111111111112,77.50761904761904
3148,49,12,13.071111111111112,77.51285714285714
3149,49,13,13.071111111111112,77.51809523809524
3150,49,14,13.071111111111112,77.52333333333334
3151,49,15,13.071111111111112,77.52857142857142
3152,49,16,13.071111111111112,77.53380952380952
3153,49,17,13.071111111111112,77.53904761904762
3154,49,18,13.071111111111112,77.54428571428572
3155,49,19,13.071111111111112,77.5495238095238
3156,49,20,13.071111111111112,77.5547619047619
3157,49,21,13.071111111111112,77.56
3158,49,22,13.071111111111112,77.5652380952381
3159,49,23,13.071111111111112,77.5704761904762
3160,49,24,13.071111111111112,77.57571428571428
3161,49,25,13.071111111111112,77.58095238095238
3162,49,26,13.071111111111112,77.58619047619048
3163,49,27,13.071111111111112,77.59142857142858
3164,49,28,13.071111111111112,77.59666666666666
3165,49,29,13.071111111111112,77.60190476190476
3166,49,30,13.071111111111112,77.60714285714286
3167,49,31,13.071111111111112,77.61238095238096
3168,49,32,13.071111111111112,77.61761904761904
3169,49,33,13.071111111111112,77.62285714285714
3170,49,34,13.071111111111112,77.62809523809524
3171,49,35,13.071111111111112,77.63333333333334
3172,49,36,13.071111111111112,77.63857142857142
3173,49,37,13.071111111111112,77.64380952380952
3174,49,38,13.071111111111112,77.64904761904762
3175,49,39,13.071111111111112,77.65428571428572
3176,49,40,13.071111111111112,77.6595238095238
3177,49,41,13.071111111111112,77.6647619047619
3178,49,42,13.071111111111112,77.67
3179,49,43,13.071111111111112,77.6752380952381
3180,49,44,13.071111111111112,77.6804761904762
3181,49,45,13.071111111111112,77.68571428571428
3182,49,46,13.071111111111112,77.69095238095238
3183,49,47,13.071111111111112,77.69619047619048
3184,49,48,13.071111111111112,77.70142857142858
3185,49,49,13.071111111111112,77.70666666666666
3186,49,50,13.071111111111112,77.71190476190476
3187,49,51,13.071111111111112,77.71714285714286
3188,49,52,13.071111111111112,77.72238095238096
3189,49,53,13.071111111111112,77.72761904761904
3190,49,54,13.071111111111112,77.73285714285714
3191,49,55,13.071111111111112,77.73809523809524
3192,49,56,13.071111111111112,77.74333333333334
3193,49,57,13.071111111111112,77.74857142857142
3194,49,58,13.071111111111112,77.75380952380952
3195,49,59,13.071111111111112,77.75904761904762
3196,49,60,13.071111111111112,77.76428571428572
3197,49,61,13.071111111111112,77.7695238095238
3198,49,62,13.071111111111112,77.7747619047619
3199,49,63,13.071111111111112,77.78
3200,50,0,13.076031746031747,77.45
3201,50,1,13.076031746031747,77.4552380952381
3202,50,2,13.076031746031747,77.4604761904762
3203,50,3,13.076031746031747,77.46571428571428
3204,50,4,13.076031746031747,77.47095238095238
3205,50,5,13.076031746031747,77.47619047619048
3206,50,6,13.076031746031747,77.48142857142858
3207,50,7,13.076031746031747,77.48666666666666
3208,50,8,13.076031746031747,77.49190476190476
3209,50,9,13.076031746031747,77.49714285714286
3210,50,10,13.076031746031747,77.50238095238096
3211,50,11,13.076031746031747,77.50761904761904
3212,50,12,13.076031746031747,77.51285714285714
3213,50,13,13.076031746031747,77.51809523809524
3214,50,14,13.076031746031747,77.52333333333334
3215,50,15,13.076031746031747,77.52857142857142
3216,50,16,13.076031746031747,77.53380952380952
3217,50,17,13.076031746031747,77.53904761904762
3218,50,18,13.076031746031747,77.54428571428572
3219,50,19,13.076031746031747,77.5495238095238
3220,50,20,13.076031746031747,77.5547619047619
3221,50,21,13.076031746031747,77.56
3222,50,22,13.076031746031747,77.5652380952381
3223,50,23,13.076031746031747,77.5704761904762
3224,50,24,13.076031746031747,77.57571428571428
3225,50,25,13.076031746031747,77.58095238095238
3226,50,26,13.076031746031747,77.58619047619048
3227,50,27,13.076031746031747,77.59142857142858
3228,50,28,13.076031746031747,77.59666666666666
3229,50,29,13.076031746031747,77.60190476190476
3230,50,30,13.076031746031747,77.60714285714286
3231,50,31,13.076031746031747,77.61238095238096
3232,50,32,13.076031746031747,77.61761904761904
3233,50,33,13.076031746031747,77.62285714285714
3234,50,34,13.076031746031747,77.62809523809524
3235,50,35,13.076031746031747,77.63333333333334
3236,50,36,13.076031746031747,77.63857142857142
3237,50,37,13.076031746031747,77.64380952380952
3238,50,38,13.076031746031747,77.64904761904762
3239,50,39,13.076031746031747,77.65428571428572
3240,50,40,13.076031746031747,77.6595238095238
3241,50,41,13.076031746031747,77.6647619047619
3242,50,42,13.076031746031747,77.67
3243,50,43,13.076031746031747,77.6752380952381
3244,50,44,13.076031746031747,77.6804761904762
3245,50,45,13.076031746031747,77.68571428571428
3246,50,46,13.076031746031747,77.69095238095238
3247,50,47,13.076031746031747,77.69619047619048
3248,50,48,13.076031746031747,77.70142857142858
3249,50,49,13.076031746031747,77.70666666666666
3250,50,50,13.076031746031747,77.71190476190476
3251,50,51,13.076031746031747,77.71714285714286
3252,50,52,13.076031746031747,77.72238095238096
3253,50,53,13.076031746031747,77.72761904761904
3254,50,54,13.076031746031747,77.73285714285714
3255,50,55,13.076031746031747,77.73809523809524
3256,50,56,13.076031746031747,77.74333333333334
3257,50,57,13.076031746031747,77.74857142857142
3258,50,58,13.076031746031747,77.75380952380952
3259,50,59,13.076031746031747,77.75904761904762
3260,50,60,13.076031746031747,77.76428571428572
3261,50,61,13.076031746031747,77.7695238095238
3262,50,62,13.076031746031747,77.7747619047619
3263,50,63,13.076031746031747,77.78
3264,51,0,13.08095238095238,77.45
3265,51,1,13.08095238095238,77.4552380952381
3266,51,2,13.08095238095238,77.4604761904762
3267,51,3,13.08095238095238,77.46571428571428
3268,51,4,13.08095238095238,77.47095238095238
3269,51,5,13.08095238095238,77.47619047619048
3270,51,6,13.08095238095238,77.48142857142858
3271,51,7,13.08095238095238,77.48666666666666
3272,51,8,13.08095238095238,77.49190476190476
3273,51,9,13.08095238095238,77.49714285714286
3274,51,10,13.08095238095238,77.50238095238096
3275,51,11,13.08095238095238,77.50761904761904
3276,51,12,13.08095238095238,77.51285714285714
3277,51,13,13.08095238095238,77.51809523809524
3278,51,14,13.08095238095238,77.52333333333334
3279,51,15,13.08095238095238,77.52857142857142
3280,51,16,13.08095238095238,77.53380952380952
3281,51,17,13.08095238095238,77.53904761904762
3282,51,18,13.08095238095238,77.54428571428572
3283,51,19,13.08095238095238,77.5495238095238
3284,51,20,13.08095238095238,77.5547619047619
3285,51,21,13.08095238095238,77.56
3286,51,22,13.08095238095238,77.5652380952381
3287,51,23,13.08095238095238,77.5704761904762
3288,51,24,13.08095238095238,77.57571428571428
3289,51,25,13.08095238095238,77.58095238095238
3290,51,26,13.08095238095238,77.58619047619048
3291,51,27,13.08095238095238,77.59142857142858
3292,51,28,13.08095238095238,77.59666666666666
3293,51,29,13.08095238095238,77.60190476190476
3294,51,30,13.08095238095238,77.60714285714286
3295,51,31,13.08095238095238,77.61238095238096
3296,51,32,13.08095238095238,77.61761904761904
3297,51,33,13.08095238095238,77.62285714285714
3298,51,34,13.08095238095238,77.62809523809524
3299,51,35,13.08095238095238,77.63333333333334
3300,51,36,13.08095238095238,77.63857142857142
3301,51,37,13.08095238095238,77.64380952380952
3302,51,38,13.08095238095238,77.64904761904762
3303,51,39,13.08095238095238,77.65428571428572
3304,51,40,13.08095238095238,77.6595238095238
3305,51,41,13.08095238095238,77.6647619047619
3306,51,42,13.08095238095238,77.67
3307,51,43,13.08095238095238,77.6752380952381
3308,51,44,13.08095238095238,77.6804761904762
3309,51,45,13.08095238095238,77.68571428571428
3310,51,46,13.08095238095238,77.69095238095238
3311,51,47,13.08095238095238,77.69619047619048
3312,51,48,13.08095238095238,77.70142857142858
3313,51,49,13.08095238095238,77.70666666666666
3314,51,50,13.08095238095238,77.71190476190476
3315,51,51,13.08095238095238,77.71714285714286
3316,51,52,13.08095238095238,77.72238095238096
3317,51,53,13.08095238095238,77.72761904761904
3318,51,54,13.08095238095238,77.73285714285714
3319,51,55,13.08095238095238,77.73809523809524
3320,51,56,13.08095238095238,77.74333333333334
3321,51,57,13.08095238095238,77.74857142857142
3322,51,58,13.08095238095238,77.75380952380952
3323,51,59,13.08095238095238,77.75904761904762
3324,51,60,13.08095238095238,77.76428571428572
3325,51,61,13.08095238095238,77.7695238095238
3326,51,62,13.08095238095238,77.7747619047619
3327,51,63,13.08095238095238,77.78
3328,52,0,13.085873015873016,77.45
3329,52,1,13.085873015873016,77.4552380952381
3330,52,2,13.085873015873016,77.4604761904762
3331,52,3,13.085873015873016,77.46571428571428
3332,52,4,13.085873015873016,77.47095238095238
3333,52,5,13.085873015873016,77.47619047619048
3334,52,6,13.085873015873016,77.48142857142858
3335,52,7,13.085873015873016,77.48666666666666
3336,52,8,13.085873015873016,77.49190476190476
3337,52,9,13.085873015873016,77.49714285714286
3338,52,10,13.085873015873016,77.50238095238096
3339,52,11,13.085873015873016,77.50761904761904
3340,52,12,13.085873015873016,77.51285714285714
3341,52,13,13.085873015873016,77.51809523809524
3342,52,14,13.085873015873016,77.52333333333334
3343,52,15,13.085873015873016,77.52857142857142
3344,52,16,13.085873015873016,77.53380952380952
3345,52,17,13.085873015873016,77.53904761904762
3346,52,18,13.085873015873016,77.54428571428572
3347,52,19,13.085873015873016,77.5495238095238
3348,52,20,13.085873015873016,77.5547619047619
3349,52,21,13.085873015873016,77.56
3350,52,22,13.085873015873016,77.5652380952381
3351,52,23,13.085873015873016,77.5704761904762
3352,52,24,13.085873015873016,77.57571428571428
3353,52,25,13.085873015873016,77.58095238095238
3354,52,26,13.085873015873016,77.58619047619048
3355,52,27,13.085873015873016,77.59142857142858
3356,52,28,13.085873015873016,77.59666666666666
3357,52,29,13.085873015873016,77.60190476190476
3358,52,30,13.085873015873016,77.60714285714286
3359,52,31,13.085873015873016,77.61238095238096
3360,52,32,13.085873015873016,77.61761904761904
3361,52,33,13.085873015873016,77.62285714285714
3362,52,34,13.085873015873016,77.62809523809524
3363,52,35,13.085873015873016,77.63333333333334
3364,52,36,13.085873015873016,77.63857142857142
3365,52,37,13.085873015873016,77.64380952380952
3366,52,38,13.085873015873016,77.64904761904762
3367,52,39,13.085873015873016,77.65428571428572
3368,52,40,13.085873015873016,77.6595238095238
3369,52,41,13.085873015873016,77.6647619047619
3370,52,42,13.085873015873016,77.67
3371,52,43,13.085873015873016,77.6752380952381
3372,52,44,13.085873015873016,77.6804761904762
3373,52,45,13.085873015873016,77.68571428571428
3374,52,46,13.085873015873016,77.69095238095238
3375,52,47,13.085873015873016,77.69619047619048
3376,52,48,13.085873015873016,77.70142857142858
3377,52,49,13.085873015873016,77.70666666666666
3378,52,50,13.085873015873016,77.71190476190476
3379,52,51,13.085873015873016,77.71714285714286
3380,52,52,13.085873015873016,77.72238095238096
3381,52,53,13.085873015873016,77.72761904761904
3382,52,54,13.085873015873016,77.73285714285714
3383,52,55,13.085873015873016,77.73809523809524
3384,52,56,13.085873015873016,77.74333333333334
3385,52,57,13.085873015873016,77.74857142857142
3386,52,58,13.085873015873016,77.75380952380952
3387,52,59,13.085873015873016,77.75904761904762
3388,52,60,13.085873015873016,77.76428571428572
3389,52,61,13.085873015873016,77.7695238095238
3390,52,62,13.085873015873016,77.7747619047619
3391,52,63,13.085873015873016,77.78
3392,53,0,13.090793650793652,77.45
3393,53,1,13.090793650793652,77.4552380952381
3394,53,2,13.090793650793652,77.4604761904762
3395,53,3,13.090793650793652,77.46571428571428
3396,53,4,13.090793650793652,77.47095238095238
3397,53,5,13.090793650793652,77.47619047619048
3398,53,6,13.090793650793652,77.48142857142858
3399,53,7,13.090793650793652,77.48666666666666
3400,53,8,13.090793650793652,77.49190476190476
3401,53,9,13.090793650793652,77.49714285714286
3402,53,10,13.090793650793652,77.50238095238096
3403,53,11,13.090793650793652,77.50761904761904
3404,53,12,13.090793650793652,77.51285714285714
3405,53,13,13.090793650793652,77.51809523809524
3406,53,14,13.090793650793652,77.52333333333334
3407,53,15,13.090793650793652,77.52857142857142
3408,53,16,13.090793650793652,77.53380952380952
3409,53,17,13.090793650793652,77.53904761904762
3410,53,18,13.090793650793652,77.54428571428572
3411,53,19,13.090793650793652,77.5495238095238
3412,53,20,13.090793650793652,77.5547619047619
3413,53,21,13.090793650793652,77.56
3414,53,22,13.090793650793652,77.5652380952381
3415,53,23,13.090793650793652,77.5704761904762
3416,53,24,13.090793650793652,77.57571428571428
3417,53,25,13.090793650793652,77.58095238095238
3418,53,26,13.090793650793652,77.58619047619048
3419,53,27,13.090793650793652,77.59142857142858
3420,53,28,13.090793650793652,77.59666666666666
3421,53,29,13.090793650793652,77.60190476190476
3422,53,30,13.090793650793652,77.60714285714286
3423,53,31,13.090793650793652,77.61238095238096
3424,53,32,13.090793650793652,77.61761904761904
3425,53,33,13.090793650793652,77.62285714285714
3426,53,34,13.090793650793652,77.62809523809524
3427,53,35,13.090793650793652,77.63333333333334
3428,53,36,13.090793650793652,77.63857142857142
3429,53,37,13.090793650793652,77.64380952380952
3430,53,38,13.090793650793652,77.64904761904762
3431,53,39,13.090793650793652,77.65428571428572
3432,53,40,13.090793650793652,77.6595238095238
3433,53,41,13.090793650793652,77.6647619047619
3434,53,42,13.090793650793652,77.67
3435,53,43,13.090793650793652,77.6752380952381
3436,53,44,13.090793650793652,77.6804761904762
3437,53,45,13.090793650793652,77.68571428571428
3438,53,46,13.090793650793652,77.69095238095238
3439,53,47,13.090793650793652,77.69619047619048
3440,53,48,13.090793650793652,77.70142857142858
3441,53,49,13.090793650793652,77.70666666666666
3442,53,50,13.090793650793652,77.71190476190476
3443,53,51,13.090793650793652,77.71714285714286
3444,53,52,13.090793650793652,77.72238095238096
3445,53,53,13.090793650793652,77.72761904761904
3446,53,54,13.090793650793652,77.73285714285714
3447,53,55,13.090793650793652,77.73809523809524
3448,53,56,13.090793650793652,77.74333333333334
3449,53,57,13.090793650793652,77.74857142857142
3450,53,58,13.090793650793652,77.75380952380952
3451,53,59,13.090793650793652,77.75904761904762
3452,53,60,13.090793650793652,77.76428571428572
3453,53,61,13.090793650793652,77.7695238095238
3454,53,62,13.090793650793652,77.7747619047619
3455,53,63,13.090793650793652,77.78
3456,54,0,13.095714285714287,77.45
3457,54,1,13.095714285714287,77.4552380952381
3458,54,2,13.095714285714287,77.4604761904762
3459,54,3,13.095714285714287,77.46571428571428
3460,54,4,13.095714285714287,77.47095238095238
3461,54,5,13.095714285714287,77.47619047619048
3462,54,6,13.095714285714287,77.48142857142858
3463,54,7,13.095714285714287,77.48666666666666
3464,54,8,13.095714285714287,77.49190476190476
3465,54,9,13.095714285714287,77.49714285714286
3466,54,10,13.095714285714287,77.50238095238096
3467,54,11,13.095714285714287,77.50761904761904
3468,54,12,13.095714285714287,77.51285714285714
3469,54,13,13.095714285714287,77.51809523809524
3470,54,14,13.095714285714287,77.52333333333334
3471,54,15,13.095714285714287,77.52857142857142
3472,54,16,13.095714285714287,77.53380952380952
3473,54,17,13.095714285714287,77.53904761904762
3474,54,18,13.095714285714287,77.54428571428572
3475,54,19,13.095714285714287,77.5495238095238
3476,54,20,13.095714285714287,77.5547619047619
3477,54,21,13.095714285714287,77.56
3478,54,22,13.095714285714287,77.5652380952381
3479,54,23,13.095714285714287,77.5704761904762
3480,54,24,13.095714285714287,77.57571428571428
3481,54,25,13.095714285714287,77.58095238095238
3482,54,26,13.095714285714287,77.58619047619048
3483,54,27,13.095714285714287,77.59142857142858
3484,54,28,13.095714285714287,77.59666666666666
3485,54,29,13.095714285714287,77.60190476190476
3486,54,30,13.095714285714287,77.60714285714286
3487,54,31,13.095714285714287,77.61238095238096
3488,54,32,13.095714285714287,77.61761904761904
3489,54,33,13.095714285714287,77.62285714285714
3490,54,34,13.095714285714287,77.62809523809524
3491,54,35,13.095714285714287,77.63333333333334
3492,54,36,13.095714285714287,77.63857142857142
3493,54,37,13.095714285714287,77.64380952380952
3494,54,38,13.095714285714287,77.64904761904762
3495,54,39,13.095714285714287,77.65428571428572
3496,54,40,13.095714285714287,77.6595238095238
3497,54,41,13.095714285714287,77.6647619047619
3498,54,42,13.095714285714287,77.67
3499,54,43,13.095714285714287,77.6752380952381
3500,54,44,13.095714285714287,77.6804761904762
3501,54,45,13.095714285714287,77.68571428571428
3502,54,46,13.095714285714287,77.69095238095238
3503,54,47,13.095714285714287,77.69619047619048
3504,54,48,13.095714285714287,77.70142857142858
3505,54,49,13.095714285714287,77.70666666666666
3506,54,50,13.095714285714287,77.71190476190476
3507,54,51,13.095714285714287,77.71714285714286
3508,54,52,13.095714285714287,77.72238095238096
3509,54,53,13.095714285714287,77.72761904761904
3510,54,54,13.095714285714287,77.73285714285714
3511,54,55,13.095714285714287,77.73809523809524
3512,54,56,13.095714285714287,77.74333333333334
3513,54,57,13.095714285714287,77.74857142857142
3514,54,58,13.095714285714287,77.75380952380952
3515,54,59,13.095714285714287,77.75904761904762
3516,54,60,13.095714285714287,77.76428571428572
3517,54,61,13.095714285714287,77.7695238095238
3518,54,62,13.095714285714287,77.7747619047619
3519,54,63,13.095714285714287,77.78
3520,55,0,13.10063492063492,77.45
3521,55,1,13.10063492063492,77.4552380952381
3522,55,2,13.10063492063492,77.4604761904762
3523,55,3,13.10063492063492,77.46571428571428
3524,55,4,13.10063492063492,77.47095238095238
3525,55,5,13.10063492063492,77.47619047619048
3526,55,6,13.10063492063492,77.48142857142858
3527,55,7,13.10063492063492,77.48666666666666
3528,55,8,13.10063492063492,77.49190476190476
3529,55,9,13.10063492063492,77.49714285714286
3530,55,10,13.10063492063492,77.50238095238096
3531,55,11,13.10063492063492,77.50761904761904
3532,55,12,13.10063492063492,77.51285714285714
3533,55,13,13.10063492063492,77.51809523809524
3534,55,14,13.10063492063492,77.52333333333334
3535,55,15,13.10063492063492,77.52857142857142
3536,55,16,13.10063492063492,77.53380952380952
3537,55,17,13.10063492063492,77.53904761904762
3538,55,18,13.10063492063492,77.54428571428572
3539,55,19,13.10063492063492,77.5495238095238
3540,55,20,13.10063492063492,77.5547619047619
3541,55,21,13.10063492063492,77.56
3542,55,22,13.10063492063492,77.5652380952381
3543,55,23,13.10063492063492,77.5704761904762
3544,55,24,13.10063492063492,77.57571428571428
3545,55,25,13.10063492063492,77.58095238095238
3546,55,26,13.10063492063492,77.58619047619048
3547,55,27,13.10063492063492,77.59142857142858
3548,55,28,13.10063492063492,77.59666666666666
3549,55,29,13.10063492063492,77.60190476190476
3550,55,30,13.10063492063492,77.60714285714286
3551,55,31,13.10063492063492,77.61238095238096
3552,55,32,13.10063492063492,77.61761904761904
3553,55,33,13.10063492063492,77.62285714285714
3554,55,34,13.10063492063492,77.62809523809524
3555,55,35,13.10063492063492,77.63333333333334
3556,55,36,13.10063492063492,77.63857142857142
3557,55,37,13.10063492063492,77.64380952380952
3558,55,38,13.10063492063492,77.64904761904762
3559,55,39,13.10063492063492,77.65428571428572
3560,55,40,13.10063492063492,77.6595238095238
3561,55,41,13.10063492063492,77.6647619047619
3562,55,42,13.10063492063492,77.67
3563,55,43,13.10063492063492,77.6752380952381
3564,55,44,13.10063492063492,77.6804761904762
3565,55,45,13.10063492063492,77.68571428571428
3566,55,46,13.10063492063492,77.69095238095238
3567,55,47,13.10063492063492,77.69619047619048
3568,55,48,13.10063492063492,77.70142857142858
3569,55,49,13.10063492063492,77.70666666666666
3570,55,50,13.10063492063492,77.71190476190476
3571,55,51,13.10063492063492,77.71714285714286
3572,55,52,13.10063492063492,77.72238095238096
3573,55,53,13.10063492063492,77.72761904761904
3574,55,54,13.10063492063492,77.73285714285714
3575,55,55,13.10063492063492,77.73809523809524
3576,55,56,13.10063492063492,77.74333333333334
3577,55,57,13.10063492063492,77.74857142857142
3578,55,58,13.10063492063492,77.75380952380952
3579,55,59,13.10063492063492,77.75904761904762
3580,55,60,13.10063492063492,77.76428571428572
3581,55,61,13.10063492063492,77.7695238095238
3582,55,62,13.10063492063492,77.7747619047619
3583,55,63,13.10063492063492,77.78
3584,56,0,13.105555555555556,77.45
3585,56,1,13.105555555555556,77.4552380952381
3586,56,2,13.105555555555556,77.4604761904762
3587,56,3,13.105555555555556,77.46571428571428
3588,56,4,13.105555555555556,77.47095238095238
3589,56,5,13.105555555555556,77.47619047619048
3590,56,6,13.105555555555556,77.48142857142858
3591,56,7,13.105555555555556,77.48666666666666
3592,56,8,13.105555555555556,77.49190476190476
3593,56,9,13.105555555555556,77.49714285714286
3594,56,10,13.105555555555556,77.50238095238096
3595,56,11,13.105555555555556,77.50761904761904
3596,56,12,13.105555555555556,77.51285714285714
3597,56,13,13.105555555555556,77.51809523809524
3598,56,14,13.105555555555556,77.52333333333334
3599,56,15,13.105555555555556,77.52857142857142
3600,56,16,13.105555555555556,77.53380952380952
3601,56,17,13.105555555555556,77.53904761904762
3602,56,18,13.105555555555556,77.54428571428572
3603,56,19,13.105555555555556,77.5495238095238
3604,56,20,13.105555555555556,77.5547619047619
3605,56,21,13.105555555555556,77.56
3606,56,22,13.105555555555556,77.5652380952381
3607,56,23,13.105555555555556,77.5704761904762
3608,56,24,13.105555555555556,77.57571428571428
3609,56,25,13.105555555555556,77.58095238095238
3610,56,26,13.105555555555556,77.58619047619048
3611,56,27,13.105555555555556,77.59142857142858
3612,56,28,13.105555555555556,77.59666666666666
3613,56,29,13.105555555555556,77.60190476190476
3614,56,30,13.105555555555556,77.60714285714286
3615,56,31,13.105555555555556,77.61238095238096
3616,56,32,13.105555555555556,77.61761904761904
3617,56,33,13.105555555555556,77.62285714285714
3618,56,34,13.105555555555556,77.62809523809524
3619,56,35,13.105555555555556,77.63333333333334
3620,56,36,13.105555555555556,77.63857142857142
3621,56,37,13.105555555555556,77.64380952380952
3622,56,38,13.105555555555556,77.64904761904762
3623,56,39,13.105555555555556,77.65428571428572
3624,56,40,13.105555555555556,77.6595238095238
3625,56,41,13.105555555555556,77.6647619047619
3626,56,42,13.105555555555556,77.67
3627,56,43,13.105555555555556,77.6752380952381
3628,56,44,13.105555555555556,77.6804761904762
3629,56,45,13.105555555555556,77.68571428571428
3630,56,46,13.105555555555556,77.69095238095238
3631,56,47,13.105555555555556,77.69619047619048
3632,56,48,13.105555555555556,77.70142857142858
3633,56,49,13.105555555555556,77.70666666666666
3634,56,50,13.105555555555556,77.71190476190476
3635,56,51,13.105555555555556,77.71714285714286
3636,56,52,13.105555555555556,77.72238095238096
3637,56,53,13.105555555555556,77.72761904761904
3638,56,54,13.105555555555556,77.73285714285714
3639,56,55,13.105555555555556,77.73809523809524
3640,56,56,13.105555555555556,77.74333333333334
3641,56,57,13.105555555555556,77.74857142857142
3642,56,58,13.105555555555556,77.75380952380952
3643,56,59,13.105555555555556,77.75904761904762
3644,56,60,13.105555555555556,77.76428571428572
3645,56,61,13.105555555555556,77.7695238095238
3646,56,62,13.105555555555556,77.7747619047619
3647,56,63,13.105555555555556,77.78
3648,57,0,13.110476190476192,77.45
3649,57,1,13.110476190476192,77.4552380952381
3650,57,2,13.110476190476192,77.4604761904762
3651,57,3,13.110476190476192,77.46571428571428
3652,57,4,13.110476190476192,77.47095238095238
3653,57,5,13.110476190476192,77.47619047619048
3654,57,6,13.110476190476192,77.48142857142858
3655,57,7,13.110476190476192,77.48666666666666
3656,57,8,13.110476190476192,77.49190476190476
3657,57,9,13.110476190476192,77.49714285714286
3658,57,10,13.110476190476192,77.50238095238096
3659,57,11,13.110476190476192,77.50761904761904
3660,57,12,13.110476190476192,77.51285714285714
3661,57,13,13.110476190476192,77.51809523809524
3662,57,14,13.110476190476192,77.52333333333334
3663,57,15,13.110476190476192,77.52857142857142
3664,57,16,13.110476190476192,77.53380952380952
3665,57,17,13.110476190476192,77.53904761904762
3666,57,18,13.110476190476192,77.54428571428572
3667,57,19,13.110476190476192,77.5495238095238
3668,57,20,13.110476190476192,77.5547619047619
3669,57,21,13.110476190476192,77.56
3670,57,22,13.110476190476192,77.5652380952381
3671,57,23,13.110476190476192,77.5704761904762
3672,57,24,13.110476190476192,77.57571428571428
3673,57,25,13.110476190476192,77.58095238095238
3674,57,26,13.110476190476192,77.58619047619048
3675,57,27,13.110476190476192,77.59142857142858
3676,57,28,13.110476190476192,77.59666666666666
3677,57,29,13.110476190476192,77.60190476190476
3678,57,30,13.110476190476192,77.60714285714286
3679,57,31,13.110476190476192,77.61238095238096
3680,57,32,13.110476190476192,77.61761904761904
3681,57,33,13.110476190476192,77.62285714285714
3682,57,34,13.110476190476192,77.62809523809524
3683,57,35,13.110476190476192,77.63333333333334
3684,57,36,13.110476190476192,77.63857142857142
3685,57,37,13.110476190476192,77.64380952380952
3686,57,38,13.110476190476192,77.64904761904762
3687,57,39,13.110476190476192,77.65428571428572
3688,57,40,13.110476190476192,77.6595238095238
3689,57,41,13.110476190476192,77.6647619047619
3690,57,42,13.110476190476192,77.67
3691,57,43,13.110476190476192,77.6752380952381
3692,57,44,13.110476190476192,77.6804761904762
3693,57,45,13.110476190476192,77.68571428571428
3694,57,46,13.110476190476192,77.69095238095238
3695,57,47,13.110476190476192,77.69619047619048
3696,57,48,13.110476190476192,77.70142857142858
3697,57,49,13.110476190476192,77.70666666666666
3698,57,50,13.110476190476192,77.71190476190476
3699,57,51,13.110476190476192,77.71714285714286
3700,57,52,13.110476190476192,77.72238095238096
3701,57,53,13.110476190476192,77.72761904761904
3702,57,54,13.110476190476192,77.73285714285714
3703,57,55,13.110476190476192,77.73809523809524
3704,57,56,13.110476190476192,77.74333333333334
3705,57,57,13.110476190476192,77.74857142857142
3706,57,58,13.110476190476192,77.75380952380952
3707,57,59,13.110476190476192,77.75904761904762
3708,57,60,13.110476190476192,77.76428571428572
3709,57,61,13.110476190476192,77.7695238095238
3710,57,62,13.110476190476192,77.7747619047619
3711,57,63,13.110476190476192,77.78
3712,58,0,13.115396825396825,77.45
3713,58,1,13.115396825396825,77.4552380952381
3714,58,2,13.115396825396825,77.4604761904762
3715,58,3,13.115396825396825,77.46571428571428
3716,58,4,13.115396825396825,77.47095238095238
3717,58,5,13.115396825396825,77.47619047619048
3718,58,6,13.115396825396825,77.48142857142858
3719,58,7,13.115396825396825,77.48666666666666
3720,58,8,13.115396825396825,77.49190476190476
3721,58,9,13.115396825396825,77.49714285714286
3722,58,10,13.115396825396825,77.50238095238096
3723,58,11,13.115396825396825,77.50761904761904
3724,58,12,13.115396825396825,77.51285714285714
3725,58,13,13.115396825396825,77.51809523809524
3726,58,14,13.115396825396825,77.52333333333334
3727,58,15,13.115396825396825,77.52857142857142
3728,58,16,13.115396825396825,77.53380952380952
3729,58,17,13.115396825396825,77.53904761904762
3730,58,18,13.115396825396825,77.54428571428572
3731,58,19,13.115396825396825,77.5495238095238
3732,58,20,13.115396825396825,77.5547619047619
3733,58,21,13.115396825396825,77.56
3734,58,22,13.115396825396825,77.5652380952381
3735,58,23,13.115396825396825,77.5704761904762
3736,58,24,13.115396825396825,77.57571428571428
3737,58,25,13.115396825396825,77.58095238095238
3738,58,26,13.115396825396825,77.58619047619048
3739,58,27,13.115396825396825,77.59142857142858
3740,58,28,13.115396825396825,77.59666666666666
3741,58,29,13.115396825396825,77.60190476190476
3742,58,30,13.115396825396825,77.60714285714286
3743,58,31,13.115396825396825,77.61238095238096
3744,58,32,13.115396825396825,77.61761904761904
3745,58,33,13.115396825396825,77.62285714285714
3746,58,34,13.115396825396825,77.62809523809524
3747,58,35,13.115396825396825,77.63333333333334
3748,58,36,13.115396825396825,77.63857142857142
3749,58,37,13.115396825396825,77.64380952380952
3750,58,38,13.115396825396825,77.64904761904762
3751,58,39,13.115396825396825,77.65428571428572
3752,58,40,13.115396825396825,77.6595238095238
3753,58,41,13.115396825396825,77.6647619047619
3754,58,42,13.115396825396825,77.67
3755,58,43,13.115396825396825,77.6752380952381
3756,58,44,13.115396825396825,77.6804761904762
3757,58,45,13.115396825396825,77.68571428571428
3758,58,46,13.115396825396825,77.69095238095238
3759,58,47,13.115396825396825,77.69619047619048
3760,58,48,13.115396825396825,77.70142857142858
3761,58,49,13.115396825396825,77.70666666666666
3762,58,50,13.115396825396825,77.71190476190476
3763,58,51,13.115396825396825,77.71714285714286
3764,58,52,13.115396825396825,77.72238095238096
3765,58,53,13.115396825396825,77.72761904761904
3766,58,54,13.115396825396825,77.73285714285714
3767,58,55,13.115396825396825,77.73809523809524
3768,58,56,13.115396825396825,77.74333333333334
3769,58,57,13.115396825396825,77.74857142857142
3770,58,58,13.115396825396825,77.75380952380952
3771,58,59,13.115396825396825,77.75904761904762
3772,58,60,13.115396825396825,77.76428571428572
3773,58,61,13.115396825396825,77.7695238095238
3774,58,62,13.115396825396825,77.7747619047619
3775,58,63,13.115396825396825,77.78
3776,59,0,13.12031746031746,77.45
3777,59,1,13.12031746031746,77.4552380952381
3778,59,2,13.12031746031746,77.4604761904762
3779,59,3,13.12031746031746,77.46571428571428
3780,59,4,13.12031746031746,77.47095238095238
3781,59,5,13.12031746031746,77.47619047619048
3782,59,6,13.12031746031746,77.48142857142858
3783,59,7,13.12031746031746,77.48666666666666
3784,59,8,13.12031746031746,77.49190476190476
3785,59,9,13.12031746031746,77.49714285714286
3786,59,10,13.12031746031746,77.50238095238096
3787,59,11,13.12031746031746,77.50761904761904
3788,59,12,13.12031746031746,77.51285714285714
3789,59,13,13.12031746031746,77.51809523809524
3790,59,14,13.12031746031746,77.52333333333334
3791,59,15,13.12031746031746,77.52857142857142
3792,59,16,13.12031746031746,77.53380952380952
3793,59,17,13.12031746031746,77.53904761904762
3794,59,18,13.12031746031746,77.54428571428572
3795,59,19,13.12031746031746,77.5495238095238
3796,59,20,13.12031746031746,77.5547619047619
3797,59,21,13.12031746031746,77.56
3798,59,22,13.12031746031746,77.5652380952381
3799,59,23,13.12031746031746,77.5704761904762
3800,59,24,13.12031746031746,77.57571428571428
3801,59,25,13.12031746031746,77.58095238095238
3802,59,26,13.12031746031746,77.58619047619048
3803,59,27,13.12031746031746,77.59142857142858
3804,59,28,13.12031746031746,77.59666666666666
3805,59,29,13.12031746031746,77.60190476190476
3806,59,30,13.12031746031746,77.60714285714286
3807,59,31,13.12031746031746,77.61238095238096
3808,59,32,13.12031746031746,77.61761904761904
3809,59,33,13.12031746031746,77.62285714285714
3810,59,34,13.12031746031746,77.62809523809524
3811,59,35,13.12031746031746,77.63333333333334
3812,59,36,13.12031746031746,77.63857142857142
3813,59,37,13.12031746031746,77.64380952380952
3814,59,38,13.12031746031746,77.64904761904762
3815,59,39,13.12031746031746,77.65428571428572
3816,59,40,13.12031746031746,77.6595238095238
3817,59,41,13.12031746031746,77.6647619047619
3818,59,42,13.12031746031746,77.67
3819,59,43,13.12031746031746,77.6752380952381
3820,59,44,13.12031746031746,77.6804761904762
3821,59,45,13.12031746031746,77.68571428571428
3822,59,46,13.12031746031746,77.69095238095238
3823,59,47,13.12031746031746,77.69619047619048
3824,59,48,13.12031746031746,77.70142857142858
3825,59,49,13.12031746031746,77.70666666666666
3826,59,50,13.12031746031746,77.71190476190476
3827,59,51,13.12031746031746,77.71714285714286
3828,59,52,13.12031746031746,77.72238095238096
3829,59,53,13.12031746031746,77.72761904761904
3830,59,54,13.12031746031746,77.73285714285714
3831,59,55,13.12031746031746,77.73809523809524
3832,59,56,13.12031746031746,77.74333333333334
3833,59,57,13.12031746031746,77.74857142857142
3834,59,58,13.12031746031746,77.75380952380952
3835,59,59,13.12031746031746,77.75904761904762
3836,59,60,13.12031746031746,77.76428571428572
3837,59,61,13.12031746031746,77.7695238095238
3838,59,62,13.12031746031746,77.7747619047619
3839,59,63,13.12031746031746,77.78
3840,60,0,13.125238095238096,77.45
3841,60,1,13.125238095238096,77.4552380952381
3842,60,2,13.125238095238096,77.4604761904762
3843,60,3,13.125238095238096,77.46571428571428
3844,60,4,13.125238095238096,77.47095238095238
3845,60,5,13.125238095238096,77.47619047619048
3846,60,6,13.125238095238096,77.48142857142858
3847,60,7,13.125238095238096,77.48666666666666
3848,60,8,13.125238095238096,77.49190476190476
3849,60,9,13.125238095238096,77.49714285714286
3850,60,10,13.125238095238096,77.50238095238096
3851,60,11,13.125238095238096,77.50761904761904
3852,60,12,13.125238095238096,77.51285714285714
3853,60,13,13.125238095238096,77.51809523809524
3854,60,14,13.125238095238096,77.52333333333334
3855,60,15,13.125238095238096,77.52857142857142
3856,60,16,13.125238095238096,77.53380952380952
3857,60,17,13.125238095238096,77.53904761904762
3858,60,18,13.125238095238096,77.54428571428572
3859,60,19,13.125238095238096,77.5495238095238
3860,60,20,13.125238095238096,77.5547619047619
3861,60,21,13.125238095238096,77.56
3862,60,22,13.125238095238096,77.5652380952381
3863,60,23,13.125238095238096,77.5704761904762
3864,60,24,13.125238095238096,77.57571428571428
3865,60,25,13.125238095238096,77.58095238095238
3866,60,26,13.125238095238096,77.58619047619048
3867,60,27,13.125238095238096,77.59142857142858
3868,60,28,13.125238095238096,77.59666666666666
3869,60,29,13.125238095238096,77.60190476190476
3870,60,30,13.125238095238096,77.60714285714286
3871,60,31,13.125238095238096,77.61238095238096
3872,60,32,13.125238095238096,77.61761904761904
3873,60,33,13.125238095238096,77.62285714285714
3874,60,34,13.125238095238096,77.62809523809524
3875,60,35,13.125238095238096,77.63333333333334
3876,60,36,13.125238095238096,77.63857142857142
3877,60,37,13.125238095238096,77.64380952380952
3878,60,38,13.125238095238096,77.64904761904762
3879,60,39,13.125238095238096,77.65428571428572
3880,60,40,13.125238095238096,77.6595238095238
3881,60,41,13.125238095238096,77.6647619047619
3882,60,42,13.125238095238096,77.67
3883,60,43,13.125238095238096,77.6752380952381
3884,60,44,13.125238095238096,77.6804761904762
3885,60,45,13.125238095238096,77.68571428571428
3886,60,46,13.125238095238096,77.69095238095238
3887,60,47,13.125238095238096,77.69619047619048
3888,60,48,13.125238095238096,77.70142857142858
3889,60,49,13.125238095238096,77.70666666666666
3890,60,50,13.125238095238096,77.71190476190476
3891,60,51,13.125238095238096,77.71714285714286
3892,60,52,13.125238095238096,77.72238095238096
3893,60,53,13.125238095238096,77.72761904761904
3894,60,54,13.125238095238096,77.73285714285714
3895,60,55,13.125238095238096,77.73809523809524
3896,60,56,13.125238095238096,77.74333333333334
3897,60,57,13.125238095238096,77.74857142857142
3898,60,58,13.125238095238096,77.75380952380952
3899,60,59,13.125238095238096,77.75904761904762
3900,60,60,13.125238095238096,77.76428571428572
3901,60,61,13.125238095238096,77.7695238095238
3902,60,62,13.125238095238096,77.7747619047619
3903,60,63,13.125238095238096,77.78
3904,61,0,13.130158730158731,77.45
3905,61,1,13.130158730158731,77.4552380952381
3906,61,2,13.130158730158731,77.4604761904762
3907,61,3,13.130158730158731,77.46571428571428
3908,61,4,13.130158730158731,77.47095238095238
3909,61,5,13.130158730158731,77.47619047619048
3910,61,6,13.130158730158731,77.48142857142858
3911,61,7,13.130158730158731,77.48666666666666
3912,61,8,13.130158730158731,77.49190476190476
3913,61,9,13.130158730158731,77.49714285714286
3914,61,10,13.130158730158731,77.50238095238096
3915,61,11,13.130158730158731,77.50761904761904
3916,61,12,13.130158730158731,77.51285714285714
3917,61,13,13.130158730158731,77.51809523809524
3918,61,14,13.130158730158731,77.52333333333334
3919,61,15,13.130158730158731,77.52857142857142
3920,61,16,13.130158730158731,77.53380952380952
3921,61,17,13.130158730158731,77.53904761904762
3922,61,18,13.130158730158731,77.54428571428572
3923,61,19,13.130158730158731,77.5495238095238
3924,61,20,13.130158730158731,77.5547619047619
3925,61,21,13.130158730158731,77.56
3926,61,22,13.130158730158731,77.5652380952381
3927,61,23,13.130158730158731,77.5704761904762
3928,61,24,13.130158730158731,77.57571428571428
3929,61,25,13.130158730158731,77.58095238095238
3930,61,26,13.130158730158731,77.58619047619048
3931,61,27,13.130158730158731,77.59142857142858
3932,61,28,13.130158730158731,77.59666666666666
3933,61,29,13.130158730158731,77.60190476190476
3934,61,30,13.130158730158731,77.60714285714286
3935,61,31,13.130158730158731,77.61238095238096
3936,61,32,13.130158730158731,77.61761904761904
3937,61,33,13.130158730158731,77.62285714285714
3938,61,34,13.130158730158731,77.62809523809524
3939,61,35,13.130158730158731,77.63333333333334
3940,61,36,13.130158730158731,77.63857142857142
3941,61,37,13.130158730158731,77.64380952380952
3942,61,38,13.130158730158731,77.64904761904762
3943,61,39,13.130158730158731,77.65428571428572
3944,61,40,13.130158730158731,77.6595238095238
3945,61,41,13.130158730158731,77.6647619047619
3946,61,42,13.130158730158731,77.67
3947,61,43,13.130158730158731,77.6752380952381
3948,61,44,13.130158730158731,77.6804761904762
3949,61,45,13.130158730158731,77.68571428571428
3950,61,46,13.130158730158731,77.69095238095238
3951,61,47,13.130158730158731,77.69619047619048
3952,61,48,13.130158730158731,77.70142857142858
3953,61,49,13.130158730158731,77.70666666666666
3954,61,50,13.130158730158731,77.71190476190476
3955,61,51,13.130158730158731,77.71714285714286
3956,61,52,13.130158730158731,77.72238095238096
3957,61,53,13.130158730158731,77.72761904761904
3958,61,54,13.130158730158731,77.73285714285714
3959,61,55,13.130158730158731,77.73809523809524
3960,61,56,13.130158730158731,77.74333333333334
3961,61,57,13.130158730158731,77.74857142857142
3962,61,58,13.130158730158731,77.75380952380952
3963,61,59,13.130158730158731,77.75904761904762
3964,61,60,13.130158730158731,77.76428571428572
3965,61,61,13.130158730158731,77.7695238095238
3966,61,62,13.130158730158731,77.7747619047619
3967,61,63,13.130158730158731,77.78
3968,62,0,13.135079365079365,77.45
3969,62,1,13.135079365079365,77.4552380952381
3970,62,2,13.135079365079365,77.4604761904762
3971,62,3,13.135079365079365,77.46571428571428
3972,62,4,13.135079365079365,77.47095238095238
3973,62,5,13.135079365079365,77.47619047619048
3974,62,6,13.135079365079365,77.48142857142858
3975,62,7,13.135079365079365,77.48666666666666
3976,62,8,13.135079365079365,77.49190476190476
3977,62,9,13.135079365079365,77.49714285714286
3978,62,10,13.135079365079365,77.50238095238096
3979,62,11,13.135079365079365,77.50761904761904
3980,62,12,13.135079365079365,77.51285714285714
3981,62,13,13.135079365079365,77.51809523809524
3982,62,14,13.135079365079365,77.52333333333334
3983,62,15,13.135079365079365,77.52857142857142
3984,62,16,13.135079365079365,77.53380952380952
3985,62,17,13.135079365079365,77.53904761904762
3986,62,18,13.135079365079365,77.54428571428572
3987,62,19,13.135079365079365,77.5495238095238
3988,62,20,13.135079365079365,77.5547619047619
3989,62,21,13.135079365079365,77.56
3990,62,22,13.135079365079365,77.5652380952381
3991,62,23,13.135079365079365,77.5704761904762
3992,62,24,13.135079365079365,77.57571428571428
3993,62,25,13.135079365079365,77.58095238095238
3994,62,26,13.135079365079365,77.58619047619048
3995,62,27,13.135079365079365,77.59142857142858
3996,62,28,13.135079365079365,77.59666666666666
3997,62,29,13.135079365079365,77.60190476190476
3998,62,30,13.135079365079365,77.60714285714286
3999,62,31,13.135079365079365,77.61238095238096
4000,62,32,13.135079365079365,77.61761904761904
4001,62,33,13.135079365079365,77.62285714285714
4002,62,34,13.135079365079365,77.62809523809524
4003,62,35,13.135079365079365,77.63333333333334
4004,62,36,13.135079365079365,77.63857142857142
4005,62,37,13.135079365079365,77.64380952380952
4006,62,38,13.135079365079365,77.64904761904762
4007,62,39,13.135079365079365,77.65428571428572
4008,62,40,13.135079365079365,77.6595238095238
4009,62,41,13.135079365079365,77.6647619047619
4010,62,42,13.135079365079365,77.67
4011,62,43,13.135079365079365,77.6752380952381
4012,62,44,13.135079365079365,77.6804761904762
4013,62,45,13.135079365079365,77.68571428571428
4014,62,46,13.135079365079365,77.69095238095238
4015,62,47,13.135079365079365,77.69619047619048
4016,62,48,13.135079365079365,77.70142857142858
4017,62,49,13.135079365079365,77.70666666666666
4018,62,50,13.135079365079365,77.71190476190476
4019,62,51,13.135079365079365,77.71714285714286
4020,62,52,13.135079365079365,77.72238095238096
4021,62,53,13.135079365079365,77.72761904761904
4022,62,54,13.135079365079365,77.73285714285714
4023,62,55,13.135079365079365,77.73809523809524
4024,62,56,13.135079365079365,77.74333333333334
4025,62,57,13.135079365079365,77.74857142857142
4026,62,58,13.135079365079365,77.75380952380952
4027,62,59,13.135079365079365,77.75904761904762
4028,62,60,13.135079365079365,77.76428571428572
4029,62,61,13.135079365079365,77.7695238095238
4030,62,62,13.135079365079365,77.7747619047619
4031,62,63,13.135079365079365,77.78
4032,63,0,13.14,77.45
4033,63,1,13.14,77.4552380952381
4034,63,2,13.14,77.4604761904762
4035,63,3,13.14,77.46571428571428
4036,63,4,13.14,77.47095238095238
4037,63,5,13.14,77.47619047619048
4038,63,6,13.14,77.48142857142858
4039,63,7,13.14,77.48666666666666
4040,63,8,13.14,77.49190476190476
4041,63,9,13.14,77.49714285714286
4042,63,10,13.14,77.50238095238096
4043,63,11,13.14,77.50761904761904
4044,63,12,13.14,77.51285714285714
4045,63,13,13.14,77.51809523809524
4046,63,14,13.14,77.52333333333334
4047,63,15,13.14,77.52857142857142
4048,63,16,13.14,77.53380952380952
4049,63,17,13.14,77.53904761904762
4050,63,18,13.14,77.54428571428572
4051,63,19,13.14,77.5495238095238
4052,63,20,13.14,77.5547619047619
4053,63,21,13.14,77.56
4054,63,22,13.14,77.5652380952381
4055,63,23,13.14,77.5704761904762
4056,63,24,13.14,77.57571428571428
4057,63,25,13.14,77.58095238095238
4058,63,26,13.14,77.58619047619048
4059,63,27,13.14,77.59142857142858
4060,63,28,13.14,77.59666666666666
4061,63,29,13.14,77.60190476190476
4062,63,30,13.14,77.60714285714286
4063,63,31,13.14,77.61238095238096
4064,63,32,13.14,77.61761904761904
4065,63,33,13.14,77.62285714285714
4066,63,34,13.14,77.62809523809524
4067,63,35,13.14,77.63333333333334
4068,63,36,13.14,77.63857142857142
4069,63,37,13.14,77.64380952380952
4070,63,38,13.14,77.64904761904762
4071,63,39,13.14,77.65428571428572
4072,63,40,13.14,77.6595238095238
4073,63,41,13.14,77.6647619047619
4074,63,42,13.14,77.67
4075,63,43,13.14,77.6752380952381
4076,63,44,13.14,77.6804761904762
4077,63,45,13.14,77.68571428571428
4078,63,46,13.14,77.69095238095238
4079,63,47,13.14,77.69619047619048
4080,63,48,13.14,77.70142857142858
4081,63,49,13.14,77.70666666666666
4082,63,50,13.14,77.71190476190476
4083,63,51,13.14,77.71714285714286
4084,63,52,13.14,77.72238095238096
4085,63,53,13.14,77.72761904761904
4086,63,54,13.14,77.73285714285714
4087,63,55,13.14,77.73809523809524
4088,63,56,13.14,77.74333333333334
4089,63,57,13.14,77.74857142857142
4090,63,58,13.14,77.75380952380952
4091,63,59,13.14,77.75904761904762
4092,63,60,13.14,77.76428571428572
4093,63,61,13.14,77.7695238095238
4094,63,62,13.14,77.7747619047619
4095,63,63,13.14,77.78
